:020000040000fa
:020000041fc01b
:04ff3c00fffffff4d0
:020000040000fa
:020000041fc01b
:04ff4000ffffffeed2
:020000040000fa
:020000041fc01b
:04ff440039b1f9ffd7
:020000040000fa
:020000041fc01b
:04ff48003ffc6d5cb1
:020000040000fa
:020000041fc01b
:04ff4c00dbfefffedb
:020000040000fa
:020000041fc01b
:04ff5c00ffffffffa5
:020000040000fa
:020000041fc01b
:04ff7000feff01008f
:020000040000fa
:020000041fc01b
:04ffbc00fffffff450
:020000040000fa
:020000041fc01b
:04ffc000fffffffe42
:020000040000fa
:020000041fc01b
:04ffc4003ab1f1f36a
:020000040000fa
:020000041fc01b
:04ffc80039fc6d5c37
:020000040000fa
:020000041fc01b
:04ffcc00dbfefffe5b
:020000040000fa
:020000041fc01b
:04ffdc00ffffffff25
:020000040000fa
:020000041fc01b
:04fff000ffff00000f
:020000040000fa
:020000041fc01b
:100000000300001000000000f0f3060000000000f4
:100010000600f00f0000000000601a40c0045a7f84
:100020000500401300000000059d1a3c98aa5a27bd
:1000300008004003000000000a801d3cf8ffbd27b7
:1000400000801c3cf07f9c27026009402058200162
:1000500007000a248449497d02608940c0000000ed
:1000600000e0dc41ffff4a25faff401500000000d8
:1000700002608b40c0000000059d083c70ab082565
:1000800009f8000100000000059d083cd087082504
:1000900009f80001000000000080083c4800082525
:1000a0000080093cb8002925030000100000000072
:1000b000000000ad040008252b080901fcff2014f6
:1000c00000000000c0bf083cc805082509f8000171
:1000d00000000000059d083cb895082509f80001be
:1000e0000000000081bf093c00000a3ce8024a25ec
:1000f000e0072aad0000093c00002925010020117d
:100100000000000000488040ffff0a2400588a4099
:100110004000083c00600a4025500a0100608a4007
:10012000009d093c00002925c0000000017889409d
:100130000000093c0100292500000a2444492a7dc9
:1001400001608a408000093c0068894000800840c6
:100150008005097d404c0900006008405800013cc2
:100160002440010100010a3c2540480125402801a6
:1001700000608840c0000000059d083c78ab082561
:1001800009f800010000000000600840bfff013cca
:10019000ffff2134244001010060884000008430ca
:1001a0000000a530059d083c049e082508000001bc
:0401b000000000004b
:020000040000fa
:020000041fc01b
:10038000039d1a3c08bb5a270800400300000000e8
:020000040000fa
:020000041fc01b
:1004b0000080094000000a2400000b2400000d24e5
:1004c00000000e240080013c244021012500001181
:1004d00001800940000000003800013c2440210157
:1004e000c24408000f0000110000000001000825b0
:1004f0000700013c2460210102640c0001008c25ee
:100500002550800101000b2404580b0104500a01fe
:10051000c001013c24402101824508000600082555
:1005200004500a01001c2831824208000d0000110d
:10053000000000000100082580032f31c2790f0060
:100540000100ef252568e00101000e2404700e0172
:1005500004680d0100e02831424308000600082528
:1005600004680d010800e003000000000000000026
:100570000080083c2000088d1000001d2538e00395
:10058000cbff11040000000025f8e0000080013cd2
:1005900020002aac0080013c2c002dac0080013ce6
:1005a00024002bac0080013c30002eac0080013ccc
:1005b00028002cac0080013c34002fac0800e00384
:1005c000000000000000000000800840070009242f
:1005d00024482801020029390400201100000000ed
:1005e0000800e00300000000000000002518e00300
:1005f000afff11040000000000600840feff092466
:10060000244828010400293500608940c00000000a
:1006100000d0804000e08040c0000000009d043c0d
:100620000000842401008014009d043c040040115b
:1006300021288a0021208b00feff8514fcff88bc46
:100640000080043c00008424010080140080043ced
:100650000400a01121288d0021208e00feff8514aa
:10066000fcff89bc0f0000000080013c20002aac88
:100670000080013c2c002dac0080013c24002bac00
:100680000080013c30002eac0080013c28002cace6
:100690000080013c34002fac00608840c0000000a6
:1006a0000080094007002935070029390300293552
:1006b00000808940c000000025f860000800e003c9
:0806c000000000000000000032
:020000040000fa
:020000041d00dd
:10000000059d1a3cb0805a270800400300000000fc
:020000040000fa
:020000041d00dd
:10010000049d1a3cd87f5a270800400300000000d5
:020000040000fa
:020000041d00dd
:10018000049d1a3cfc7e5a27080040030000000032
:020000040000fa
:020000041d00dd
:10020000050f410b00000000050f410b000000002e
:10021000050f410b00000000050f410b000000001e
:100220004bc0400b000000004bc0400b0000000022
:100230004bc0400b000000004bc0400b0000000012
:100240001457400b000000007257400b00000000e4
:10025000d557400b0000000032ae400b00000000fc
:1002600032ae400b0000000032ae400b0000000038
:1002700032ae400b0000000032ae400b0000000028
:1002800032ae400b0000000032ae400b0000000018
:100290004aba400b00000000a7ba400b0000000063
:1002a000c770400b00000000c770400b000000004a
:1002b000c770400b000000003271400b00000000ce
:1002c0003271400b000000003271400b0000000052
:1002d00085a1400b0000000085a1400b000000003c
:1002e00085a1400b00000000bcff400b0000000097
:1002f000bcff400b00000000bcff400b00000000f2
:100300005970400b000000005970400b00000000c5
:100310005970400b00000000eb6f400b0000000024
:10032000eb6f400b00000000eb6f400b0000000083
:100330000000023c00004224070040100000023c84
:100340000000422405004050059d023c3f00007023
:100350000800e00300000000059d023c6ca0422460
:10036000030040100000000009f8400000000000f9
:080370000800e003000000009a
:020000040000fa
:020000041d00dd
:100378005818039dc41a039d481b039dd41b039d55
:10038800a81c039d6c1d039d8820039dd824039df4
:100398006c25039d2826039df826039dbc27039df5
:1003a800f828039ddc29039d4432039dfc33039dfb
:020000040000fa
:020000041fc01b
:1006c800000000d01f00c0001f00c400000000d2be
:1006d8001f00c8001f00cc00000000f01700c00079
:1006e8001700c400000000f21700c8001700cc0073
:1006f800000000c01f0080001f008400000000c22e
:100708001f0088001f008c00000000e01700800018
:1007180017008400000000e21700880017008c0012
:020000040000fa
:020000041fc01b
:1004800000f89b40c0000000059d1b3c6ca07b2732
:10049000020060130000000000c09b4000f81b40f9
:0c04a000c00000001f000042000000002f
:020000040000fa
:020000041d00dd
:1003b800f8ffbd270400beaf25f0a00381bf033cb2
:1003c8000000628c010004240463827c000062ac9b
:1003d80081bf023c5476033c10326334100043acb6
:1003e80081bf023c0000428c0003427cff00423087
:1003f80025e8c0030400be8f0800bd270800e003fd
:1004080000000000f8ffbd270400bfaf0000beaf2a
:1004180025f0a003206062410000000025e8c00329
:100428000400bf8f0000be8f0800bd270800e0034e
:1004380000000000f8ffbd270400bfaf0000beaffa
:1004480025f0a00300606241c00000000000000029
:100458000000000025e8c0030400bf8f0000be8f25
:100468000800bd270800e00300000000f8ffbd27d2
:100478000400bfaf0000beaf25f0a003006003403a
:1004880082120300c418627c0f004230ff00423021
:1004980025e8c0030400bf8f0000be8f0800bd27f9
:1004a8000800e00300000000f8ffbd270400bfaf0c
:1004b8000000beaf25f0a003251080000800c2a3ed
:1004c8000800c39300606041c00000000060024063
:1004d8008462627cc21803000400627c006082406f
:1004e800c00000000000000025e8c0030400bf8f22
:1004f8000000be8f0800bd270800e00300000000d0
:10050800f8ffbd270400beaf25f0a0030800c4af64
:100518002510a0000c00c2a30800c28fd800422cee
:1005280043084010000000000800c28f8018020035
:10053800009d023c50054224211062000000428cbc
:100548000800400000000000b008009dd408009d8d
:10055800f808009d1c09009d4009009d6409009d44
:100568008809009dac09009dd009009df409009df3
:10057800180a009d3c0a009d600a009d840a009d9f
:10058800a80a009dcc0a009df00a009d140b009d4e
:10059800380b009d5c0b009d800b009da40b009dfb
:1005a800c80b009dec0b009d100c009d340c009da9
:1005b800580c009d7c0c009da00c009dc40c009d57
:1005c800e80c009d0c0d009d300d009d540d009d04
:1005d800780d009d9c0d009dc00d009de40d009db3
:1005e800080e009d2c0e009d500e009d740e009d5f
:1005f800980e009dbc0e009de00e009d040f009d0e
:10060800280f009d4c0f009d700f009d940f009dba
:10061800b80f009ddc0f009d0010009d2410009d68
:100628004810009d6c10009d9010009db410009d16
:10063800d810009dfc10009d2011009d4411009dc4
:100648006811009d8c11009db011009dd411009d72
:10065800f811009d1c12009d4012009d6412009d1f
:100668008812009dac12009dd012009df412009dce
:100678001813009d3c13009d6013009d8413009d7a
:10068800a813009dcc13009df013009d1414009d29
:100698003814009d5c14009d8014009da414009dd6
:1006a800c814009dec14009d1015009d3415009d84
:1006b8005815009d7c15009da015009dc415009d32
:1006c800e815009d0c16009d3016009d5416009ddf
:1006d8007816009d9c16009dc016009de416009d8e
:1006e8000817009d2c17009d5017009d7417009d3a
:1006f8009817009d3826009d3826009dbc17009d40
:10070800e017009d0418009d2818009d4c18009db6
:100718007018009d9418009db818009ddc18009d65
:100728000019009d2419009d4819009d6c19009d11
:100738009019009db419009dd819009dfc19009dc1
:10074800201a009d441a009d681a009d8c1a009d6d
:10075800b01a009dd41a009df81a009d1c1b009d1c
:10076800401b009d641b009d881b009dac1b009dc9
:10077800d01b009df41b009d181c009d3c1c009d77
:10078800601c009d841c009da81c009dcc1c009d25
:10079800f01c009d141d009d381d009d5c1d009dd2
:1007a800801d009da41d009dc81d009dec1d009d81
:1007b800101e009d341e009d581e009d7c1e009d2d
:1007c800a01e009dc41e009de81e009d0c1f009ddc
:1007d800301f009d541f009d781f009d9c1f009d89
:1007e800c01f009de41f009d0820009d2c20009d37
:1007f8005020009d7420009d9820009dbc20009de5
:10080800e020009d0421009d2821009d4c21009d91
:100818007021009d9421009db821009ddc21009d40
:100828000022009d2422009d4822009d6c22009dec
:100838009022009db422009dd822009dfc22009d9c
:100848002023009d4423009d6823009d8c23009d48
:100858003826009db023009dd423009df823009dd9
:100868001c24009d4024009d6424009d8824009d34
:10087800ac24009dd024009d3826009df424009dc2
:100888001825009d3c25009d6025009d8425009d20
:10089800a825009dcc25009d3826009d3826009d62
:1008a800f025009d1426009d0c00c29301004230e3
:1008b800ff00443081bf033cc000628c0400827c8e
:1008c800c00062ac5b070010000000000c00c2937f
:1008d80001004230ff00443081bf033cc000628cfd
:1008e8004408827cc00062ac52070010000000007f
:1008f8000c00c29301004230ff00443081bf033c2a
:10090800c000628c8410827cc00062ac4907001071
:10091800000000000c00c29301004230ff00443088
:1009280081bf033cc000628cc418827cc00062acea
:1009380040070010000000000c00c2930100423084
:10094800ff00443081bf033cc000628c0421827cdc
:10095800c00062ac37070010000000000c00c29312
:1009680001004230ff00443081bf033cc000628c6c
:100978004429827cc00062ac2e07001000000000f1
:100988000c00c29301004230ff00443081bf033c99
:10099800c000628c8431827cc00062ac25070010e4
:1009a800000000000c00c29301004230ff004430f8
:1009b80081bf033cc000628cc439827cc00062ac39
:1009c8001c070010000000000c00c2930100423018
:1009d800ff00443081bf033cc000628c0442827c2b
:1009e800c00062ac13070010000000000c00c293a6
:1009f80001004230ff00443081bf033cc000628cdc
:100a0800444a827cc00062ac0a0700100000000063
:100a18000c00c29301004230ff00443081bf033c08
:100a2800c000628c8452827cc00062ac0107001056
:100a3800000000000c00c29301004230ff00443067
:100a480081bf033cc000628cc45a827cc00062ac87
:100a5800f8060010000000000c00c29301004230ac
:100a6800ff00443081bf033cc000628c0463827c79
:100a7800c00062acef060010000000000c00c2933a
:100a880001004230ff00443081bf033cc000628c4b
:100a9800446b827cc00062ace606001000000000d7
:100aa8000c00c29301004230ff00443081bf033c78
:100ab800c000628c8473827cc00062acdd060010ca
:100ac800000000000c00c29301004230ff004430d7
:100ad80081bf033cc000628cc47b827cc00062acd6
:100ae800d4060010000000000c00c2930100423040
:100af800ff00443081bf033cc000628c0484827cc8
:100b0800c00062accb060010000000000c00c293cd
:100b180001004230ff00443081bf033cc000628cba
:100b2800448c827cc00062acc20600100000000049
:100b38000c00c29301004230ff00443081bf033ce7
:100b4800c000628c8494827cc00062acb90600103c
:100b5800000000000c00c29301004230ff00443046
:100b680081bf033cc000628cc49c827cc00062ac24
:100b7800b0060010000000000c00c29301004230d3
:100b8800ff00443081bf033cc000628c04a5827c16
:100b9800c00062aca7060010000000000c00c29361
:100ba80001004230ff00443081bf033cc000628c2a
:100bb80044ad827cc00062ac9e06001000000000bc
:100bc8000c00c29301004230ff00443081bf033c57
:100bd800c000628c84b5827cc00062ac95060010af
:100be800000000000c00c29301004230ff004430b6
:100bf80081bf033cc000628cc4bd827cc00062ac73
:100c08008c060010000000000c00c2930100423066
:100c1800ff00443081bf033cc000628c04c6827c64
:100c2800c00062ac83060010000000000c00c293f4
:100c380001004230ff00443081bf033cc000628c99
:100c480044ce827cc00062ac7a060010000000002e
:100c58000c00c29301004230ff00443081bf033cc6
:100c6800c000628c84d6827cc00062ac7106001021
:100c7800000000000c00c29301004230ff00443025
:100c880081bf033cc000628cc4de827cc00062acc1
:100c980068060010000000000c00c29301004230fa
:100ca800ff00443081bf033cc000628c04e7827cb3
:100cb800c00062ac5f060010000000000c00c29388
:100cc80001004230ff00443081bf033cc000628c09
:100cd80044ef827cc00062ac5606001000000000a1
:100ce8000c00c29301004230ff00443081bf033c36
:100cf800c000628c84f7827cc00062ac4d06001094
:100d0800000000000c00c29301004230ff00443094
:100d180081bf033cc000628cc4ff827cc00062ac0f
:100d280044060010000000000c00c293010042308d
:100d3800ff00443081bf033cd000628c0400827cf9
:100d4800d00062ac3b060010000000000c00c2930b
:100d580001004230ff00443081bf033cd000628c68
:100d68004408827cd00062ac32060010000000000b
:100d78000c00c29301004230ff00443081bf033ca5
:100d8800d000628c8410827cd00062ac29060010ee
:100d9800000000000c00c29301004230ff00443004
:100da80081bf033cd000628cc418827cd00062ac46
:100db80020060010000000000c00c2930100423021
:100dc800ff00443081bf033cd000628c0421827c48
:100dd800d00062ac17060010000000000c00c2939f
:100de80001004230ff00443081bf033cd000628cd8
:100df8004429827cd00062ac0e060010000000007e
:100e08000c00c29301004230ff00443081bf033c14
:100e1800d000628c8431827cd00062ac0506001060
:100e2800000000000c00c29301004230ff00443073
:100e380081bf033cd000628cc439827cd00062ac94
:100e4800fc050010000000000c00c29301004230b5
:100e5800ff00443081bf033cd000628c0442827c96
:100e6800d00062acf3050010000000000c00c29333
:100e780001004230ff00443081bf033cd000628c47
:100e8800444a827cd00062acea05001000000000f1
:100e98000c00c29301004230ff00443081bf033c84
:100ea800d000628c8452827cd00062ace1050010d4
:100eb800000000000c00c29301004230ff004430e3
:100ec80081bf033cd000628cc45a827cd00062ace3
:100ed800d8050010000000000c00c2930100423049
:100ee800ff00443081bf033cd000628c0463827ce5
:100ef800d00062accf050010000000000c00c293c7
:100f080001004230ff00443081bf033cd000628cb6
:100f1800446b827cd00062acc60500100000000063
:100f28000c00c29301004230ff00443081bf033cf3
:100f3800d000628c8473827cd00062acbd05001046
:100f4800000000000c00c29301004230ff00443052
:100f580081bf033cd000628cc47b827cd00062ac31
:100f6800b4050010000000000c00c29301004230dc
:100f7800ff00443081bf033cd000628c0484827c33
:100f8800d00062acab050010000000000c00c2935a
:100f980001004230ff00443081bf033cd000628c26
:100fa800448c827cd00062aca205001000000000d6
:100fb8000c00c29301004230ff00443081bf033c63
:100fc800d000628c8494827cd00062ac99050010b9
:100fd800000000000c00c29301004230ff004430c2
:100fe80081bf033cd000628cc49c827cd00062ac80
:100ff80090050010000000000c00c2930100423070
:10100800ff00443081bf033cd000628c04a5827c81
:10101800d00062ac87050010000000000c00c293ed
:1010280001004230ff00443081bf033cd000628c95
:1010380044ad827cd00062ac7e0500100000000048
:101048000c00c29301004230ff00443081bf033cd2
:10105800d000628c84b5827cd00062ac750500102b
:10106800000000000c00c29301004230ff00443031
:1010780081bf033cd000628cc4bd827cd00062acce
:101088006c050010000000000c00c2930100423003
:10109800ff00443081bf033cd000628c04c6827cd0
:1010a800d00062ac63050010000000000c00c29381
:1010b80001004230ff00443081bf033cd000628c05
:1010c80044ce827cd00062ac5a05001000000000bb
:1010d8000c00c29301004230ff00443081bf033c42
:1010e800d000628c84d6827cd00062ac510500109e
:1010f800000000000c00c29301004230ff004430a1
:1011080081bf033cd000628cc4de827cd00062ac1c
:1011180048050010000000000c00c2930100423096
:10112800ff00443081bf033cd000628c04e7827c1e
:10113800d00062ac3f050010000000000c00c29314
:1011480001004230ff00443081bf033cd000628c74
:1011580044ef827cd00062ac36050010000000002d
:101168000c00c29301004230ff00443081bf033cb1
:10117800d000628c84f7827cd00062ac2d05001010
:10118800000000000c00c29301004230ff00443010
:1011980081bf033cd000628cc4ff827cd00062ac6b
:1011a80024050010000000000c00c293010042302a
:1011b800ff00443081bf033ce000628c0400827c65
:1011c800e00062ac1b050010000000000c00c29398
:1011d80001004230ff00443081bf033ce000628cd4
:1011e8004408827ce00062ac120500100000000098
:1011f8000c00c29301004230ff00443081bf033c21
:10120800e000628c8410827ce00062ac090500106a
:10121800000000000c00c29301004230ff0044307f
:1012280081bf033ce000628cc418827ce00062aca1
:1012380000050010000000000c00c29301004230bd
:10124800ff00443081bf033ce000628c0421827cb3
:10125800e00062acf7040010000000000c00c2932c
:1012680001004230ff00443081bf033ce000628c43
:101278004429827ce00062acee040010000000000b
:101288000c00c29301004230ff00443081bf033c90
:10129800e000628c8431827ce00062ace5040010de
:1012a800000000000c00c29301004230ff004430ef
:1012b80081bf033ce000628cc439827ce00062acf0
:1012c800dc040010000000000c00c2930100423052
:1012d800ff00443081bf033ce000628c0442827c02
:1012e800e00062acd3040010000000000c00c293c0
:1012f80001004230ff00443081bf033ce000628cb3
:10130800444a827ce00062acca040010000000007d
:101318000c00c29301004230ff00443081bf033cff
:10132800e000628c8452827ce00062acc104001050
:10133800000000000c00c29301004230ff0044305e
:1013480081bf033ce000628cc45a827ce00062ac3e
:10135800b8040010000000000c00c29301004230e5
:10136800ff00443081bf033ce000628c0463827c50
:10137800e00062acaf040010000000000c00c29353
:1013880001004230ff00443081bf033ce000628c22
:10139800446b827ce00062aca604001000000000f0
:1013a8000c00c29301004230ff00443081bf033c6f
:1013b800e000628c8473827ce00062ac9d040010c3
:1013c800000000000c00c29301004230ff004430ce
:1013d80081bf033ce000628cc47b827ce00062ac8d
:1013e80094040010000000000c00c2930100423079
:1013f800ff00443081bf033ce000628c0484827c9f
:10140800e00062ac8b040010000000000c00c293e6
:1014180001004230ff00443081bf033ce000628c91
:10142800448c827ce00062ac820400100000000062
:101438000c00c29301004230ff00443081bf033cde
:10144800e000628c8494827ce00062ac7904001035
:10145800000000000c00c29301004230ff0044303d
:1014680081bf033ce000628cc49c827ce00062acdb
:1014780070040010000000000c00c293010042300c
:10148800ff00443081bf033ce000628c04a5827ced
:10149800e00062ac67040010000000000c00c2937a
:1014a80001004230ff00443081bf033ce000628c01
:1014b80044ad827ce00062ac5e04001000000000d5
:1014c8000c00c29301004230ff00443081bf033c4e
:1014d800e000628c84b5827ce00062ac55040010a8
:1014e800000000000c00c29301004230ff004430ad
:1014f80081bf033ce000628cc4bd827ce00062ac2a
:101508004c040010000000000c00c293010042309f
:10151800ff00443081bf033ce000628c04c6827c3b
:10152800e00062ac43040010000000000c00c2930d
:1015380001004230ff00443081bf033ce000628c70
:1015480044ce827ce00062ac3a0400100000000047
:101558000c00c29301004230ff00443081bf033cbd
:10156800e000628c84d6827ce00062ac310400101a
:10157800000000000c00c29301004230ff0044301c
:1015880081bf033ce000628cc4de827ce00062ac78
:1015980028040010000000000c00c2930100423033
:1015a800ff00443081bf033ce000628c04e7827c8a
:1015b800e00062ac1f040010000000000c00c293a1
:1015c80001004230ff00443081bf033ce000628ce0
:1015d80044ef827ce00062ac1604001000000000ba
:1015e8000c00c29301004230ff00443081bf033c2d
:1015f800e000628c84f7827ce00062ac0d0400108d
:10160800000000000c00c29301004230ff0044308b
:1016180081bf033ce000628cc4ff827ce00062acc6
:1016280004040010000000000c00c29301004230c6
:10163800ff00443081bf033cf000628c0400827cd0
:10164800f00062acfb030010000000000c00c29325
:1016580001004230ff00443081bf033cf000628c3f
:101668004408827cf00062acf20300100000000025
:101678000c00c29301004230ff00443081bf033c9c
:10168800f000628c8410827cf00062ace9030010e8
:10169800000000000c00c29301004230ff004430fb
:1016a80081bf033cf000628cc418827cf00062acfd
:1016b800e0030010000000000c00c293010042305b
:1016c800ff00443081bf033cf000628c0421827c1f
:1016d800f00062acd7030010000000000c00c293b9
:1016e80001004230ff00443081bf033cf000628caf
:1016f8004429827cf00062acce0300100000000098
:101708000c00c29301004230ff00443081bf033c0b
:10171800f000628c8431827cf00062acc50300105a
:10172800000000000c00c29301004230ff0044306a
:1017380081bf033cf000628cc439827cf00062ac4b
:10174800bc030010000000000c00c29301004230ee
:10175800ff00443081bf033cf000628c0442827c6d
:10176800f00062acb3030010000000000c00c2934c
:1017780001004230ff00443081bf033cf000628c1e
:10178800444a827cf00062acaa030010000000000a
:101798000c00c29301004230ff00443081bf033c7b
:1017a800f000628c8452827cf00062aca1030010cd
:1017b800000000000c00c29301004230ff004430da
:1017c80081bf033cf000628c446b827cf00062ac09
:1017d80098030010000000000c00c2930100423082
:1017e800ff00443081bf033cf000628c8473827c2c
:1017f800f00062ac8f030010000000000c00c293e0
:1018080001004230ff00443081bf033cf000628c8d
:10181800c47b827cf00062ac8603001000000000ec
:101828000c00c29301004230ff00443081bf033cea
:10183800f000628c0484827cf00062ac7d030010ae
:10184800000000000c00c29301004230ff00443049
:1018580081bf033cf000628c448c827cf00062ac57
:1018680074030010000000000c00c2930100423015
:10187800ff00443081bf033cf000628c8494827c7a
:10188800f00062ac6b030010000000000c00c29373
:1018980001004230ff00443081bf033cf000628cfd
:1018a800c49c827cf00062ac62030010000000005f
:1018b8000c00c29301004230ff00443081bf033c5a
:1018c800f000628c04a5827cf00062ac5903001021
:1018d800000000000c00c29301004230ff004430b9
:1018e80081bf033cf000628c44ad827cf00062aca6
:1018f80050030010000000000c00c29301004230a9
:10190800ff00443081bf033cf000628c84b5827cc8
:10191800f00062ac47030010000000000c00c29306
:1019280001004230ff00443081bf033cf000628c6c
:10193800c4bd827cf00062ac3e03001000000000d1
:101948000c00c29301004230ff00443081bf033cc9
:10195800f000628c04c6827cf00062ac3503001093
:10196800000000000c00c29301004230ff00443028
:1019780081bf033cf000628c44ce827cf00062acf4
:101988002c030010000000000c00c293010042303c
:10199800ff00443081bf033cf000628c84d6827c17
:1019a800f00062ac23030010000000000c00c2939a
:1019b80001004230ff00443081bf033cf000628cdc
:1019c800c4de827cf00062ac1a0300100000000044
:1019d8000c00c29301004230ff00443081bf033c39
:1019e800f000628c04e7827cf00062ac1103001006
:1019f800000000000c00c29301004230ff00443098
:101a080081bf033cf000628c44ef827cf00062ac42
:101a180008030010000000000c00c29301004230cf
:101a2800ff00443081bf033cf000628c84f7827c65
:101a3800f00062acff020010000000000c00c2932e
:101a480001004230ff00443081bf033cf000628c4b
:101a5800c4ff827cf00062acf602001000000000b7
:101a68000c00c29301004230ff00443081bf033ca8
:101a78000001628c0400827c000162aced0200105f
:101a8800000000000c00c29301004230ff00443007
:101a980081bf033c0001628c4408827c000162ac77
:101aa800e4020010000000000c00c2930100423064
:101ab800ff00443081bf033c0001628c8410827cab
:101ac800000162acdb020010000000000c00c293b1
:101ad80001004230ff00443081bf033c0001628caa
:101ae800c418827c000162acd20200100000000021
:101af8000c00c29301004230ff00443081bf033c18
:101b08000001628c0421827c000162acc9020010d1
:101b1800000000000c00c29301004230ff00443076
:101b280081bf033c0001628c4429827c000162acc5
:101b3800c0020010000000000c00c29301004230f7
:101b4800ff00443081bf033c0001628c8431827cf9
:101b5800000162acb7020010000000000c00c29344
:101b680001004230ff00443081bf033c0001628c19
:101b7800c439827c000162acae0200100000000093
:101b88000c00c29301004230ff00443081bf033c87
:101b98000001628c0442827c000162aca502001044
:101ba800000000000c00c29301004230ff004430e6
:101bb80081bf033c0001628c444a827c000162ac14
:101bc8009c020010000000000c00c293010042308b
:101bd800ff00443081bf033c0001628c8452827c48
:101be800000162ac93020010000000000c00c293d8
:101bf80001004230ff00443081bf033c0001628c89
:101c0800c45a827c000162ac8a0200100000000005
:101c18000c00c29301004230ff00443081bf033cf6
:101c28000001628c0463827c000162ac81020010b6
:101c3800000000000c00c29301004230ff00443055
:101c480081bf033c0001628c446b827c000162ac62
:101c580078020010000000000c00c293010042301e
:101c6800ff00443081bf033c0001628c8473827c96
:101c7800000162ac6f020010000000000c00c2936b
:101c880001004230ff00443081bf033c0001628cf8
:101c9800c47b827c000162ac660200100000000078
:101ca8000c00c29301004230ff00443081bf033c66
:101cb8000001628c0484827c000162ac5d02001029
:101cc800000000000c00c29301004230ff004430c5
:101cd80081bf033c0001628c448c827c000162acb1
:101ce80054020010000000000c00c29301004230b2
:101cf800ff00443081bf033c0001628c8494827ce5
:101d0800000162ac4b020010000000000c00c293fe
:101d180001004230ff00443081bf033c0001628c67
:101d2800c49c827c000162ac4202001000000000ea
:101d38000c00c29301004230ff00443081bf033cd5
:101d48000001628c04a5827c000162ac390200109b
:101d5800000000000c00c29301004230ff00443034
:101d680081bf033c0001628c44ad827c000162acff
:101d780030020010000000000c00c2930100423045
:101d8800ff00443081bf033c0001628c84b5827c33
:101d9800000162ac27020010000000000c00c29392
:101da80001004230ff00443081bf033c0001628cd7
:101db800c4bd827c000162ac1e020010000000005d
:101dc8000c00c29301004230ff00443081bf033c45
:101dd8000001628c04c6827c000162ac150200100e
:101de800000000000c00c29301004230ff004430a4
:101df80081bf033c0001628c44ce827c000162ac4e
:101e08000c020010000000000c00c29301004230d8
:101e1800ff00443081bf033c0001628c84d6827c81
:101e2800000162ac03020010000000000c00c29325
:101e380001004230ff00443081bf033c0001628c46
:101e4800c4de827c000162acfa01001000000000d0
:101e58000c00c29301004230ff00443081bf033cb4
:101e68000001628c04e7827c000162acf101001081
:101e7800000000000c00c29301004230ff00443013
:101e880081bf033c0001628c44ef827c000162ac9c
:101e9800e8010010000000000c00c293010042306d
:101ea800ff00443081bf033c0001628c84f7827cd0
:101eb800000162acdf010010000000000c00c293ba
:101ec80001004230ff00443081bf033c0001628cb6
:101ed800c4ff827c000162acd60100100000000043
:101ee8000c00c29301004230ff00443081bf033c24
:101ef8001001628c0400827c100162accd010010dc
:101f0800000000000c00c29301004230ff00443082
:101f180081bf033c1001628c4408827c100162acd2
:101f2800c4010010000000000c00c2930100423000
:101f3800ff00443081bf033c1001628c8410827c16
:101f4800100162acbb010010000000000c00c2933d
:101f580001004230ff00443081bf033c1001628c15
:101f6800c418827c100162acb201001000000000ad
:101f78000c00c29301004230ff00443081bf033c93
:101f88001001628c0421827c100162aca90100104e
:101f9800000000000c00c29301004230ff004430f2
:101fa80081bf033c1001628c4429827c100162ac21
:101fb800a0010010000000000c00c2930100423094
:101fc800ff00443081bf033c1001628c8431827c65
:101fd800100162ac97010010000000000c00c293d1
:101fe80001004230ff00443081bf033c1001628c85
:101ff800c439827c100162ac8e0100100000000020
:102008000c00c29301004230ff00443081bf033c02
:102018001001628c0442827c100162ac85010010c0
:10202800000000000c00c29301004230ff00443061
:1020380081bf033c1001628c444a827c100162ac6f
:102048007c010010000000000c00c2930100423027
:10205800ff00443081bf033c1001628c8452827cb3
:10206800100162ac73010010000000000c00c29364
:1020780001004230ff00443081bf033c1001628cf4
:10208800c45a827c100162ac6a0100100000000092
:102098000c00c29301004230ff00443081bf033c72
:1020a8001001628c0463827c100162ac6101001033
:1020b800000000000c00c29301004230ff004430d1
:1020c80081bf033c1001628c446b827c100162acbe
:1020d80058010010000000000c00c29301004230bb
:1020e800ff00443081bf033c1001628c8473827c02
:1020f800100162ac4f010010000000000c00c293f8
:1021080001004230ff00443081bf033c1001628c63
:10211800c47b827c100162ac460100100000000004
:102128000c00c29301004230ff00443081bf033ce1
:102138001001628c0484827c100162ac3d010010a5
:10214800000000000c00c29301004230ff00443040
:1021580081bf033c1001628c448c827c100162ac0c
:1021680034010010000000000c00c293010042304e
:10217800ff00443081bf033c1001628c8494827c50
:10218800100162ac2b010010000000000c00c2938b
:1021980001004230ff00443081bf033c1001628cd3
:1021a800c49c827c100162ac220100100000000077
:1021b8000c00c29301004230ff00443081bf033c51
:1021c8001001628c04a5827c100162ac1901001018
:1021d800000000000c00c29301004230ff004430b0
:1021e80081bf033c1001628c44ad827c100162ac5b
:1021f80010010010000000000c00c29301004230e2
:10220800ff00443081bf033c1001628c84b5827c9e
:10221800100162ac07010010000000000c00c2931e
:1022280001004230ff00443081bf033c1001628c42
:10223800c4bd827c100162acfe00001000000000ea
:102248000c00c29301004230ff00443081bf033cc0
:102258001001628c04c6827c100162acf50000108b
:10226800000000000c00c29301004230ff0044301f
:1022780081bf033c1001628c44ce827c100162aca9
:10228800ec000010000000000c00c2930100423076
:10229800ff00443081bf033c1001628c84d6827ced
:1022a800100162ace3000010000000000c00c293b3
:1022b80001004230ff00443081bf033c1001628cb2
:1022c800c4de827c100162acda000010000000005d
:1022d8000c00c29301004230ff00443081bf033c30
:1022e8001001628c04e7827c100162acd1000010fe
:1022f800000000000c00c29301004230ff0044308f
:1023080081bf033c1001628c44ef827c100162acf7
:10231800c8000010000000000c00c2930100423009
:10232800ff00443081bf033c1001628c84f7827c3b
:10233800100162acbf000010000000000c00c29346
:1023480001004230ff00443081bf033c1001628c21
:10235800c4ff827c100162acb600001000000000cf
:102368000c00c29301004230ff00443081bf033c9f
:102378002001628c0400827c200162acad00001058
:10238800000000000c00c29301004230ff004430fe
:1023980081bf033c2001628c4408827c200162ac2e
:1023a800a4000010000000000c00c293010042309d
:1023b800ff00443081bf033c2001628cc418827c3a
:1023c800200162ac9b000010000000000c00c293ca
:1023d80001004230ff00443081bf033c2001628c81
:1023e8000421827c200162ac9200001000000000f1
:1023f8000c00c29301004230ff00443081bf033c0f
:102408002001628c4429827c200162ac8900001082
:10241800000000000c00c29301004230ff0044306d
:1024280081bf033c2001628c8431827c200162ac34
:1024380080000010000000000c00c2930100423030
:10244800ff00443081bf033c2001628cc439827c88
:10245800200162ac77000010000000000c00c2935d
:1024680001004230ff00443081bf033c2001628cf0
:102478000442827c200162ac6e0000100000000063
:102488000c00c29301004230ff00443081bf033c7e
:102498002001628c444a827c200162ac65000010f5
:1024a800000000000c00c29301004230ff004430dd
:1024b80081bf033c2001628c8452827c200162ac83
:1024c8005c000010000000000c00c29301004230c4
:1024d800ff00443081bf033c2001628cc45a827cd7
:1024e800200162ac53000010000000000c00c293f1
:1024f80001004230ff00443081bf033c2001628c60
:10250800446b827c200162ac4a000010000000008d
:102518000c00c29301004230ff00443081bf033ced
:102528002001628c8473827c200162ac410000101f
:10253800000000000c00c29301004230ff0044304c
:1025480081bf033c2001628cc47b827c200162ac89
:1025580038000010000000000c00c2930100423057
:10256800ff00443081bf033c2001628c0484827cdc
:10257800200162ac2f000010000000000c00c29384
:1025880001004230ff00443081bf033c2001628ccf
:10259800448c827c200162ac260000100000000000
:1025a8000c00c29301004230ff00443081bf033c5d
:1025b8002001628c8494827c200162ac1d00001092
:1025c800000000000c00c29301004230ff004430bc
:1025d80081bf033c2001628cc49c827c200162acd8
:1025e80014000010000000000c00c29301004230eb
:1025f800ff00443081bf033c2001628c84b5827c9b
:10260800200162ac0b000010000000000c00c29317
:1026180001004230ff00443081bf033c2001628c3e
:10262800c4bd827c200162ac0200001000000000e2
:10263800000000000000000025e8c0030400be8f71
:102648000800bd270800e00300000000f8ffbd27d0
:102658000400beaf25f0a0030800c4af0800c28f75
:10266800d800422ccd054010000000000800c28fa1
:1026780080180200009d023c94264224211062002a
:102688000000428c0800400000000000f429009d72
:102698000c2a009d242a009d3c2a009d542a009d56
:1026a8006c2a009d842a009d9c2a009db42a009dc6
:1026b800cc2a009de42a009dfc2a009d142b009d35
:1026c8002c2b009d442b009d5c2b009d742b009da2
:1026d8008c2b009da42b009dbc2b009dd42b009d12
:1026e800ec2b009d042c009d1c2c009d342c009d7f
:1026f8004c2c009d642c009d7c2c009d942c009dee
:10270800ac2c009dc42c009ddc2c009df42c009d5d
:102718000c2d009d242d009d3c2d009d542d009dc9
:102728006c2d009d842d009d9c2d009db42d009d39
:10273800cc2d009de42d009dfc2d009d142e009da8
:102748002c2e009d442e009d5c2e009d742e009d15
:102758008c2e009da42e009dbc2e009dd42e009d85
:10276800ec2e009d042f009d1c2f009d342f009df2
:102778004c2f009d642f009d7c2f009d942f009d61
:10278800ac2f009dc42f009ddc2f009df42f009dd1
:102798000c30009d2430009d3c30009d5430009d3d
:1027a8006c30009d8430009d9c30009db430009dad
:1027b800cc30009de430009dfc30009d1431009d1c
:1027c8002c31009d4431009d5c31009d7431009d89
:1027d8008c31009da431009dbc31009dd431009df9
:1027e800ec31009d0432009d1c32009d3432009d66
:1027f8004c32009d6432009d7c32009d9432009dd5
:10280800ac32009dc432009ddc32009df432009d44
:102818000c33009d2433009d3c33009d5433009db0
:102828006c33009d8433009d9c33009db433009d20
:10283800cc33009de433009da43d009da43d009d44
:10284800fc33009d1434009d2c34009d4434009dbd
:102858005c34009d7434009d8c34009da434009d2c
:10286800bc34009dd434009dec34009d0435009d9b
:102878001c35009d3435009d4c35009d6435009d08
:102888007c35009d9435009dac35009dc435009d78
:10289800dc35009df435009d0c36009d2436009de6
:1028a8003c36009d5436009d6c36009d8436009d54
:1028b8009c36009db436009dcc36009de436009dc4
:1028c800fc36009d1437009d2c37009d4437009d31
:1028d8005c37009d7437009d8c37009da437009da0
:1028e800bc37009dd437009dec37009d0438009d0f
:1028f8001c38009d3438009d4c38009d6438009d7c
:102908007c38009d9438009dac38009dc438009deb
:10291800dc38009df438009d0c39009d2439009d59
:102928003c39009d5439009d6c39009d8439009dc7
:102938009c39009db439009dcc39009de439009d37
:10294800fc39009d143a009d2c3a009d443a009da4
:102958005c3a009d743a009d8c3a009da43a009d13
:10296800bc3a009dd43a009dec3a009d043b009d82
:102978001c3b009d343b009d4c3b009d643b009def
:102988007c3b009d943b009dac3b009dc43b009d5f
:10299800dc3b009da43d009df43b009d0c3c009d4c
:1029a800243c009d3c3c009d543c009d6c3c009d9b
:1029b800843c009d9c3c009db43c009da43d009d32
:1029c800cc3c009de43c009dfc3c009d143d009dda
:1029d8002c3d009d443d009d5c3d009da43d009d17
:1029e800a43d009d743d009d8c3d009d81bf023c2f
:1029f800c000428c0000427cff004230e804001016
:102a08000000000081bf023cc000428c4000427cb4
:102a1800ff004230e20400100000000081bf023cc9
:102a2800c000428c8000427cff004230dc04001071
:102a38000000000081bf023cc000428cc000427c04
:102a4800ff004230d60400100000000081bf023ca5
:102a5800c000428c0001427cff004230d0040010cc
:102a68000000000081bf023cc000428c4001427c53
:102a7800ff004230ca0400100000000081bf023c81
:102a8800c000428c8001427cff004230c404001028
:102a98000000000081bf023cc000428cc001427ca3
:102aa800ff004230be0400100000000081bf023c5d
:102ab800c000428c0002427cff004230b804001083
:102ac8000000000081bf023cc000428c4002427cf2
:102ad800ff004230b20400100000000081bf023c39
:102ae800c000428c8002427cff004230ac040010df
:102af8000000000081bf023cc000428cc002427c42
:102b0800ff004230a60400100000000081bf023c14
:102b1800c000428c0003427cff004230a004001039
:102b28000000000081bf023cc000428c4003427c90
:102b3800ff0042309a0400100000000081bf023cf0
:102b4800c000428c8003427cff0042309404001095
:102b58000000000081bf023cc000428cc003427ce0
:102b6800ff0042308e0400100000000081bf023ccc
:102b7800c000428c0004427cff00423088040010f0
:102b88000000000081bf023cc000428c4004427c2f
:102b9800ff004230820400100000000081bf023ca8
:102ba800c000428c8004427cff0042307c0400104c
:102bb8000000000081bf023cc000428cc004427c7f
:102bc800ff004230760400100000000081bf023c84
:102bd800c000428c0005427cff00423070040010a7
:102be8000000000081bf023cc000428c4005427cce
:102bf800ff0042306a0400100000000081bf023c60
:102c0800c000428c8005427cff0042306404001002
:102c18000000000081bf023cc000428cc005427c1d
:102c2800ff0042305e0400100000000081bf023c3b
:102c3800c000428c0006427cff004230580400105d
:102c48000000000081bf023cc000428c4006427c6c
:102c5800ff004230520400100000000081bf023c17
:102c6800c000428c8006427cff0042304c040010b9
:102c78000000000081bf023cc000428cc006427cbc
:102c8800ff004230460400100000000081bf023cf3
:102c9800c000428c0007427cff0042304004001014
:102ca8000000000081bf023cc000428c4007427c0b
:102cb800ff0042303a0400100000000081bf023ccf
:102cc800c000428c8007427cff0042303404001070
:102cd8000000000081bf023cc000428cc007427c5b
:102ce800ff0042302e0400100000000081bf023cab
:102cf800d000428c0000427cff00423028040010c3
:102d08000000000081bf023cd000428c4000427ca1
:102d1800ff004230220400100000000081bf023c86
:102d2800d000428c8000427cff0042301c0400101e
:102d38000000000081bf023cd000428cc000427cf1
:102d4800ff004230160400100000000081bf023c62
:102d5800d000428c0001427cff0042301004001079
:102d68000000000081bf023cd000428c4001427c40
:102d7800ff0042300a0400100000000081bf023c3e
:102d8800d000428c8001427cff00423004040010d5
:102d98000000000081bf023cd000428cc001427c90
:102da800ff004230fe0300100000000081bf023c1b
:102db800d000428c0002427cff004230f803001031
:102dc8000000000081bf023cd000428c4002427cdf
:102dd800ff004230f20300100000000081bf023cf7
:102de800d000428c8002427cff004230ec0300108d
:102df8000000000081bf023cd000428cc002427c2f
:102e0800ff004230e60300100000000081bf023cd2
:102e1800d000428c0003427cff004230e0030010e7
:102e28000000000081bf023cd000428c4003427c7d
:102e3800ff004230da0300100000000081bf023cae
:102e4800d000428c8003427cff004230d403001043
:102e58000000000081bf023cd000428cc003427ccd
:102e6800ff004230ce0300100000000081bf023c8a
:102e7800d000428c0004427cff004230c80300109e
:102e88000000000081bf023cd000428c4004427c1c
:102e9800ff004230c20300100000000081bf023c66
:102ea800d000428c8004427cff004230bc030010fa
:102eb8000000000081bf023cd000428cc004427c6c
:102ec800ff004230b60300100000000081bf023c42
:102ed800d000428c0005427cff004230b003001055
:102ee8000000000081bf023cd000428c4005427cbb
:102ef800ff004230aa0300100000000081bf023c1e
:102f0800d000428c8005427cff004230a4030010b0
:102f18000000000081bf023cd000428cc005427c0a
:102f2800ff0042309e0300100000000081bf023cf9
:102f3800d000428c0006427cff004230980300100b
:102f48000000000081bf023cd000428c4006427c59
:102f5800ff004230920300100000000081bf023cd5
:102f6800d000428c8006427cff0042308c03001067
:102f78000000000081bf023cd000428cc006427ca9
:102f8800ff004230860300100000000081bf023cb1
:102f9800d000428c0007427cff00423080030010c2
:102fa8000000000081bf023cd000428c4007427cf8
:102fb800ff0042307a0300100000000081bf023c8d
:102fc800d000428c8007427cff004230740300101e
:102fd8000000000081bf023cd000428cc007427c48
:102fe800ff0042306e0300100000000081bf023c69
:102ff800e000428c0000427cff0042306803001071
:103008000000000081bf023ce000428c4000427c8e
:10301800ff004230620300100000000081bf023c44
:10302800e000428c8000427cff0042305c030010cc
:103038000000000081bf023ce000428cc000427cde
:10304800ff004230560300100000000081bf023c20
:10305800e000428c0001427cff0042305003001027
:103068000000000081bf023ce000428c4001427c2d
:10307800ff0042304a0300100000000081bf023cfc
:10308800e000428c8001427cff0042304403001083
:103098000000000081bf023ce000428cc001427c7d
:1030a800ff0042303e0300100000000081bf023cd8
:1030b800e000428c0002427cff00423038030010de
:1030c8000000000081bf023ce000428c4002427ccc
:1030d800ff004230320300100000000081bf023cb4
:1030e800e000428c8002427cff0042302c0300103a
:1030f8000000000081bf023ce000428cc002427c1c
:10310800ff004230260300100000000081bf023c8f
:10311800e000428c0003427cff0042302003001094
:103128000000000081bf023ce000428c4003427c6a
:10313800ff0042301a0300100000000081bf023c6b
:10314800e000428c8003427cff00423014030010f0
:103158000000000081bf023ce000428cc003427cba
:10316800ff0042300e0300100000000081bf023c47
:10317800e000428c0004427cff004230080300104b
:103188000000000081bf023ce000428c4004427c09
:10319800ff004230020300100000000081bf023c23
:1031a800e000428c8004427cff004230fc020010a8
:1031b8000000000081bf023ce000428cc004427c59
:1031c800ff004230f60200100000000081bf023c00
:1031d800e000428c0005427cff004230f002001003
:1031e8000000000081bf023ce000428c4005427ca8
:1031f800ff004230ea0200100000000081bf023cdc
:10320800e000428c8005427cff004230e40200105e
:103218000000000081bf023ce000428cc005427cf7
:10322800ff004230de0200100000000081bf023cb7
:10323800e000428c0006427cff004230d8020010b9
:103248000000000081bf023ce000428c4006427c46
:10325800ff004230d20200100000000081bf023c93
:10326800e000428c8006427cff004230cc02001015
:103278000000000081bf023ce000428cc006427c96
:10328800ff004230c60200100000000081bf023c6f
:10329800e000428c0007427cff004230c002001070
:1032a8000000000081bf023ce000428c4007427ce5
:1032b800ff004230ba0200100000000081bf023c4b
:1032c800e000428c8007427cff004230b4020010cc
:1032d8000000000081bf023ce000428cc007427c35
:1032e800ff004230ae0200100000000081bf023c27
:1032f800f000428c0000427cff004230a80200101f
:103308000000000081bf023cf000428c4000427c7b
:10331800ff004230a20200100000000081bf023c02
:10332800f000428c8000427cff0042309c0200107a
:103338000000000081bf023cf000428cc000427ccb
:10334800ff004230960200100000000081bf023cde
:10335800f000428c0001427cff00423090020010d5
:103368000000000081bf023cf000428c4001427c1a
:10337800ff0042308a0200100000000081bf023cba
:10338800f000428c8001427cff0042308402001031
:103398000000000081bf023cf000428cc001427c6a
:1033a800ff0042307e0200100000000081bf023c96
:1033b800f000428c0002427cff004230780200108c
:1033c8000000000081bf023cf000428c4002427cb9
:1033d800ff004230720200100000000081bf023c72
:1033e800f000428c8002427cff0042306c020010e8
:1033f8000000000081bf023cf000428c4003427c88
:10340800ff004230660200100000000081bf023c4d
:10341800f000428c8003427cff00423060020010c2
:103428000000000081bf023cf000428cc003427cd7
:10343800ff0042305a0200100000000081bf023c29
:10344800f000428c0004427cff004230540200101d
:103458000000000081bf023cf000428c4004427c26
:10346800ff0042304e0200100000000081bf023c05
:10347800f000428c8004427cff0042304802001079
:103488000000000081bf023cf000428cc004427c76
:10349800ff004230420200100000000081bf023ce1
:1034a800f000428c0005427cff0042303c020010d4
:1034b8000000000081bf023cf000428c4005427cc5
:1034c800ff004230360200100000000081bf023cbd
:1034d800f000428c8005427cff0042303002001030
:1034e8000000000081bf023cf000428cc005427c15
:1034f800ff0042302a0200100000000081bf023c99
:10350800f000428c0006427cff004230240200108a
:103518000000000081bf023cf000428c4006427c63
:10352800ff0042301e0200100000000081bf023c74
:10353800f000428c8006427cff00423018020010e6
:103548000000000081bf023cf000428cc006427cb3
:10355800ff004230120200100000000081bf023c50
:10356800f000428c0007427cff0042300c02001041
:103578000000000081bf023cf000428c4007427c02
:10358800ff004230060200100000000081bf023c2c
:10359800f000428c8007427cff004230000200109d
:1035a8000000000081bf023cf000428cc007427c52
:1035b800ff004230fa0100100000000081bf023c09
:1035c8000001428c0000427cff004230f4010010f0
:1035d8000000000081bf023c0001428c4000427c98
:1035e800ff004230ee0100100000000081bf023ce5
:1035f8000001428c8000427cff004230e80100104c
:103608000000000081bf023c0001428cc000427ce7
:10361800ff004230e20100100000000081bf023cc0
:103628000001428c0001427cff004230dc010010a6
:103638000000000081bf023c0001428c4001427c36
:10364800ff004230d60100100000000081bf023c9c
:103658000001428c8001427cff004230d001001002
:103668000000000081bf023c0001428cc001427c86
:10367800ff004230ca0100100000000081bf023c78
:103688000001428c0002427cff004230c40100105d
:103698000000000081bf023c0001428c4002427cd5
:1036a800ff004230be0100100000000081bf023c54
:1036b8000001428c8002427cff004230b8010010b9
:1036c8000000000081bf023c0001428cc002427c25
:1036d800ff004230b20100100000000081bf023c30
:1036e8000001428c0003427cff004230ac01001014
:1036f8000000000081bf023c0001428c4003427c74
:10370800ff004230a60100100000000081bf023c0b
:103718000001428c8003427cff004230a00100106f
:103728000000000081bf023c0001428cc003427cc3
:10373800ff0042309a0100100000000081bf023ce7
:103748000001428c0004427cff00423094010010ca
:103758000000000081bf023c0001428c4004427c12
:10376800ff0042308e0100100000000081bf023cc3
:103778000001428c8004427cff0042308801001026
:103788000000000081bf023c0001428cc004427c62
:10379800ff004230820100100000000081bf023c9f
:1037a8000001428c0005427cff0042307c01001081
:1037b8000000000081bf023c0001428c4005427cb1
:1037c800ff004230760100100000000081bf023c7b
:1037d8000001428c8005427cff00423070010010dd
:1037e8000000000081bf023c0001428cc005427c01
:1037f800ff0042306a0100100000000081bf023c57
:103808000001428c0006427cff0042306401001037
:103818000000000081bf023c0001428c4006427c4f
:10382800ff0042305e0100100000000081bf023c32
:103838000001428c8006427cff0042305801001093
:103848000000000081bf023c0001428cc006427c9f
:10385800ff004230520100100000000081bf023c0e
:103868000001428c0007427cff0042304c010010ee
:103878000000000081bf023c0001428c4007427cee
:10388800ff004230460100100000000081bf023cea
:103898000001428c8007427cff004230400100104a
:1038a8000000000081bf023c0001428cc007427c3e
:1038b800ff0042303a0100100000000081bf023cc6
:1038c8001001428c0000427cff004230340100109d
:1038d8000000000081bf023c1001428c4000427c85
:1038e800ff0042302e0100100000000081bf023ca2
:1038f8001001428c8000427cff00423028010010f9
:103908000000000081bf023c1001428cc000427cd4
:10391800ff004230220100100000000081bf023c7d
:103928001001428c0001427cff0042301c01001053
:103938000000000081bf023c1001428c4001427c23
:10394800ff004230160100100000000081bf023c59
:103958001001428c8001427cff00423010010010af
:103968000000000081bf023c1001428cc001427c73
:10397800ff0042300a0100100000000081bf023c35
:103988001001428c0002427cff004230040100100a
:103998000000000081bf023c1001428c4002427cc2
:1039a800ff004230fe0000100000000081bf023c12
:1039b8001001428c8002427cff004230f800001067
:1039c8000000000081bf023c1001428cc002427c12
:1039d800ff004230f20000100000000081bf023cee
:1039e8001001428c0003427cff004230ec000010c2
:1039f8000000000081bf023c1001428c4003427c61
:103a0800ff004230e60000100000000081bf023cc9
:103a18001001428c8003427cff004230e00000101d
:103a28000000000081bf023c1001428cc003427cb0
:103a3800ff004230da0000100000000081bf023ca5
:103a48001001428c0004427cff004230d400001078
:103a58000000000081bf023c1001428c4004427cff
:103a6800ff004230ce0000100000000081bf023c81
:103a78001001428c8004427cff004230c8000010d4
:103a88000000000081bf023c1001428cc004427c4f
:103a9800ff004230c20000100000000081bf023c5d
:103aa8001001428c0005427cff004230bc0000102f
:103ab8000000000081bf023c1001428c4005427c9e
:103ac800ff004230b60000100000000081bf023c39
:103ad8001001428c8005427cff004230b00000108b
:103ae8000000000081bf023c1001428cc005427cee
:103af800ff004230aa0000100000000081bf023c15
:103b08001001428c0006427cff004230a4000010e5
:103b18000000000081bf023c1001428c4006427c3c
:103b2800ff0042309e0000100000000081bf023cf0
:103b38001001428c8006427cff0042309800001041
:103b48000000000081bf023c1001428cc006427c8c
:103b5800ff004230920000100000000081bf023ccc
:103b68001001428c0007427cff0042308c0000109c
:103b78000000000081bf023c1001428c4007427cdb
:103b8800ff004230860000100000000081bf023ca8
:103b98001001428c8007427cff00423080000010f8
:103ba8000000000081bf023c1001428cc007427c2b
:103bb800ff0042307a0000100000000081bf023c84
:103bc8002001428c0000427cff004230740000104b
:103bd8000000000081bf023c2001428c4000427c72
:103be800ff0042306e0000100000000081bf023c60
:103bf8002001428cc000427cff0042306800001067
:103c08000000000081bf023c2001428c0001427c80
:103c1800ff004230620000100000000081bf023c3b
:103c28002001428c4001427cff0042305c000010c1
:103c38000000000081bf023c2001428c8001427cd0
:103c4800ff004230560000100000000081bf023c17
:103c58002001428cc001427cff004230500000101d
:103c68000000000081bf023c2001428c0002427c1f
:103c7800ff0042304a0000100000000081bf023cf3
:103c88002001428c4002427cff0042304400001078
:103c98000000000081bf023c2001428c8002427c6f
:103ca800ff0042303e0000100000000081bf023ccf
:103cb8002001428cc002427cff00423038000010d4
:103cc8000000000081bf023c2001428c4003427c7e
:103cd800ff004230320000100000000081bf023cab
:103ce8002001428c8003427cff0042302c000010ef
:103cf8000000000081bf023c2001428cc003427cce
:103d0800ff004230260000100000000081bf023c86
:103d18002001428c0004427cff0042302000001049
:103d28000000000081bf023c2001428c4004427c1c
:103d3800ff0042301a0000100000000081bf023c62
:103d48002001428c8004427cff00423014000010a5
:103d58000000000081bf023c2001428cc004427c6c
:103d6800ff0042300e0000100000000081bf023c3e
:103d78002001428c8005427cff0042300800001080
:103d88000000000081bf023c2001428cc005427c3b
:103d9800ff00423002000010000000000000000098
:103da80025e8c0030400be8f0800bd270800e00313
:103db80000000000f8ffbd270400beaf25f0a003f7
:103dc8000800c4af2510a0000c00c2a30800c28fd1
:103dd800d800422c43084010000000000800c28fa1
:103de80080180200009d023c043e4224211062001b
:103df8000000428c08004000000000006441009d63
:103e08008841009dac41009dd041009df441009d3a
:103e18001842009d3c42009d6042009d8442009de6
:103e2800a842009dcc42009df042009d1443009d95
:103e38003843009d5c43009d8043009da443009d42
:103e4800c843009dec43009d1044009d3444009df0
:103e58005844009d7c44009da044009dc444009d9e
:103e6800e844009d0c45009d3045009d5445009d4b
:103e78007845009d9c45009dc045009de445009dfa
:103e88000846009d2c46009d5046009d7446009da6
:103e98009846009dbc46009de046009d0447009d55
:103ea8002847009d4c47009d7047009d9447009d02
:103eb800b847009ddc47009d0048009d2448009db0
:103ec8004848009d6c48009d9048009db448009d5e
:103ed800d848009dfc48009d2049009d4449009d0c
:103ee8006849009d8c49009db049009dd449009dba
:103ef800f849009d1c4a009d404a009d644a009d67
:103f0800884a009dac4a009dd04a009df44a009d15
:103f1800184b009d3c4b009d604b009d844b009dc1
:103f2800a84b009dcc4b009df04b009d144c009d70
:103f3800384c009d5c4c009d804c009da44c009d1d
:103f4800c84c009dec4c009d104d009d344d009dcb
:103f5800584d009d7c4d009da04d009dc44d009d79
:103f6800e84d009d0c4e009d304e009d544e009d26
:103f7800784e009d9c4e009dc04e009de44e009dd5
:103f8800084f009d2c4f009d504f009d744f009d81
:103f9800984f009dbc4f009de04f009d0450009d30
:103fa8002850009d4c50009dec5e009dec5e009ded
:103fb8007050009d9450009db850009ddc50009dad
:103fc8000051009d2451009d4851009d6c51009d59
:103fd8009051009db451009dd851009dfc51009d09
:103fe8002052009d4452009d6852009d8c52009db5
:103ff800b052009dd452009df852009d1c53009d64
:104008004053009d6453009d8853009dac53009d10
:10401800d053009df453009d1854009d3c54009dbe
:104028006054009d8454009da854009dcc54009d6c
:10403800f054009d1455009d3855009d5c55009d19
:104048008055009da455009dc855009dec55009dc8
:104058001056009d3456009d5856009d7c56009d74
:10406800a056009dc456009de856009d0c57009d23
:104078003057009d5457009d7857009d9c57009dd0
:10408800c057009de457009d0858009d2c58009d7e
:104098005058009d7458009d9858009dbc58009d2c
:1040a800e058009d0459009d2859009d4c59009dd9
:1040b8007059009d9459009db859009ddc59009d88
:1040c800005a009d245a009d485a009d6c5a009d34
:1040d800905a009db45a009dd85a009dfc5a009de4
:1040e800205b009d445b009d685b009d8c5b009d90
:1040f800b05b009dd45b009df85b009d1c5c009d3f
:10410800405c009dec5e009d645c009d885c009da9
:10411800ac5c009dd05c009df45c009d185d009d2a
:104128003c5d009d605d009d845d009dec5e009d92
:10413800a85d009dcc5d009df05d009d145e009d16
:10414800385e009d5c5e009d805e009dec5e009d7b
:10415800ec5e009da45e009dc85e009d0c00c293ad
:1041680001004230ff00443081bf033c4000628cb4
:104178000400827c400062ac5b0700100000000075
:104188000c00c29301004230ff00443081bf033c61
:104198004000628c4408827c400062ac52070010e8
:1041a800000000000c00c29301004230ff004430c0
:1041b80081bf033c4000628c8410827c400062ac6a
:1041c80049070010000000000c00c29301004230b3
:1041d800ff00443081bf033c4000628cc418827cdd
:1041e800400062ac40070010000000000c00c293c1
:1041f80001004230ff00443081bf033c4000628c24
:104208000421827c400062ac3707001000000000e7
:104218000c00c29301004230ff00443081bf033cd0
:104228004000628c4429827c400062ac2e0700105a
:10423800000000000c00c29301004230ff0044302f
:1042480081bf033c4000628c8431827c400062acb8
:1042580025070010000000000c00c2930100423046
:10426800ff00443081bf033c4000628cc439827c2b
:10427800400062ac1c070010000000000c00c29354
:1042880001004230ff00443081bf033c4000628c93
:104298000442827c400062ac13070010000000005a
:1042a8000c00c29301004230ff00443081bf033c40
:1042b8004000628c444a827c400062ac0a070010cd
:1042c800000000000c00c29301004230ff0044309f
:1042d80081bf033c4000628c8452827c400062ac07
:1042e80001070010000000000c00c29301004230da
:1042f800ff00443081bf033c4000628cc45a827c7a
:10430800400062acf8060010000000000c00c293e8
:1043180001004230ff00443081bf033c4000628c02
:104328000463827c400062acef06001000000000cd
:104338000c00c29301004230ff00443081bf033caf
:104348004000628c446b827c400062ace606001040
:10435800000000000c00c29301004230ff0044300e
:1043680081bf033c4000628c8473827c400062ac55
:10437800dd060010000000000c00c293010042306e
:10438800ff00443081bf033c4000628cc47b827cc8
:10439800400062acd4060010000000000c00c2937c
:1043a80001004230ff00443081bf033c4000628c72
:1043b8000484827c400062accb0600100000000040
:1043c8000c00c29301004230ff00443081bf033c1f
:1043d8004000628c448c827c400062acc2060010b3
:1043e800000000000c00c29301004230ff0044307e
:1043f80081bf033c4000628c8494827c400062aca4
:10440800b9060010000000000c00c2930100423001
:10441800ff00443081bf033c4000628cc49c827c16
:10442800400062acb0060010000000000c00c2930f
:1044380001004230ff00443081bf033c4000628ce1
:1044480004a5827c400062aca706001000000000b2
:104458000c00c29301004230ff00443081bf033c8e
:104468004000628c44ad827c400062ac9e06001025
:10447800000000000c00c29301004230ff004430ed
:1044880081bf033c4000628c84b5827c400062acf2
:1044980095060010000000000c00c2930100423095
:1044a800ff00443081bf033c4000628cc4bd827c65
:1044b800400062ac8c060010000000000c00c293a3
:1044c80001004230ff00443081bf033c4000628c51
:1044d80004c6827c400062ac830600100000000025
:1044e8000c00c29301004230ff00443081bf033cfe
:1044f8004000628c44ce827c400062ac7a06001098
:10450800000000000c00c29301004230ff0044305c
:1045180081bf033c4000628c84d6827c400062ac40
:1045280071060010000000000c00c2930100423028
:10453800ff00443081bf033c4000628cc4de827cb3
:10454800400062ac68060010000000000c00c29336
:1045580001004230ff00443081bf033c4000628cc0
:1045680004e7827c400062ac5f0600100000000097
:104578000c00c29301004230ff00443081bf033c6d
:104588004000628c44ef827c400062ac560600100a
:10459800000000000c00c29301004230ff004430cc
:1045a80081bf033c4000628c84f7827c400062ac8f
:1045b8004d060010000000000c00c29301004230bc
:1045c800ff00443081bf033c4000628cc4ff827c02
:1045d800400062ac44060010000000000c00c293ca
:1045e80001004230ff00443081bf033c5000628c20
:1045f8000400827c500062ac3b0600100000000002
:104608000c00c29301004230ff00443081bf033cdc
:104618005000628c4408827c500062ac3206001064
:10462800000000000c00c29301004230ff0044303b
:1046380081bf033c5000628c8410827c500062acc5
:1046480029060010000000000c00c293010042304f
:10465800ff00443081bf033c5000628cc418827c48
:10466800500062ac20060010000000000c00c2934d
:1046780001004230ff00443081bf033c5000628c8f
:104688000421827c500062ac170600100000000074
:104698000c00c29301004230ff00443081bf033c4c
:1046a8005000628c4429827c500062ac0e060010d7
:1046b800000000000c00c29301004230ff004430ab
:1046c80081bf033c5000628c8431827c500062ac14
:1046d80005060010000000000c00c29301004230e3
:1046e800ff00443081bf033c5000628cc439827c97
:1046f800500062acfc050010000000000c00c293e2
:1047080001004230ff00443081bf033c5000628cfe
:104718000442827c500062acf305001000000000e7
:104728000c00c29301004230ff00443081bf033cbb
:104738005000628c444a827c500062acea0500104a
:10474800000000000c00c29301004230ff0044301a
:1047580081bf033c5000628c8452827c500062ac62
:10476800e1050010000000000c00c2930100423077
:10477800ff00443081bf033c5000628cc45a827ce5
:10478800500062acd8050010000000000c00c29375
:1047980001004230ff00443081bf033c5000628c6e
:1047a8000463827c500062accf050010000000005a
:1047b8000c00c29301004230ff00443081bf033c2b
:1047c8005000628c446b827c500062acc6050010bd
:1047d800000000000c00c29301004230ff0044308a
:1047e80081bf033c5000628c8473827c500062acb1
:1047f800bd050010000000000c00c293010042300b
:10480800ff00443081bf033c5000628cc47b827c33
:10481800500062acb4050010000000000c00c29308
:1048280001004230ff00443081bf033c5000628cdd
:104838000484827c500062acab05001000000000cc
:104848000c00c29301004230ff00443081bf033c9a
:104858005000628c448c827c500062aca20500102f
:10486800000000000c00c29301004230ff004430f9
:1048780081bf033c5000628c8494827c500062acff
:1048880099050010000000000c00c293010042309e
:10489800ff00443081bf033c5000628cc49c827c82
:1048a800500062ac90050010000000000c00c2939c
:1048b80001004230ff00443081bf033c5000628c4d
:1048c80004a5827c500062ac87050010000000003f
:1048d8000c00c29301004230ff00443081bf033c0a
:1048e8005000628c44ad827c500062ac7e050010a2
:1048f800000000000c00c29301004230ff00443069
:1049080081bf033c5000628c84b5827c500062ac4d
:1049180075050010000000000c00c2930100423031
:10492800ff00443081bf033c5000628cc4bd827cd0
:10493800500062ac6c050010000000000c00c2932f
:1049480001004230ff00443081bf033c5000628cbc
:1049580004c6827c500062ac6305001000000000b1
:104968000c00c29301004230ff00443081bf033c79
:104978005000628c44ce827c500062ac5a05001014
:10498800000000000c00c29301004230ff004430d8
:1049980081bf033c5000628c84d6827c500062ac9c
:1049a80051050010000000000c00c29301004230c5
:1049b800ff00443081bf033c5000628cc4de827c1f
:1049c800500062ac48050010000000000c00c293c3
:1049d80001004230ff00443081bf033c5000628c2c
:1049e80004e7827c500062ac3f0500100000000024
:1049f8000c00c29301004230ff00443081bf033ce9
:104a08005000628c44ef827c500062ac3605001086
:104a1800000000000c00c29301004230ff00443047
:104a280081bf033c5000628c84f7827c500062acea
:104a38002d050010000000000c00c2930100423058
:104a4800ff00443081bf033c5000628cc4ff827c6d
:104a5800500062ac24050010000000000c00c29356
:104a680001004230ff00443081bf033c6000628c8b
:104a78000400827c600062ac1b050010000000008e
:104a88000c00c29301004230ff00443081bf033c58
:104a98006000628c4408827c600062ac12050010e1
:104aa800000000000c00c29301004230ff004430b7
:104ab80081bf033c6000628c8410827c600062ac21
:104ac80009050010000000000c00c29301004230ec
:104ad800ff00443081bf033c6000628cc418827cb4
:104ae800600062ac00050010000000000c00c293da
:104af80001004230ff00443081bf033c6000628cfb
:104b08000421827c600062acf70400100000000001
:104b18000c00c29301004230ff00443081bf033cc7
:104b28006000628c4429827c600062acee04001054
:104b3800000000000c00c29301004230ff00443026
:104b480081bf033c6000628c8431827c600062ac6f
:104b5800e5040010000000000c00c2930100423080
:104b6800ff00443081bf033c6000628cc439827c02
:104b7800600062acdc040010000000000c00c2936e
:104b880001004230ff00443081bf033c6000628c6a
:104b98000442827c600062acd30400100000000074
:104ba8000c00c29301004230ff00443081bf033c37
:104bb8006000628c444a827c600062acca040010c7
:104bc800000000000c00c29301004230ff00443096
:104bd80081bf033c6000628c8452827c600062acbe
:104be800c1040010000000000c00c2930100423014
:104bf800ff00443081bf033c6000628cc45a827c51
:104c0800600062acb8040010000000000c00c29301
:104c180001004230ff00443081bf033c6000628cd9
:104c28000463827c600062acaf04001000000000e6
:104c38000c00c29301004230ff00443081bf033ca6
:104c48006000628c446b827c600062aca604001039
:104c5800000000000c00c29301004230ff00443005
:104c680081bf033c6000628c8473827c600062ac0c
:104c78009d040010000000000c00c29301004230a7
:104c8800ff00443081bf033c6000628cc47b827c9f
:104c9800600062ac94040010000000000c00c29395
:104ca80001004230ff00443081bf033c6000628c49
:104cb8000484827c600062ac8b0400100000000059
:104cc8000c00c29301004230ff00443081bf033c16
:104cd8006000628c448c827c600062ac82040010ac
:104ce800000000000c00c29301004230ff00443075
:104cf80081bf033c6000628c8494827c600062ac5b
:104d080079040010000000000c00c293010042303a
:104d1800ff00443081bf033c6000628cc49c827ced
:104d2800600062ac70040010000000000c00c29328
:104d380001004230ff00443081bf033c6000628cb8
:104d480004a5827c600062ac6704001000000000cb
:104d58000c00c29301004230ff00443081bf033c85
:104d68006000628c44ad827c600062ac5e0400101e
:104d7800000000000c00c29301004230ff004430e4
:104d880081bf033c6000628c84b5827c600062aca9
:104d980055040010000000000c00c29301004230ce
:104da800ff00443081bf033c6000628cc4bd827c3c
:104db800600062ac4c040010000000000c00c293bc
:104dc80001004230ff00443081bf033c6000628c28
:104dd80004c6827c600062ac43040010000000003e
:104de8000c00c29301004230ff00443081bf033cf5
:104df8006000628c44ce827c600062ac3a04001091
:104e0800000000000c00c29301004230ff00443053
:104e180081bf033c6000628c84d6827c600062acf7
:104e280031040010000000000c00c2930100423061
:104e3800ff00443081bf033c6000628cc4de827c8a
:104e4800600062ac28040010000000000c00c2934f
:104e580001004230ff00443081bf033c6000628c97
:104e680004e7827c600062ac1f04001000000000b0
:104e78000c00c29301004230ff00443081bf033c64
:104e88006000628c44ef827c600062ac1604001003
:104e9800000000000c00c29301004230ff004430c3
:104ea80081bf033c6000628c84f7827c600062ac46
:104eb8000d040010000000000c00c29301004230f5
:104ec800ff00443081bf033c6000628cc4ff827cd9
:104ed800600062ac04040010000000000c00c293e3
:104ee80001004230ff00443081bf033c7000628cf7
:104ef8000400827c700062acfb030010000000001c
:104f08000c00c29301004230ff00443081bf033cd3
:104f18007000628c4408827c700062acf20300105e
:104f2800000000000c00c29301004230ff00443032
:104f380081bf033c7000628c8410827c700062ac7c
:104f4800e9030010000000000c00c2930100423089
:104f5800ff00443081bf033c7000628cc418827c1f
:104f6800700062ace0030010000000000c00c29367
:104f780001004230ff00443081bf033c7000628c66
:104f88000421827c700062acd7030010000000008e
:104f98000c00c29301004230ff00443081bf033c43
:104fa8007000628c4429827c700062acce030010d1
:104fb800000000000c00c29301004230ff004430a2
:104fc80081bf033c7000628c8431827c700062accb
:104fd800c5030010000000000c00c293010042301d
:104fe800ff00443081bf033c7000628cc439827c6e
:104ff800700062acbc030010000000000c00c293fb
:1050080001004230ff00443081bf033c7000628cd5
:105018000442827c700062acb30300100000000000
:105028000c00c29301004230ff00443081bf033cb2
:105038007000628c444a827c700062acaa03001043
:10504800000000000c00c29301004230ff00443011
:1050580081bf033c7000628c8452827c700062ac19
:10506800a1030010000000000c00c29301004230b0
:10507800ff00443081bf033c7000628c446b827c2b
:10508800700062ac98030010000000000c00c2938e
:1050980001004230ff00443081bf033c7000628c45
:1050a8008473827c700062ac8f03001000000000e3
:1050b8000c00c29301004230ff00443081bf033c22
:1050c8007000628cc47b827c700062ac8603001026
:1050d800000000000c00c29301004230ff00443081
:1050e80081bf033c7000628c0484827c700062acd7
:1050f8007d030010000000000c00c2930100423044
:10510800ff00443081bf033c7000628c448c827c79
:10511800700062ac74030010000000000c00c29321
:1051280001004230ff00443081bf033c7000628cb4
:105138008494827c700062ac6b0300100000000055
:105148000c00c29301004230ff00443081bf033c91
:105158007000628cc49c827c700062ac6203001098
:10516800000000000c00c29301004230ff004430f0
:1051780081bf033c7000628c04a5827c700062ac25
:1051880059030010000000000c00c29301004230d7
:10519800ff00443081bf033c7000628c44ad827cc8
:1051a800700062ac50030010000000000c00c293b5
:1051b80001004230ff00443081bf033c7000628c24
:1051c80084b5827c700062ac4703001000000000c8
:1051d8000c00c29301004230ff00443081bf033c01
:1051e8007000628cc4bd827c700062ac3e0300100b
:1051f800000000000c00c29301004230ff00443060
:1052080081bf033c7000628c04c6827c700062ac73
:1052180035030010000000000c00c293010042306a
:10522800ff00443081bf033c7000628c44ce827c16
:10523800700062ac2c030010000000000c00c29348
:1052480001004230ff00443081bf033c7000628c93
:1052580084d6827c700062ac23030010000000003a
:105268000c00c29301004230ff00443081bf033c70
:105278007000628cc4de827c700062ac1a0300107d
:10528800000000000c00c29301004230ff004430cf
:1052980081bf033c7000628c04e7827c700062acc2
:1052a80011030010000000000c00c29301004230fe
:1052b800ff00443081bf033c7000628c44ef827c65
:1052c800700062ac08030010000000000c00c293dc
:1052d80001004230ff00443081bf033c7000628c03
:1052e80084f7827c700062acff02001000000000ae
:1052f8000c00c29301004230ff00443081bf033ce0
:105308007000628cc4ff827c700062acf6020010f0
:10531800000000000c00c29301004230ff0044303e
:1053280081bf033c8000628c0400827c800062acf8
:10533800ed020010000000000c00c2930100423092
:10534800ff00443081bf033c8000628c4408827cab
:10535800800062ace4020010000000000c00c29360
:1053680001004230ff00443081bf033c8000628c62
:105378008410827c800062acdb0200100000000018
:105388000c00c29301004230ff00443081bf033c4f
:105398008000628cc418827c800062acd20200104b
:1053a800000000000c00c29301004230ff004430ae
:1053b80081bf033c8000628c0421827c800062ac47
:1053c800c9020010000000000c00c2930100423026
:1053d800ff00443081bf033c8000628c4429827cfa
:1053e800800062acc0020010000000000c00c293f4
:1053f80001004230ff00443081bf033c8000628cd2
:105408008431827c800062acb7020010000000008a
:105418000c00c29301004230ff00443081bf033cbe
:105428008000628cc439827c800062acae020010bd
:10543800000000000c00c29301004230ff0044301d
:1054480081bf033c8000628c0442827c800062ac95
:10545800a5020010000000000c00c29301004230b9
:10546800ff00443081bf033c8000628c444a827c48
:10547800800062ac9c020010000000000c00c29387
:1054880001004230ff00443081bf033c8000628c41
:105498008452827c800062ac9302001000000000fd
:1054a8000c00c29301004230ff00443081bf033c2e
:1054b8008000628cc45a827c800062ac8a02001030
:1054c800000000000c00c29301004230ff0044308d
:1054d80081bf033c8000628c0463827c800062ace4
:1054e80081020010000000000c00c293010042304d
:1054f800ff00443081bf033c8000628c446b827c97
:10550800800062ac78020010000000000c00c2931a
:1055180001004230ff00443081bf033c8000628cb0
:105528008473827c800062ac6f020010000000006f
:105538000c00c29301004230ff00443081bf033c9d
:105548008000628cc47b827c800062ac66020010a2
:10555800000000000c00c29301004230ff004430fc
:1055680081bf033c8000628c0484827c800062ac32
:105578005d020010000000000c00c29301004230e0
:10558800ff00443081bf033c8000628c448c827ce5
:10559800800062ac54020010000000000c00c293ae
:1055a80001004230ff00443081bf033c8000628c20
:1055b8008494827c800062ac4b02001000000000e2
:1055c8000c00c29301004230ff00443081bf033c0d
:1055d8008000628cc49c827c800062ac4202001015
:1055e800000000000c00c29301004230ff0044306c
:1055f80081bf033c8000628c04a5827c800062ac81
:1056080039020010000000000c00c2930100423073
:10561800ff00443081bf033c8000628c44ad827c33
:10562800800062ac30020010000000000c00c29341
:1056380001004230ff00443081bf033c8000628c8f
:1056480084b5827c800062ac270200100000000054
:105658000c00c29301004230ff00443081bf033c7c
:105668008000628cc4bd827c800062ac1e02001087
:10567800000000000c00c29301004230ff004430db
:1056880081bf033c8000628c04c6827c800062accf
:1056980015020010000000000c00c2930100423007
:1056a800ff00443081bf033c8000628c44ce827c82
:1056b800800062ac0c020010000000000c00c293d5
:1056c80001004230ff00443081bf033c8000628cff
:1056d80084d6827c800062ac0302001000000000c7
:1056e8000c00c29301004230ff00443081bf033cec
:1056f8008000628cc4de827c800062acfa010010fb
:10570800000000000c00c29301004230ff0044304a
:1057180081bf033c8000628c04e7827c800062ac1d
:10572800f1010010000000000c00c293010042309b
:10573800ff00443081bf033c8000628c44ef827cd0
:10574800800062ace8010010000000000c00c29369
:1057580001004230ff00443081bf033c8000628c6e
:1057680084f7827c800062acdf010010000000003a
:105778000c00c29301004230ff00443081bf033c5b
:105788008000628cc4ff827c800062acd60100106d
:10579800000000000c00c29301004230ff004430ba
:1057a80081bf033c9000628c0400827c900062ac54
:1057b800cd010010000000000c00c293010042302f
:1057c800ff00443081bf033c9000628c4408827c17
:1057d800900062acc4010010000000000c00c293ed
:1057e80001004230ff00443081bf033c9000628cce
:1057f8008410827c900062acbb01001000000000a5
:105808000c00c29301004230ff00443081bf033cca
:105818009000628cc418827c900062acb2010010c7
:10582800000000000c00c29301004230ff00443029
:1058380081bf033c9000628c0421827c900062aca2
:10584800a9010010000000000c00c29301004230c2
:10585800ff00443081bf033c9000628c4429827c65
:10586800900062aca0010010000000000c00c29380
:1058780001004230ff00443081bf033c9000628c3d
:105888008431827c900062ac970100100000000017
:105898000c00c29301004230ff00443081bf033c3a
:1058a8009000628cc439827c900062ac8e0100103a
:1058b800000000000c00c29301004230ff00443099
:1058c80081bf033c9000628c0442827c900062acf1
:1058d80085010010000000000c00c2930100423056
:1058e800ff00443081bf033c9000628c444a827cb4
:1058f800900062ac7c010010000000000c00c29314
:1059080001004230ff00443081bf033c9000628cac
:105918008452827c900062ac730100100000000089
:105928000c00c29301004230ff00443081bf033ca9
:105938009000628cc45a827c900062ac6a010010ac
:10594800000000000c00c29301004230ff00443008
:1059580081bf033c9000628c0463827c900062ac3f
:1059680061010010000000000c00c29301004230e9
:10597800ff00443081bf033c9000628c446b827c02
:10598800900062ac58010010000000000c00c293a7
:1059980001004230ff00443081bf033c9000628c1c
:1059a8008473827c900062ac4f01001000000000fc
:1059b8000c00c29301004230ff00443081bf033c19
:1059c8009000628cc47b827c900062ac460100101f
:1059d800000000000c00c29301004230ff00443078
:1059e80081bf033c9000628c0484827c900062ac8e
:1059f8003d010010000000000c00c293010042307d
:105a0800ff00443081bf033c9000628c448c827c50
:105a1800900062ac34010010000000000c00c2933a
:105a280001004230ff00443081bf033c9000628c8b
:105a38008494827c900062ac2b010010000000006e
:105a48000c00c29301004230ff00443081bf033c88
:105a58009000628cc49c827c900062ac2201001091
:105a6800000000000c00c29301004230ff004430e7
:105a780081bf033c9000628c04a5827c900062acdc
:105a880019010010000000000c00c2930100423010
:105a9800ff00443081bf033c9000628c44ad827c9f
:105aa800900062ac10010010000000000c00c293ce
:105ab80001004230ff00443081bf033c9000628cfb
:105ac80084b5827c900062ac0701001000000000e1
:105ad8000c00c29301004230ff00443081bf033cf8
:105ae8009000628cc4bd827c900062acfe00001005
:105af800000000000c00c29301004230ff00443057
:105b080081bf033c9000628c04c6827c900062ac2a
:105b1800f5000010000000000c00c29301004230a4
:105b2800ff00443081bf033c9000628c44ce827ced
:105b3800900062acec000010000000000c00c29362
:105b480001004230ff00443081bf033c9000628c6a
:105b580084d6827c900062ace30000100000000054
:105b68000c00c29301004230ff00443081bf033c67
:105b78009000628cc4de827c900062acda00001077
:105b8800000000000c00c29301004230ff004430c6
:105b980081bf033c9000628c04e7827c900062ac79
:105ba800d1000010000000000c00c2930100423038
:105bb800ff00443081bf033c9000628c44ef827c3c
:105bc800900062acc8000010000000000c00c293f6
:105bd80001004230ff00443081bf033c9000628cda
:105be80084f7827c900062acbf00001000000000c7
:105bf8000c00c29301004230ff00443081bf033cd7
:105c08009000628cc4ff827c900062acb6000010e9
:105c1800000000000c00c29301004230ff00443035
:105c280081bf033ca000628c0400827ca00062acaf
:105c3800ad000010000000000c00c29301004230cb
:105c4800ff00443081bf033ca000628c4408827c82
:105c5800a00062aca4000010000000000c00c29379
:105c680001004230ff00443081bf033ca000628c39
:105c7800c418827ca00062ac9b00001000000000e9
:105c88000c00c29301004230ff00443081bf033c46
:105c9800a000628c0421827ca00062ac92000010fb
:105ca800000000000c00c29301004230ff004430a5
:105cb80081bf033ca000628c4429827ca00062acb6
:105cc80089000010000000000c00c293010042305f
:105cd800ff00443081bf033ca000628c8431827c89
:105ce800a00062ac80000010000000000c00c2930d
:105cf80001004230ff00443081bf033ca000628ca9
:105d0800c439827ca00062ac77000010000000005b
:105d18000c00c29301004230ff00443081bf033cb5
:105d2800a000628c0442827ca00062ac6e0000106d
:105d3800000000000c00c29301004230ff00443014
:105d480081bf033ca000628c444a827ca00062ac04
:105d580065000010000000000c00c29301004230f2
:105d6800ff00443081bf033ca000628c8452827cd7
:105d7800a00062ac5c000010000000000c00c293a0
:105d880001004230ff00443081bf033ca000628c18
:105d9800c45a827ca00062ac5300001000000000ce
:105da8000c00c29301004230ff00443081bf033c25
:105db800a000628c446b827ca00062ac4a00001098
:105dc800000000000c00c29301004230ff00443084
:105dd80081bf033ca000628c8473827ca00062ac0b
:105de80041000010000000000c00c2930100423086
:105df800ff00443081bf033ca000628cc47b827cde
:105e0800a00062ac38000010000000000c00c29333
:105e180001004230ff00443081bf033ca000628c87
:105e28000484827ca00062ac2f00001000000000f7
:105e38000c00c29301004230ff00443081bf033c94
:105e4800a000628c448c827ca00062ac260000100a
:105e5800000000000c00c29301004230ff004430f3
:105e680081bf033ca000628c8494827ca00062ac59
:105e78001d000010000000000c00c2930100423019
:105e8800ff00443081bf033ca000628cc49c827c2c
:105e9800a00062ac14000010000000000c00c293c7
:105ea80001004230ff00443081bf033ca000628cf7
:105eb80084b5827ca00062ac0b00001000000000da
:105ec8000c00c29301004230ff00443081bf033c04
:105ed800a000628cc4bd827ca00062ac02000010ed
:105ee80000000000000000000000000025e8c003da
:105ef8000400be8f0800bd270800e0030000000072
:105f0800f8ffbd270400beaf25f0a0030800c4af0a
:105f18000800c28fd800422ccd05401000000000b8
:105f28000800c28f80180200009d023c485f42248e
:105f3800211062000000428c0800400000000000b0
:105f4800a862009dc062009dd862009df062009d1d
:105f58000863009d2063009d3863009d5063009d89
:105f68006863009d8063009d9863009db063009df9
:105f7800c863009de063009df863009d1064009d68
:105f88002864009d4064009d5864009d7064009dd5
:105f98008864009da064009db864009dd064009d45
:105fa800e864009d0065009d1865009d3065009db2
:105fb8004865009d6065009d7865009d9065009d21
:105fc800a865009dc065009dd865009df065009d91
:105fd8000866009d2066009d3866009d5066009dfd
:105fe8006866009d8066009d9866009db066009d6d
:105ff800c866009de066009df866009d1067009ddc
:106008002867009d4067009d5867009d7067009d48
:106018008867009da067009db867009dd067009db8
:10602800e867009d0068009d1868009d3068009d25
:106038004868009d6068009d7868009d9068009d94
:10604800a868009dc068009dd868009df068009d04
:106058000869009d2069009d3869009d5069009d70
:106068006869009d8069009d9869009db069009de0
:10607800c869009de069009df869009d106a009d4f
:10608800286a009d406a009d586a009d706a009dbc
:10609800886a009da06a009db86a009dd06a009d2c
:1060a800e86a009d006b009d186b009d306b009d99
:1060b800486b009d606b009d786b009d906b009d08
:1060c800a86b009dc06b009dd86b009df06b009d78
:1060d800086c009d206c009d386c009d506c009de4
:1060e800686c009d806c009d986c009d5876009da2
:1060f8005876009db06c009dc86c009de06c009dba
:10610800f86c009d106d009d286d009d406d009df0
:10611800586d009d706d009d886d009da06d009d5f
:10612800b86d009dd06d009de86d009d006e009dce
:10613800186e009d306e009d486e009d606e009d3b
:10614800786e009d906e009da86e009dc06e009dab
:10615800d86e009df06e009d086f009d206f009d19
:10616800386f009d506f009d686f009d806f009d87
:10617800986f009db06f009dc86f009de06f009df7
:10618800f86f009d1070009d2870009d4070009d64
:106198005870009d7070009d8870009da070009dd3
:1061a800b870009dd070009de870009d0071009d42
:1061b8001871009d3071009d4871009d6071009daf
:1061c8007871009d9071009da871009dc071009d1f
:1061d800d871009df071009d0872009d2072009d8d
:1061e8003872009d5072009d6872009d8072009dfb
:1061f8009872009db072009dc872009de072009d6b
:10620800f872009d1073009d2873009d4073009dd7
:106218005873009d7073009d8873009da073009d46
:10622800b873009dd073009de873009d0074009db5
:106238001874009d3074009d4874009d6074009d22
:106248007874009d9074009d5876009da874009df8
:10625800c074009dd874009df074009d0875009d61
:106268002075009d3875009d5075009d6875009dce
:106278005876009d8075009d9875009db075009dad
:10628800c875009de075009df875009d1076009d0d
:106298005876009d5876009d2876009d4076009d92
:1062a80081bf023c4000428c0000427cff0042302b
:1062b800e80400100000000081bf023c4000428c4e
:1062c8004000427cff004230e20400100000000061
:1062d80081bf023c4000428c8000427cff0042307b
:1062e800dc0400100000000081bf023c4000428c2a
:1062f800c000427cff004230d604001000000000bd
:1063080081bf023c4000428c0001427cff004230c9
:10631800d00400100000000081bf023c4000428c05
:106328004001427cff004230ca0400100000000017
:1063380081bf023c4000428c8001427cff00423019
:10634800c40400100000000081bf023c4000428ce1
:10635800c001427cff004230be0400100000000073
:1063680081bf023c4000428c0002427cff00423068
:10637800b80400100000000081bf023c4000428cbd
:106388004002427cff004230b204001000000000ce
:1063980081bf023c4000428c8002427cff004230b8
:1063a800ac0400100000000081bf023c4000428c99
:1063b800c002427cff004230a6040010000000002a
:1063c80081bf023c4000428c0003427cff00423007
:1063d800a00400100000000081bf023c4000428c75
:1063e8004003427cff0042309a0400100000000085
:1063f80081bf023c4000428c8003427cff00423057
:10640800940400100000000081bf023c4000428c50
:10641800c003427cff0042308e04001000000000e0
:1064280081bf023c4000428c0004427cff004230a5
:10643800880400100000000081bf023c4000428c2c
:106448004004427cff00423082040010000000003b
:1064580081bf023c4000428c8004427cff004230f5
:106468007c0400100000000081bf023c4000428c08
:10647800c004427cff004230760400100000000097
:1064880081bf023c4000428c0005427cff00423044
:10649800700400100000000081bf023c4000428ce4
:1064a8004005427cff0042306a04001000000000f2
:1064b80081bf023c4000428c8005427cff00423094
:1064c800640400100000000081bf023c4000428cc0
:1064d800c005427cff0042305e040010000000004e
:1064e80081bf023c4000428c0006427cff004230e3
:1064f800580400100000000081bf023c4000428c9c
:106508004006427cff0042305204001000000000a8
:1065180081bf023c4000428c8006427cff00423032
:106528004c0400100000000081bf023c4000428c77
:10653800c006427cff004230460400100000000004
:1065480081bf023c4000428c0007427cff00423081
:10655800400400100000000081bf023c4000428c53
:106568004007427cff0042303a040010000000005f
:1065780081bf023c4000428c8007427cff004230d1
:10658800340400100000000081bf023c4000428c2f
:10659800c007427cff0042302e04001000000000bb
:1065a80081bf023c5000428c0000427cff00423018
:1065b800280400100000000081bf023c5000428cfb
:1065c8004000427cff00423022040010000000001e
:1065d80081bf023c5000428c8000427cff00423068
:1065e8001c0400100000000081bf023c5000428cd7
:1065f800c000427cff00423016040010000000007a
:1066080081bf023c5000428c0001427cff004230b6
:10661800100400100000000081bf023c5000428cb2
:106628004001427cff0042300a04001000000000d4
:1066380081bf023c5000428c8001427cff00423006
:10664800040400100000000081bf023c5000428c8e
:10665800c001427cff004230fe0300100000000031
:1066680081bf023c5000428c0002427cff00423055
:10667800f80300100000000081bf023c5000428c6b
:106688004002427cff004230f2030010000000008c
:1066980081bf023c5000428c8002427cff004230a5
:1066a800ec0300100000000081bf023c5000428c47
:1066b800c002427cff004230e603001000000000e8
:1066c80081bf023c5000428c0003427cff004230f4
:1066d800e00300100000000081bf023c5000428c23
:1066e8004003427cff004230da0300100000000043
:1066f80081bf023c5000428c8003427cff00423044
:10670800d40300100000000081bf023c5000428cfe
:10671800c003427cff004230ce030010000000009e
:1067280081bf023c5000428c0004427cff00423092
:10673800c80300100000000081bf023c5000428cda
:106748004004427cff004230c203001000000000f9
:1067580081bf023c5000428c8004427cff004230e2
:10676800bc0300100000000081bf023c5000428cb6
:10677800c004427cff004230b60300100000000055
:1067880081bf023c5000428c0005427cff00423031
:10679800b00300100000000081bf023c5000428c92
:1067a8004005427cff004230aa03001000000000b0
:1067b80081bf023c5000428c8005427cff00423081
:1067c800a40300100000000081bf023c5000428c6e
:1067d800c005427cff0042309e030010000000000c
:1067e80081bf023c5000428c0006427cff004230d0
:1067f800980300100000000081bf023c5000428c4a
:106808004006427cff004230920300100000000066
:1068180081bf023c5000428c8006427cff0042301f
:106828008c0300100000000081bf023c5000428c25
:10683800c006427cff0042308603001000000000c2
:1068480081bf023c5000428c0007427cff0042306e
:10685800800300100000000081bf023c5000428c01
:106868004007427cff0042307a030010000000001d
:1068780081bf023c5000428c8007427cff004230be
:10688800740300100000000081bf023c5000428cdd
:10689800c007427cff0042306e0300100000000079
:1068a80081bf023c6000428c0000427cff00423005
:1068b800680300100000000081bf023c6000428ca9
:1068c8004000427cff0042306203001000000000dc
:1068d80081bf023c6000428c8000427cff00423055
:1068e8005c0300100000000081bf023c6000428c85
:1068f800c000427cff004230560300100000000038
:1069080081bf023c6000428c0001427cff004230a3
:10691800500300100000000081bf023c6000428c60
:106928004001427cff0042304a0300100000000092
:1069380081bf023c6000428c8001427cff004230f3
:10694800440300100000000081bf023c6000428c3c
:10695800c001427cff0042303e03001000000000ee
:1069680081bf023c6000428c0002427cff00423042
:10697800380300100000000081bf023c6000428c18
:106988004002427cff004230320300100000000049
:1069980081bf023c6000428c8002427cff00423092
:1069a8002c0300100000000081bf023c6000428cf4
:1069b800c002427cff0042302603001000000000a5
:1069c80081bf023c6000428c0003427cff004230e1
:1069d800200300100000000081bf023c6000428cd0
:1069e8004003427cff0042301a0300100000000000
:1069f80081bf023c6000428c8003427cff00423031
:106a0800140300100000000081bf023c6000428cab
:106a1800c003427cff0042300e030010000000005b
:106a280081bf023c6000428c0004427cff0042307f
:106a3800080300100000000081bf023c6000428c87
:106a48004004427cff0042300203001000000000b6
:106a580081bf023c6000428c8004427cff004230cf
:106a6800fc0200100000000081bf023c6000428c64
:106a7800c004427cff004230f60200100000000013
:106a880081bf023c6000428c0005427cff0042301e
:106a9800f00200100000000081bf023c6000428c40
:106aa8004005427cff004230ea020010000000006e
:106ab80081bf023c6000428c8005427cff0042306e
:106ac800e40200100000000081bf023c6000428c1c
:106ad800c005427cff004230de02001000000000ca
:106ae80081bf023c6000428c0006427cff004230bd
:106af800d80200100000000081bf023c6000428cf8
:106b08004006427cff004230d20200100000000024
:106b180081bf023c6000428c8006427cff0042300c
:106b2800cc0200100000000081bf023c6000428cd3
:106b3800c006427cff004230c60200100000000080
:106b480081bf023c6000428c0007427cff0042305b
:106b5800c00200100000000081bf023c6000428caf
:106b68004007427cff004230ba02001000000000db
:106b780081bf023c6000428c8007427cff004230ab
:106b8800b40200100000000081bf023c6000428c8b
:106b9800c007427cff004230ae0200100000000037
:106ba80081bf023c7000428c0000427cff004230f2
:106bb800a80200100000000081bf023c7000428c57
:106bc8004000427cff004230a2020010000000009a
:106bd80081bf023c7000428c8000427cff00423042
:106be8009c0200100000000081bf023c7000428c33
:106bf800c000427cff0042309602001000000000f6
:106c080081bf023c7000428c0001427cff00423090
:106c1800900200100000000081bf023c7000428c0e
:106c28004001427cff0042308a0200100000000050
:106c380081bf023c7000428c8001427cff004230e0
:106c4800840200100000000081bf023c7000428cea
:106c5800c001427cff0042307e02001000000000ac
:106c680081bf023c7000428c0002427cff0042302f
:106c7800780200100000000081bf023c7000428cc6
:106c88004002427cff004230720200100000000007
:106c980081bf023c7000428c8002427cff0042307f
:106ca8006c0200100000000081bf023c7000428ca2
:106cb8004003427cff0042306602001000000000e2
:106cc80081bf023c7000428c8003427cff0042304e
:106cd800600200100000000081bf023c7000428c7e
:106ce800c003427cff0042305a020010000000003e
:106cf80081bf023c7000428c0004427cff0042309d
:106d0800540200100000000081bf023c7000428c59
:106d18004004427cff0042304e0200100000000098
:106d280081bf023c7000428c8004427cff004230ec
:106d3800480200100000000081bf023c7000428c35
:106d4800c004427cff0042304202001000000000f4
:106d580081bf023c7000428c0005427cff0042303b
:106d68003c0200100000000081bf023c7000428c11
:106d78004005427cff00423036020010000000004f
:106d880081bf023c7000428c8005427cff0042308b
:106d9800300200100000000081bf023c7000428ced
:106da800c005427cff0042302a02001000000000ab
:106db80081bf023c7000428c0006427cff004230da
:106dc800240200100000000081bf023c7000428cc9
:106dd8004006427cff0042301e0200100000000006
:106de80081bf023c7000428c8006427cff0042302a
:106df800180200100000000081bf023c7000428ca5
:106e0800c006427cff004230120200100000000061
:106e180081bf023c7000428c0007427cff00423078
:106e28000c0200100000000081bf023c7000428c80
:106e38004007427cff0042300602001000000000bc
:106e480081bf023c7000428c8007427cff004230c8
:106e5800000200100000000081bf023c7000428c5c
:106e6800c007427cff004230fa0100100000000019
:106e780081bf023c8000428c0000427cff0042300f
:106e8800f40100100000000081bf023c8000428c29
:106e98004000427cff004230ee010010000000007c
:106ea80081bf023c8000428c8000427cff0042305f
:106eb800e80100100000000081bf023c8000428c05
:106ec800c000427cff004230e201001000000000d8
:106ed80081bf023c8000428c0001427cff004230ae
:106ee800dc0100100000000081bf023c8000428ce1
:106ef8004001427cff004230d60100100000000033
:106f080081bf023c8000428c8001427cff004230fd
:106f1800d00100100000000081bf023c8000428cbc
:106f2800c001427cff004230ca010010000000008e
:106f380081bf023c8000428c0002427cff0042304c
:106f4800c40100100000000081bf023c8000428c98
:106f58004002427cff004230be01001000000000e9
:106f680081bf023c8000428c8002427cff0042309c
:106f7800b80100100000000081bf023c8000428c74
:106f8800c002427cff004230b20100100000000045
:106f980081bf023c8000428c0003427cff004230eb
:106fa800ac0100100000000081bf023c8000428c50
:106fb8004003427cff004230a601001000000000a0
:106fc80081bf023c8000428c8003427cff0042303b
:106fd800a00100100000000081bf023c8000428c2c
:106fe800c003427cff0042309a01001000000000fc
:106ff80081bf023c8000428c0004427cff0042308a
:10700800940100100000000081bf023c8000428c07
:107018004004427cff0042308e0100100000000056
:1070280081bf023c8000428c8004427cff004230d9
:10703800880100100000000081bf023c8000428ce3
:10704800c004427cff0042308201001000000000b2
:1070580081bf023c8000428c0005427cff00423028
:107068007c0100100000000081bf023c8000428cbf
:107078004005427cff00423076010010000000000d
:1070880081bf023c8000428c8005427cff00423078
:10709800700100100000000081bf023c8000428c9b
:1070a800c005427cff0042306a0100100000000069
:1070b80081bf023c8000428c0006427cff004230c7
:1070c800640100100000000081bf023c8000428c77
:1070d8004006427cff0042305e01001000000000c4
:1070e80081bf023c8000428c8006427cff00423017
:1070f800580100100000000081bf023c8000428c53
:10710800c006427cff00423052010010000000001f
:1071180081bf023c8000428c0007427cff00423065
:107128004c0100100000000081bf023c8000428c2e
:107138004007427cff00423046010010000000007a
:1071480081bf023c8000428c8007427cff004230b5
:10715800400100100000000081bf023c8000428c0a
:10716800c007427cff0042303a01001000000000d6
:1071780081bf023c9000428c0000427cff004230fc
:10718800340100100000000081bf023c9000428cd6
:107198004000427cff0042302e0100100000000039
:1071a80081bf023c9000428c8000427cff0042304c
:1071b800280100100000000081bf023c9000428cb2
:1071c800c000427cff004230220100100000000095
:1071d80081bf023c9000428c0001427cff0042309b
:1071e8001c0100100000000081bf023c9000428c8e
:1071f8004001427cff0042301601001000000000f0
:1072080081bf023c9000428c8001427cff004230ea
:10721800100100100000000081bf023c9000428c69
:10722800c001427cff0042300a010010000000004b
:1072380081bf023c9000428c0002427cff00423039
:10724800040100100000000081bf023c9000428c45
:107258004002427cff004230fe00001000000000a7
:1072680081bf023c9000428c8002427cff00423089
:10727800f80000100000000081bf023c9000428c22
:10728800c002427cff004230f20000100000000003
:1072980081bf023c9000428c0003427cff004230d8
:1072a800ec0000100000000081bf023c9000428cfe
:1072b8004003427cff004230e6000010000000005e
:1072c80081bf023c9000428c8003427cff00423028
:1072d800e00000100000000081bf023c9000428cda
:1072e800c003427cff004230da00001000000000ba
:1072f80081bf023c9000428c0004427cff00423077
:10730800d40000100000000081bf023c9000428cb5
:107318004004427cff004230ce0000100000000014
:1073280081bf023c9000428c8004427cff004230c6
:10733800c80000100000000081bf023c9000428c91
:10734800c004427cff004230c20000100000000070
:1073580081bf023c9000428c0005427cff00423015
:10736800bc0000100000000081bf023c9000428c6d
:107378004005427cff004230b600001000000000cb
:1073880081bf023c9000428c8005427cff00423065
:10739800b00000100000000081bf023c9000428c49
:1073a800c005427cff004230aa0000100000000027
:1073b80081bf023c9000428c0006427cff004230b4
:1073c800a40000100000000081bf023c9000428c25
:1073d8004006427cff0042309e0000100000000082
:1073e80081bf023c9000428c8006427cff00423004
:1073f800980000100000000081bf023c9000428c01
:10740800c006427cff0042309200001000000000dd
:1074180081bf023c9000428c0007427cff00423052
:107428008c0000100000000081bf023c9000428cdc
:107438004007427cff004230860000100000000038
:1074480081bf023c9000428c8007427cff004230a2
:10745800800000100000000081bf023c9000428cb8
:10746800c007427cff0042307a0000100000000094
:1074780081bf023ca000428c0000427cff004230e9
:10748800740000100000000081bf023ca000428c84
:107498004000427cff0042306e00001000000000f7
:1074a80081bf023ca000428cc000427cff004230f9
:1074b800680000100000000081bf023ca000428c60
:1074c8000001427cff004230620000100000000012
:1074d80081bf023ca000428c4001427cff00423048
:1074e8005c0000100000000081bf023ca000428c3c
:1074f8008001427cff00423056000010000000006e
:1075080081bf023ca000428cc001427cff00423097
:10751800500000100000000081bf023ca000428c17
:107528000002427cff0042304a00001000000000c8
:1075380081bf023ca000428c4002427cff004230e6
:10754800440000100000000081bf023ca000428cf3
:107558008002427cff0042303e0000100000000024
:1075680081bf023ca000428cc002427cff00423036
:10757800380000100000000081bf023ca000428ccf
:107588004003427cff00423032000010000000003f
:1075980081bf023ca000428c8003427cff00423045
:1075a8002c0000100000000081bf023ca000428cab
:1075b800c003427cff00423026000010000000009b
:1075c80081bf023ca000428c0004427cff00423094
:1075d800200000100000000081bf023ca000428c87
:1075e8004004427cff0042301a00001000000000f6
:1075f80081bf023ca000428c8004427cff004230e4
:10760800140000100000000081bf023ca000428c62
:10761800c004427cff0042300e0000100000000051
:1076280081bf023ca000428c8005427cff004230b2
:10763800080000100000000081bf023ca000428c3e
:10764800c005427cff00423002000010000000002c
:107658002510000025e8c0030400be8f0800bd27e0
:107668000800e00300000000f8ffbd270400beafdb
:1076780025f0a0030800c4af2510a0000c00c2a389
:107688000c00c2930800422c0300401400000000c4
:10769800070002240c00c2a30800c28fd800422ca5
:1076a80045084010000000000800c28f8018020042
:1076b800009d023cd0764224211062000000428cda
:1076c8000800400000000000307a009d547a009db8
:1076d800787a009d9c7a009dc07a009de47a009d8e
:1076e800087b009d2c7b009d507b009d747b009d3a
:1076f800987b009dbc7b009de07b009d047c009de9
:10770800287c009d4c7c009d707c009d947c009d95
:10771800b87c009ddc7c009d007d009d247d009d43
:10772800487d009d6c7d009d907d009db47d009df1
:10773800d87d009dfc7d009d247e009d487e009d97
:107748006c7e009d907e009db47e009dd87e009d3d
:10775800fc7e009d207f009d447f009d687f009dea
:107768008c7f009db07f009dd47f009df87f009d99
:107778001c80009d4080009d6480009d8880009d45
:10778800ac80009dd080009df480009d1881009df4
:107798003c81009d6081009d8481009da881009da1
:1077a800cc81009df081009d1482009d3882009d4f
:1077b8005c82009d8082009da482009dc882009dfd
:1077c800ec82009d1083009d3483009d5883009daa
:1077d8007c83009da083009dc483009de883009d59
:1077e8000c84009d3084009d5484009d7884009d05
:1077f8009c84009dc084009de484009d0885009db4
:107808002c85009d5085009d7485009d9885009d60
:10781800bc85009de085009d0486009d2886009d0e
:107828004c86009d7086009d9486009db886009dbc
:10783800dc86009d0087009d2487009d4887009d69
:107848006c87009d9087009db487009dd887009d18
:10785800fc87009d2088009d4488009d6888009dc5
:107868008c88009db088009dd488009df888009d74
:107878001c89009dc097009dc097009d4089009d70
:107888006489009d8889009dac89009dd089009df0
:10789800f489009d188a009d3c8a009d608a009d9d
:1078a800848a009da88a009dcc8a009df08a009d4c
:1078b800148b009d388b009d5c8b009d808b009df8
:1078c800a48b009dc88b009dec8b009d108c009da7
:1078d800348c009d588c009d7c8c009da08c009d54
:1078e800c48c009de88c009d0c8d009d308d009d02
:1078f800548d009d788d009d9c8d009dc08d009db0
:10790800e48d009d088e009d2c8e009d508e009d5c
:10791800748e009d988e009dbc8e009de08e009d0b
:10792800048f009d288f009d4c8f009d708f009db7
:10793800948f009db88f009ddc8f009d0090009d66
:107948002490009d4890009d6c90009d9090009d13
:10795800b490009dd890009dfc90009d2091009dc2
:107968004491009d6891009d8c91009db091009d6f
:10797800d491009df891009d1c92009d4092009d1d
:107988006492009d8892009dac92009dd092009dcb
:10799800f492009d1893009d3c93009d6093009d78
:1079a8008493009da893009dcc93009df093009d27
:1079b8001494009d3894009d5c94009d8094009dd3
:1079c800a494009dc894009df094009d1495009d7a
:1079d800c097009d3895009d5c95009d8095009d01
:1079e800a495009dc895009dec95009d1096009d5e
:1079f8003496009d5896009dc097009d7c96009dea
:107a0800a096009dc496009de896009d0c97009d49
:107a18003097009d5497009dc097009dc097009d8a
:107a28007897009d9c97009d0c00c29307004230f8
:107a3800ff00443081bf033c4001628c8420827c7b
:107a4800400162ac5d070010000000000c00c2930a
:107a580007004230ff00443081bf033c4001628c84
:107a68008462827c400162ac540700100000000070
:107a78000c00c29307004230ff00443081bf033c32
:107a88004001628c84a4827c400162ac4b070010e8
:107a9800000000000c00c29307004230ff00443091
:107aa80081bf033c4001628c84e6827c400162ac69
:107ab80042070010000000000c00c293070042308b
:107ac800ff00443081bf033c5001628c8420827cdb
:107ad800500162ac39070010000000000c00c2938e
:107ae80007004230ff00443081bf033c5001628ce4
:107af8008462827c500162ac3007001000000000f4
:107b08000c00c29307004230ff00443081bf033ca1
:107b18005001628c84a4827c500162ac270700105b
:107b2800000000000c00c29307004230ff00443000
:107b380081bf033c5001628c84e6827c500162acb8
:107b48001e070010000000000c00c293070042301e
:107b5800ff00443081bf033c6001628c8420827c3a
:107b6800600162ac15070010000000000c00c29311
:107b780007004230ff00443081bf033c6001628c43
:107b88008462827c600162ac0c0700100000000077
:107b98000c00c29307004230ff00443081bf033c11
:107ba8006001628c84a4827c600162ac03070010cf
:107bb800000000000c00c29307004230ff00443070
:107bc80081bf033c6001628c84e6827c600162ac08
:107bd800fa060010000000000c00c29307004230b3
:107be800ff00443081bf033c7001628c8420827c9a
:107bf800700162acf1060010000000000c00c29396
:107c080007004230ff00443081bf033c7001628ca2
:107c18008462827c700162ace806001000000000fb
:107c28000c00c29307004230ff00443081bf033c80
:107c38007001628c84a4827c700162acdf06001043
:107c4800000000000c00c29307004230ff004430df
:107c580081bf033c7001628c84e6827c700162ac57
:107c6800d6060010000000000c00c2930700423046
:107c7800ff00443081bf033c8001628c8420827cf9
:107c8800800162accd060010000000000c00c29319
:107c980007004230ff00443081bf033c8001628c02
:107ca8008462827c800162acc4060010000000007f
:107cb8000c00c29307004230ff00443081bf033cf0
:107cc8008001628c84a4827c800162acbb060010b7
:107cd800000000000c00c29307004230ff0044304f
:107ce80081bf033c8001628c84e6827c800162aca7
:107cf800b2060010000000000c00c29307004230da
:107d0800ff00443081bf033c9001628c8420827c58
:107d1800900162aca9060010000000000c00c2939c
:107d280007004230ff00443081bf033c9001628c61
:107d38008462827c900162aca00600100000000002
:107d48000c00c29307004230ff00443081bf033c5f
:107d58009001628c84a4827c900162ac970600102a
:107d6800000000000c00c29307004230ff004430be
:107d780081bf033c9001628c84e6827c900162acf6
:107d88008e060010000000000c00c293070042306d
:107d9800ff00443081bf033ca001628c8420827cb8
:107da800a00162ac85060010000000000c00c29320
:107db80007004230ff00443081bf033ca001628cc1
:107dc8008462827ca00162ac7c0600100000000086
:107dd8000c00c29307004230ff00443081bf033ccf
:107de800a001628c84a4827ca00162ac730600109e
:107df8000000000081bf023c001c033ca40143ac0e
:107e08000c00c293801602002518400081bf023c76
:107e1800a80143ac69060010000000000c00c293e2
:107e280007004230ff00443081bf033cb001628c40
:107e38008420827cb00162ac600600100000000063
:107e48000c00c29307004230ff00443081bf033c5e
:107e5800b001628c8462827cb00162ac570600106b
:107e6800000000000c00c29307004230ff004430bd
:107e780081bf033cb001628c84a4827cb00162acf7
:107e88004e060010000000000c00c29307004230ac
:107e9800ff00443081bf033cb001628c84e6827ce1
:107ea800b00162ac45060010000000000c00c2934f
:107eb80007004230ff00443081bf033cc001628ca0
:107ec8008420827cc00162ac3c06001000000000e7
:107ed8000c00c29307004230ff00443081bf033cce
:107ee800c001628c8462827cc00162ac33060010df
:107ef800000000000c00c29307004230ff0044302d
:107f080081bf033cc001628c84a4827cc00162ac46
:107f18002a060010000000000c00c293070042303f
:107f2800ff00443081bf033cc001628c84e6827c40
:107f3800c00162ac21060010000000000c00c293d2
:107f480007004230ff00443081bf033cd001628cff
:107f58008420827cd00162ac18060010000000006a
:107f68000c00c29307004230ff00443081bf033c3d
:107f7800d001628c8462827cd00162ac0f06001052
:107f8800000000000c00c29307004230ff0044309c
:107f980081bf033cd001628c84a4827cd00162ac96
:107fa80006060010000000000c00c29307004230d3
:107fb800ff00443081bf033cd001628c84e6827ca0
:107fc800d00162acfd050010000000000c00c29357
:107fd80007004230ff00443081bf033ce001628c5f
:107fe8008420827ce00162acf405001000000000ef
:107ff8000c00c29307004230ff00443081bf033cad
:10800800e001628c8462827ce00162aceb050010c6
:10801800000000000c00c29307004230ff0044300b
:1080280081bf033ce001628c84a4827ce00162ace5
:10803800e2050010000000000c00c2930700423067
:10804800ff00443081bf033ce001628c84e6827cff
:10805800e00162acd9050010000000000c00c293da
:1080680007004230ff00443081bf033cf001628cbe
:108078008420827cf00162acd00500100000000072
:108088000c00c29307004230ff00443081bf033c1c
:10809800f001628c8462827cf00162acc70500103a
:1080a800000000000c00c29307004230ff0044307b
:1080b80081bf033cf001628c84a4827cf00162ac35
:1080c800be050010000000000c00c29307004230fb
:1080d800ff00443081bf033cf001628c84e6827c5f
:1080e800f00162acb5050010000000000c00c2935e
:1080f80007004230ff00443081bf033c0002628c1d
:108108008420827c000262acac05001000000000f4
:108118000c00c29307004230ff00443081bf033c8b
:108128000002628c8462827c000262aca3050010ab
:10813800000000000c00c29307004230ff004430ea
:1081480081bf033c0002628c84a4827c000262ac82
:108158009a050010000000000c00c293070042308e
:10816800ff00443081bf033c0002628c84e6827cbd
:10817800000262ac91050010000000000c00c293e0
:1081880007004230ff00443081bf033c1002628c7c
:108198008420827c100262ac880500100000000078
:1081a8000c00c29307004230ff00443081bf033cfb
:1081b8001002628c8462827c100262ac7f0500101f
:1081c800000000000c00c29307004230ff0044305a
:1081d80081bf033c1002628c84a4827c100262acd2
:1081e80076050010000000000c00c2930700423022
:1081f800ff00443081bf033c1002628c84e6827c1d
:10820800100262ac6d050010000000000c00c29363
:1082180007004230ff00443081bf033c2002628cdb
:108228008420827c200262ac6405001000000000fb
:108238000c00c29307004230ff00443081bf033c6a
:108248002002628c8462827c200262ac5b05001092
:10825800000000000c00c29307004230ff004430c9
:1082680081bf033c2002628c84a4827c200262ac21
:1082780052050010000000000c00c29307004230b5
:10828800ff00443081bf033c2002628c84e6827c7c
:10829800200262ac49050010000000000c00c293e7
:1082a80007004230ff00443081bf033c3002628c3b
:1082b8008420827c300262ac40050010000000007f
:1082c8000c00c29307004230ff00443081bf033cda
:1082d8003002628c8462827c300262ac3705001006
:1082e800000000000c00c29307004230ff00443039
:1082f80081bf033c3002628c84a4827c300262ac71
:108308002e050010000000000c00c2930700423048
:10831800ff00443081bf033c3002628c84e6827cdb
:10832800300262ac25050010000000000c00c2936a
:1083380007004230ff00443081bf033c4002628c9a
:108348008420827c400262ac1c0500100000000002
:108358000c00c29307004230ff00443081bf033c49
:108368004002628c8462827c400262ac1305001079
:10837800000000000c00c29307004230ff004430a8
:1083880081bf033c4002628c84a4827c400262acc0
:108398000a050010000000000c00c29307004230dc
:1083a800ff00443081bf033c4002628c84e6827c3b
:1083b800400262ac01050010000000000c00c293ee
:1083c80007004230ff00443081bf033c5002628cfa
:1083d8008420827c500262acf80400100000000087
:1083e8000c00c29307004230ff00443081bf033cb9
:1083f8005002628c8462827c500262acef040010ee
:10840800000000000c00c29307004230ff00443017
:1084180081bf033c5002628c84a4827c500262ac0f
:10842800e6040010000000000c00c2930700423070
:10843800ff00443081bf033c5002628c84e6827c9a
:10844800500262acdd040010000000000c00c29372
:1084580007004230ff00443081bf033c6002628c59
:108468008420827c600262acd4040010000000000a
:108478000c00c29307004230ff00443081bf033c28
:108488006002628c8462827c600262accb04001061
:10849800000000000c00c29307004230ff00443087
:1084a80081bf033c6002628c84a4827c600262ac5f
:1084b800c2040010000000000c00c2930700423004
:1084c800ff00443081bf033c6002628c84e6827cfa
:1084d800600262acb9040010000000000c00c293f6
:1084e80007004230ff00443081bf033c7002628cb9
:1084f8008420827c700262acb0040010000000008e
:108508000c00c29307004230ff00443081bf033c97
:108518007002628c8462827c700262aca7040010d4
:10852800000000000c00c29307004230ff004430f6
:1085380081bf033c7002628c84a4827c700262acae
:108548009e040010000000000c00c2930700423097
:10855800ff00443081bf033c7002628c84e6827c59
:10856800700262ac95040010000000000c00c29379
:1085780007004230ff00443081bf033c8002628c18
:108588008420827c800262ac8c0400100000000011
:108598000c00c29307004230ff00443081bf033c07
:1085a8008002628c8462827c800262ac8304001048
:1085b800000000000c00c29307004230ff00443066
:1085c80081bf033c8002628c84a4827c800262acfe
:1085d8007a040010000000000c00c293070042302b
:1085e800ff00443081bf033c8002628c84e6827cb9
:1085f800800262ac71040010000000000c00c293fd
:1086080007004230ff00443081bf033c9002628c77
:108618008420827c900262ac680400100000000094
:108628000c00c29307004230ff00443081bf033c76
:108638009002628c8462827c900262ac5f040010bb
:10864800000000000c00c29307004230ff004430d5
:1086580081bf033c9002628c84a4827c900262ac4d
:1086680056040010000000000c00c29307004230be
:10867800ff00443081bf033c9002628c84e6827c18
:10868800900262ac4d040010000000000c00c29380
:1086980007004230ff00443081bf033ca002628cd7
:1086a8008420827ca00262ac440400100000000018
:1086b8000c00c29307004230ff00443081bf033ce6
:1086c800a002628c8462827ca00262ac3b0400102f
:1086d800000000000c00c29307004230ff00443045
:1086e80081bf033ca002628c84a4827ca00262ac9d
:1086f80032040010000000000c00c2930700423052
:10870800ff00443081bf033ca002628c84e6827c77
:10871800a00262ac29040010000000000c00c29303
:1087280007004230ff00443081bf033cb002628c36
:108738008420827cb00262ac20040010000000009b
:108748000c00c29307004230ff00443081bf033c55
:10875800b002628c8462827cb00262ac17040010a2
:10876800000000000c00c29307004230ff004430b4
:1087780081bf033cb002628c84a4827cb00262acec
:108788000e040010000000000c00c29307004230e5
:10879800ff00443081bf033cb002628c84e6827cd7
:1087a800b00262ac05040010000000000c00c29387
:1087b80007004230ff00443081bf033cc002628c96
:1087c8008420827cc00262acfc0300100000000020
:1087d8000c00c29307004230ff00443081bf033cc5
:1087e800c002628c8462827cc00262acf303001017
:1087f800000000000c00c29307004230ff00443024
:1088080081bf033cc002628c84a4827cc00262ac3b
:10881800ea030010000000000c00c2930700423079
:10882800ff00443081bf033cc002628c84e6827c36
:10883800c00262ace1030010000000000c00c2930b
:1088480007004230ff00443081bf033cd002628cf5
:108858008420827cd00262acd803001000000000a3
:108868000c00c29307004230ff00443081bf033c34
:10887800d002628c8462827cd00262accf0300108a
:10888800000000000c00c29307004230ff00443093
:1088980081bf033cd002628c84a4827cd00262ac8b
:1088a800c6030010000000000c00c293070042300d
:1088b800ff00443081bf033cd002628c84e6827c96
:1088c800d00262acbd030010000000000c00c2938f
:1088d80007004230ff00443081bf033ce002628c55
:1088e8008420827ce00262acb40300100000000027
:1088f8000c00c29307004230ff00443081bf033ca4
:10890800e002628c8462827ce00262acab030010fd
:10891800000000000c00c29307004230ff00443002
:1089280081bf033ce002628c84a4827ce00262acda
:10893800a2030010000000000c00c29307004230a0
:10894800ff00443081bf033cf002628c8462827c69
:10895800f00262ac99030010000000000c00c29302
:1089680007004230ff00443081bf033cf002628cb4
:1089780084a4827cf00262ac900300100000000026
:108988000c00c29307004230ff00443081bf033c13
:10899800f002628c84e6827cf00262ac87030010ed
:1089a800000000000c00c29307004230ff00443072
:1089b80081bf033c0003628c8420827c000362ac8c
:1089c8007e030010000000000c00c2930700423034
:1089d800ff00443081bf033c0003628c8462827cc8
:1089e800000362ac75030010000000000c00c29385
:1089f80007004230ff00443081bf033c0003628c13
:108a080084a4827c000362ac6c03001000000000a8
:108a18000c00c29307004230ff00443081bf033c82
:108a28000003628c84e6827c000362ac630300105e
:108a3800000000000c00c29307004230ff004430e1
:108a480081bf033c1003628c8420827c100362acdb
:108a58005a030010000000000c00c29307004230c7
:108a6800ff00443081bf033c1003628c8462827c27
:108a7800100362ac51030010000000000c00c29308
:108a880007004230ff00443081bf033c1003628c72
:108a980084a4827c100362ac48030010000000002c
:108aa8000c00c29307004230ff00443081bf033cf2
:108ab8001003628c84e6827c100362ac3f030010d2
:108ac800000000000c00c29307004230ff00443051
:108ad80081bf033c2003628c8420827c200362ac2b
:108ae80036030010000000000c00c293070042305b
:108af800ff00443081bf033c2003628c8462827c87
:108b0800200362ac2d030010000000000c00c2938b
:108b180007004230ff00443081bf033c2003628cd1
:108b280084a4827c200362ac2403001000000000af
:108b38000c00c29307004230ff00443081bf033c61
:108b48002003628c84e6827c200362ac1b03001045
:108b5800000000000c00c29307004230ff004430c0
:108b680081bf033c3003628c8420827c300362ac7a
:108b780012030010000000000c00c29307004230ee
:108b8800ff00443081bf033c3003628c8462827ce6
:108b9800300362ac09030010000000000c00c2930f
:108ba80007004230ff00443081bf033c3003628c31
:108bb80084a4827c300362ac000300100000000033
:108bc8000c00c29307004230ff00443081bf033cd1
:108bd8003003628c84e6827c300362acf7020010ba
:108be800000000000c00c29307004230ff00443030
:108bf80081bf033c4003628c8420827c400362acca
:108c0800ee020010000000000c00c2930700423082
:108c1800ff00443081bf033c4003628c8462827c45
:108c2800400362ace5020010000000000c00c29393
:108c380007004230ff00443081bf033c4003628c90
:108c480084a4827c400362acdc02001000000000b7
:108c58000c00c29307004230ff00443081bf033c40
:108c68004003628c84e6827c400362acd30200102d
:108c7800000000000c00c29307004230ff0044309f
:108c880081bf033c5003628c8420827c500362ac19
:108c9800ca020010000000000c00c2930700423016
:108ca800ff00443081bf033c5003628c8462827ca5
:108cb800500362acc1020010000000000c00c29317
:108cc80007004230ff00443081bf033c5003628cf0
:108cd80084a4827c500362acb8020010000000003b
:108ce8000c00c29307004230ff00443081bf033cb0
:108cf8005003628c84e6827c500362acaf020010a1
:108d0800000000000c00c29307004230ff0044300e
:108d180081bf033c6003628c8420827c600362ac68
:108d2800a6020010000000000c00c29307004230a9
:108d3800ff00443081bf033c6003628c8462827c04
:108d4800600362ac9d020010000000000c00c2939a
:108d580007004230ff00443081bf033c6003628c4f
:108d680084a4827c600362ac9402001000000000be
:108d78000c00c29307004230ff00443081bf033c1f
:108d88006003628c84e6827c600362ac8b02001014
:108d9800000000000c00c29307004230ff0044307e
:108da80081bf033c7003628c8420827c700362acb8
:108db80082020010000000000c00c293070042303d
:108dc800ff00443081bf033c7003628c8462827c64
:108dd800700362ac79020010000000000c00c2931e
:108de80007004230ff00443081bf033c7003628caf
:108df80084a4827c700362ac700200100000000042
:108e08000c00c29307004230ff00443081bf033c8e
:108e18007003628c84e6827c700362ac6702001087
:108e2800000000000c00c29307004230ff004430ed
:108e380081bf033c8003628c8420827c800362ac07
:108e48005e020010000000000c00c29307004230d0
:108e5800ff00443081bf033c8003628c8462827cc3
:108e6800800362ac55020010000000000c00c293a1
:108e780007004230ff00443081bf033c8003628c0e
:108e880084a4827c800362ac4c02001000000000c5
:108e98000c00c29307004230ff00443081bf033cfe
:108ea8008003628c84e6827c800362ac43020010fb
:108eb800000000000c00c29307004230ff0044305d
:108ec80081bf033c9003628c8420827c900362ac57
:108ed8003a020010000000000c00c2930700423064
:108ee800ff00443081bf033c9003628c8462827c23
:108ef800900362ac31020010000000000c00c29325
:108f080007004230ff00443081bf033c9003628c6d
:108f180084a4827c900362ac280200100000000048
:108f28000c00c29307004230ff00443081bf033c6d
:108f38009003628c84e6827c900362ac1f0200106e
:108f4800000000000c00c29307004230ff004430cc
:108f580081bf033ca003628c8420827ca00362aca6
:108f680016020010000000000c00c29307004230f7
:108f7800ff00443081bf033ca003628c8462827c82
:108f8800a00362ac0d020010000000000c00c293a8
:108f980007004230ff00443081bf033ca003628ccd
:108fa80084a4827ca00362ac0402001000000000cc
:108fb8000c00c29307004230ff00443081bf033cdd
:108fc800a003628c84e6827ca00362acfb010010e3
:108fd800000000000c00c29307004230ff0044303c
:108fe80081bf033cb003628c8420827cb00362acf6
:108ff800f2010010000000000c00c293070042308c
:10900800ff00443081bf033cb003628c8462827ce1
:10901800b00362ace9010010000000000c00c2932c
:1090280007004230ff00443081bf033cb003628c2c
:1090380084a4827cb00362ace00100100000000050
:109048000c00c29307004230ff00443081bf033c4c
:10905800b003628c84e6827cb00362acd701001056
:10906800000000000c00c29307004230ff004430ab
:1090780081bf033cc003628c8420827cc00362ac45
:10908800ce010010000000000c00c293070042301f
:10909800ff00443081bf033cc003628c8462827c41
:1090a800c00362acc5010010000000000c00c293b0
:1090b80007004230ff00443081bf033cc003628c8c
:1090c80084a4827cc00362acbc01001000000000d4
:1090d8000c00c29307004230ff00443081bf033cbc
:1090e800c003628c84e6827cc00362acb3010010ca
:1090f800000000000c00c29307004230ff0044301b
:1091080081bf033cd003628c8420827cd00362ac94
:10911800aa010010000000000c00c29307004230b2
:10912800ff00443081bf033cd003628c8462827ca0
:10913800d00362aca1010010000000000c00c29333
:1091480007004230ff00443081bf033cd003628ceb
:1091580084a4827cd00362ac980100100000000057
:109168000c00c29307004230ff00443081bf033c2b
:10917800d003628c84e6827cd00362ac8f0100103d
:10918800000000000c00c29307004230ff0044308a
:1091980081bf033ce003628c8420827ce00362ace4
:1091a80086010010000000000c00c2930700423046
:1091b800ff00443081bf033ce003628c8462827c00
:1091c800e00362ac7d010010000000000c00c293b7
:1091d80007004230ff00443081bf033ce003628c4b
:1091e80084a4827ce00362ac7401001000000000db
:1091f8000c00c29307004230ff00443081bf033c9b
:10920800e003628c84e6827ce00362ac6b010010b0
:10921800000000000c00c29307004230ff004430f9
:1092280081bf033cf003628c8420827cf00362ac33
:1092380062010010000000000c00c29307004230d9
:10924800ff00443081bf033cf003628c8462827c5f
:10925800f00362ac59010010000000000c00c2933a
:1092680007004230ff00443081bf033cf003628caa
:1092780084a4827cf00362ac50010010000000005e
:109288000c00c29307004230ff00443081bf033c0a
:10929800f003628c84e6827cf00362ac4701001024
:1092a800000000000c00c29307004230ff00443069
:1092b80081bf033c0004628c8420827c000462ac81
:1092c8003e010010000000000c00c293070042306d
:1092d800ff00443081bf033c0004628c8462827cbe
:1092e800000462ac35010010000000000c00c293bd
:1092f80007004230ff00443081bf033c0004628c09
:1093080084a4827c000462ac2c01001000000000e0
:109318000c00c29307004230ff00443081bf033c79
:109328000004628c84e6827c000462ac2301001095
:10933800000000000c00c29307004230ff004430d8
:1093480081bf033c1004628c8420827c100462acd0
:109358001a010010000000000c00c2930700423000
:10936800ff00443081bf033c1004628c8462827c1d
:10937800100462ac11010010000000000c00c29340
:1093880007004230ff00443081bf033c1004628c68
:1093980084a4827c100462ac080100100000000064
:1093a8000c00c29307004230ff00443081bf033ce9
:1093b8001004628c84e6827c100462acff0000100a
:1093c800000000000c00c29307004230ff00443048
:1093d80081bf033c2004628c8420827c200462ac20
:1093e800f6000010000000000c00c2930700423095
:1093f800ff00443081bf033c2004628c8462827c7d
:10940800200462aced000010000000000c00c293c4
:1094180007004230ff00443081bf033c2004628cc7
:1094280084a4827c200462ace400001000000000e8
:109438000c00c29307004230ff00443081bf033c58
:109448002004628c84e6827c200462acdb0000107d
:10945800000000000c00c29307004230ff004430b7
:1094680081bf033c3004628c8420827c300462ac6f
:10947800d2000010000000000c00c2930700423028
:10948800ff00443081bf033c3004628c8462827cdc
:10949800300462acc9000010000000000c00c29348
:1094a80007004230ff00443081bf033c3004628c27
:1094b80084a4827c300462acc0000010000000006c
:1094c80081bf023c001c033c340443ac0c00c29333
:1094d800801602002518400081bf023c380443acc6
:1094e800b6000010000000000c00c29307004230d4
:1094f800ff00443081bf033c4004628c8420827c9e
:10950800400462acad000010000000000c00c293e3
:1095180007004230ff00443081bf033c4004628ca6
:109528008462827c400462aca40000100000000049
:109538000c00c29307004230ff00443081bf033c57
:109548004004628c84e6827c400462ac9b0000107c
:10955800000000000c00c29307004230ff004430b6
:1095680081bf033c5004628c8420827c500462ac2e
:1095780092000010000000000c00c2930700423067
:10958800ff00443081bf033c5004628c8462827cbb
:10959800500462ac89000010000000000c00c29367
:1095a80007004230ff00443081bf033c5004628c06
:1095b80084a4827c500462ac80000010000000008b
:1095c8000c00c29307004230ff00443081bf033cc7
:1095d8005004628c84e6827c500462ac77000010f0
:1095e800000000000c00c29307004230ff00443026
:1095f80081bf033c6004628c8420827c600462ac7e
:109608006e000010000000000c00c29307004230fa
:10961800ff00443081bf033c6004628c8462827c1a
:10962800600462ac65000010000000000c00c293ea
:1096380007004230ff00443081bf033c6004628c65
:1096480084a4827c600462ac5c000010000000000e
:109658000c00c29307004230ff00443081bf033c36
:109668006004628c84e6827c600462ac5300001063
:10967800000000000c00c29307004230ff00443095
:1096880081bf033c7004628c8462827c700462ac8b
:109698004a000010000000000c00c293070042308e
:1096a800ff00443081bf033c7004628c84a4827c38
:1096b800700462ac41000010000000000c00c2936e
:1096c80007004230ff00443081bf033c7004628cc5
:1096d80084e6827c700462ac380000100000000050
:1096e8000c00c29307004230ff00443081bf033ca6
:1096f8008004628c8420827c800462ac2f0000107d
:10970800000000000c00c29307004230ff00443004
:1097180081bf033c8004628c8462827c800462acda
:1097280026000010000000000c00c2930700423021
:10973800ff00443081bf033c8004628c84a4827c97
:10974800800462ac1d000010000000000c00c293f1
:1097580007004230ff00443081bf033c8004628c24
:1097680084e6827c800462ac1400001000000000d3
:109778000c00c29307004230ff00443081bf033c15
:109788009004628c84a4827c900462ac0b0000106c
:10979800000000000c00c29307004230ff00443074
:1097a80081bf033c9004628c84e6827c900462aca6
:1097b800020000100000000000000000000000008f
:1097c80025e8c0030400be8f0800bd270800e00399
:1097d80000000000f8ffbd270400beaf25f0a0037d
:1097e8000800c4af2510a0000c00c2a30c00c2934f
:1097f8000400422c0300401400000000030002246f
:109808000c00c2a30800c28fd800422c45084010a3
:10981800000000000800c28f80180200019d023c71
:109828003c984224211062000000428c080040004d
:10983800000000009c9b009dc09b009de49b009d38
:10984800089c009d2c9c009d509c009d749c009d34
:10985800989c009dbc9c009de09c009d049d009de3
:10986800289d009d4c9d009d709d009d949d009d90
:10987800b89d009ddc9d009d009e009d249e009d3e
:10988800489e009d6c9e009d909e009db49e009dec
:10989800d89e009dfc9e009d209f009d449f009d9a
:1098a800689f009d909f009db49f009dd89f009d3c
:1098b800fc9f009d20a0009d44a0009d68a0009de5
:1098c8008ca0009db0a0009dd4a0009df8a0009d94
:1098d8001ca1009d40a1009d64a1009d88a1009d40
:1098e800aca1009dd0a1009df4a1009d18a2009def
:1098f8003ca2009d60a2009d84a2009da8a2009d9c
:10990800cca2009df0a2009d14a3009d38a3009d49
:109918005ca3009d80a3009da4a3009dc8a3009df7
:10992800eca3009d10a4009d34a4009d58a4009da4
:109938007ca4009da0a4009dc4a4009de8a4009d53
:109948000ca5009d30a5009d54a5009d78a5009dff
:109958009ca5009dc0a5009de4a5009d08a6009dae
:109968002ca6009d50a6009d74a6009d98a6009d5b
:10997800bca6009de0a6009d04a7009d28a7009d09
:109988004ca7009d70a7009d94a7009db8a7009db7
:10999800dca7009d00a8009d24a8009d48a8009d64
:1099a8006ca8009d90a8009db4a8009dd8a8009d13
:1099b800fca8009d20a9009d44a9009d68a9009dc0
:1099c8008ca9009db0a9009dd4a9009df8a9009d6f
:1099d8001caa009d40aa009d64aa009d88aa009d1b
:1099e8002cb9009d2cb9009dacaa009dd0aa009d61
:1099f800f4aa009d18ab009d3cab009d60ab009d98
:109a080084ab009da8ab009dccab009df0ab009d46
:109a180014ac009d38ac009d5cac009d80ac009df2
:109a2800a4ac009dc8ac009decac009d10ad009da1
:109a380034ad009d58ad009d7cad009da0ad009d4e
:109a4800c4ad009de8ad009d0cae009d30ae009dfc
:109a580054ae009d78ae009d9cae009dc0ae009daa
:109a6800e4ae009d08af009d2caf009d50af009d57
:109a780074af009d98af009dbcaf009de0af009d06
:109a880004b0009d28b0009d4cb0009d70b0009db2
:109a980094b0009db8b0009ddcb0009d00b1009d61
:109aa80024b1009d48b1009d6cb1009d90b1009d0e
:109ab800b4b1009dd8b1009dfcb1009d20b2009dbd
:109ac80044b2009d68b2009d8cb2009db0b2009d6a
:109ad800d4b2009df8b2009d1cb3009d40b3009d18
:109ae80064b3009d88b3009dacb3009dd0b3009dc6
:109af800f4b3009d18b4009d3cb4009d60b4009d73
:109b080084b4009da8b4009dccb4009df0b4009d21
:109b180014b5009d38b5009d5cb5009d80b5009dcd
:109b2800a4b5009dc8b5009decb5009d10b6009d7c
:109b380034b6009d5cb6009d80b6009d2cb9009d92
:109b4800a4b6009dc8b6009decb6009d10b7009d58
:109b580034b7009d58b7009d7cb7009da0b7009d05
:109b6800c4b7009d2cb9009de8b7009d0cb8009db6
:109b780030b8009d54b8009d78b8009d9cb8009df1
:109b8800c0b8009d2cb9009d2cb9009de4b8009d7b
:109b980008b9009d0c00c29303004230ff00443016
:109ba80081bf033c4001628c0408827c400162aca6
:109bb8005d070010000000000c00c2930300423053
:109bc800ff00443081bf033c4001628c044a827c20
:109bd800400162ac54070010000000000c00c29362
:109be80003004230ff00443081bf033c4001628cd7
:109bf800048c827c400162ac4b070010000000001e
:109c08000c00c29303004230ff00443081bf033c84
:109c18004001628c04ce827c400162ac4207001095
:109c2800000000000c00c29303004230ff004430e3
:109c380081bf033c5001628c0408827c500162acf5
:109c480039070010000000000c00c29303004230e6
:109c5800ff00443081bf033c5001628c044a827c7f
:109c6800500162ac30070010000000000c00c293e5
:109c780003004230ff00443081bf033c5001628c36
:109c8800048c827c500162ac2707001000000000a1
:109c98000c00c29303004230ff00443081bf033cf4
:109ca8005001628c04ce827c500162ac1e07001009
:109cb800000000000c00c29303004230ff00443053
:109cc80081bf033c6001628c0408827c600162ac45
:109cd80015070010000000000c00c293030042307a
:109ce800ff00443081bf033c6001628c044a827cdf
:109cf800600162ac0c070010000000000c00c29369
:109d080003004230ff00443081bf033c6001628c95
:109d1800048c827c600162ac030700100000000024
:109d28000c00c29303004230ff00443081bf033c63
:109d38006001628c04ce827c600162acfa0600107d
:109d4800000000000c00c29303004230ff004430c2
:109d580081bf033c7001628c0408827c700162ac94
:109d6800f1060010000000000c00c293030042300e
:109d7800ff00443081bf033c7001628c044a827c3e
:109d8800700162ace8060010000000000c00c293ed
:109d980003004230ff00443081bf033c7001628cf5
:109da800048c827c700162acdf06001000000000a9
:109db8000c00c29303004230ff00443081bf033cd3
:109dc8007001628c04ce827c700162acd6060010f1
:109dd800000000000c00c29303004230ff00443032
:109de80081bf033c8001628c0408827c800162ace4
:109df800cd060010000000000c00c29303004230a2
:109e0800ff00443081bf033c8001628c044a827c9d
:109e1800800162acc4060010000000000c00c29370
:109e280003004230ff00443081bf033c8001628c54
:109e3800048c827c800162acbb060010000000002c
:109e48000c00c29303004230ff00443081bf033c42
:109e58008001628c04ce827c800162acb206001064
:109e6800000000000c00c29303004230ff004430a1
:109e780081bf033c9001628c0408827c900162ac33
:109e8800a9060010000000000c00c2930300423035
:109e9800ff00443081bf033c9001628c044a827cfd
:109ea800900162aca0060010000000000c00c293f4
:109eb80003004230ff00443081bf033c9001628cb4
:109ec800048c827c900162ac9706001000000000b0
:109ed8000c00c29303004230ff00443081bf033cb2
:109ee8009001628c04ce827c900162ac8e060010d8
:109ef800000000000c00c29303004230ff00443011
:109f080081bf033ca001628c0408827ca00162ac82
:109f180085060010000000000c00c29303004230c8
:109f2800ff00443081bf033ca001628c044a827c5c
:109f3800a00162ac7c060010000000000c00c29377
:109f480003004230ff00443081bf033ca001628c13
:109f5800048c827ca00162ac730600100000000033
:109f680081bf023c0003033ca40143ac0c00c29334
:109f7800001602002518400081bf023ca80143ac2e
:109f880069060010000000000c00c2930300423074
:109f9800ff00443081bf033cb001628c0408827c1e
:109fa800b00162ac60060010000000000c00c29313
:109fb80003004230ff00443081bf033cb001628c93
:109fc800044a827cb00162ac570600100000000011
:109fd8000c00c29303004230ff00443081bf033cb1
:109fe800b001628c048c827cb00162ac4e06001019
:109ff800000000000c00c29303004230ff00443010
:10a0080081bf033cb001628c04ce827cb00162ac9b
:10a0180045060010000000000c00c2930300423007
:10a02800ff00443081bf033cc001628c0408827c7d
:10a03800c00162ac3c060010000000000c00c29396
:10a0480003004230ff00443081bf033cc001628cf2
:10a05800044a827cc00162ac330600100000000094
:10a068000c00c29303004230ff00443081bf033c20
:10a07800c001628c048c827cc00162ac2a0600108c
:10a08800000000000c00c29303004230ff0044307f
:10a0980081bf033cc001628c04ce827cc00162aceb
:10a0a80021060010000000000c00c293030042309b
:10a0b800ff00443081bf033cd001628c0408827cdd
:10a0c800d00162ac18060010000000000c00c2931a
:10a0d80003004230ff00443081bf033cd001628c52
:10a0e800044a827cd00162ac0f0600100000000018
:10a0f8000c00c29303004230ff00443081bf033c90
:10a10800d001628c048c827cd00162ac06060010ff
:10a11800000000000c00c29303004230ff004430ee
:10a1280081bf033cd001628c04ce827cd00162ac3a
:10a13800fd050010000000000c00c293030042302f
:10a14800ff00443081bf033ce001628c0408827c3c
:10a15800e00162acf4050010000000000c00c2939e
:10a1680003004230ff00443081bf033ce001628cb1
:10a17800044a827ce00162aceb050010000000009c
:10a188000c00c29303004230ff00443081bf033cff
:10a19800e001628c048c827ce00162ace205001074
:10a1a800000000000c00c29303004230ff0044305e
:10a1b80081bf033ce001628c04ce827ce00162ac8a
:10a1c800d9050010000000000c00c29303004230c3
:10a1d800ff00443081bf033cf001628c0408827c9c
:10a1e800f00162acd0050010000000000c00c29322
:10a1f80003004230ff00443081bf033cf001628c11
:10a20800044a827cf00162acc7050010000000001f
:10a218000c00c29303004230ff00443081bf033c6e
:10a22800f001628c048c827cf00162acbe050010e7
:10a23800000000000c00c29303004230ff004430cd
:10a2480081bf033cf001628c04ce827cf00162acd9
:10a25800b5050010000000000c00c2930300423056
:10a26800ff00443081bf033c0002628c0408827cfa
:10a27800000262acac050010000000000c00c293a4
:10a2880003004230ff00443081bf033c0002628c6f
:10a29800044a827c000262aca305001000000000a2
:10a2a8000c00c29303004230ff00443081bf033cde
:10a2b8000002628c048c827c000262ac9a05001059
:10a2c800000000000c00c29303004230ff0044303d
:10a2d80081bf033c0002628c04ce827c000262ac27
:10a2e80091050010000000000c00c29303004230ea
:10a2f800ff00443081bf033c1002628c0408827c5a
:10a30800100262ac88050010000000000c00c29327
:10a3180003004230ff00443081bf033c1002628cce
:10a32800044a827c100262ac7f0500100000000025
:10a338000c00c29303004230ff00443081bf033c4d
:10a348001002628c048c827c100262ac76050010cc
:10a35800000000000c00c29303004230ff004430ac
:10a3680081bf033c1002628c04ce827c100262ac76
:10a378006d050010000000000c00c293030042307d
:10a38800ff00443081bf033c2002628c0408827cb9
:10a39800200262ac64050010000000000c00c293ab
:10a3a80003004230ff00443081bf033c2002628c2e
:10a3b800044a827c200262ac5b05001000000000a9
:10a3c8000c00c29303004230ff00443081bf033cbd
:10a3d8002002628c048c827c200262ac5205001040
:10a3e800000000000c00c29303004230ff0044301c
:10a3f80081bf033c2002628c04ce827c200262acc6
:10a4080049050010000000000c00c2930300423010
:10a41800ff00443081bf033c3002628c0408827c18
:10a42800300262ac40050010000000000c00c2932e
:10a4380003004230ff00443081bf033c3002628c8d
:10a44800044a827c300262ac37050010000000002c
:10a458000c00c29303004230ff00443081bf033c2c
:10a468003002628c048c827c300262ac2e050010b3
:10a47800000000000c00c29303004230ff0044308b
:10a4880081bf033c3002628c04ce827c300262ac15
:10a4980025050010000000000c00c29303004230a4
:10a4a800ff00443081bf033c4002628c0408827c78
:10a4b800400262ac1c050010000000000c00c293b2
:10a4c80003004230ff00443081bf033c4002628ced
:10a4d800044a827c400262ac1305001000000000b0
:10a4e8000c00c29303004230ff00443081bf033c9c
:10a4f8004002628c048c827c400262ac0a05001027
:10a50800000000000c00c29303004230ff004430fa
:10a5180081bf033c4002628c04ce827c400262ac64
:10a5280001050010000000000c00c2930300423037
:10a53800ff00443081bf033c5002628c0408827cd7
:10a54800500262acf8040010000000000c00c29336
:10a5580003004230ff00443081bf033c5002628c4c
:10a56800044a827c500262acef0400100000000034
:10a578000c00c29303004230ff00443081bf033c0b
:10a588005002628c048c827c500262ace60400109b
:10a59800000000000c00c29303004230ff0044306a
:10a5a80081bf033c5002628c04ce827c500262acb4
:10a5b800dd040010000000000c00c29303004230cc
:10a5c800ff00443081bf033c6002628c0408827c37
:10a5d800600262acd4040010000000000c00c293ba
:10a5e80003004230ff00443081bf033c6002628cac
:10a5f800044a827c600262accb04001000000000b8
:10a608000c00c29303004230ff00443081bf033c7a
:10a618006002628c048c827c600262acc20400100e
:10a62800000000000c00c29303004230ff004430d9
:10a6380081bf033c6002628c04ce827c600262ac03
:10a64800b9040010000000000c00c293030042305f
:10a65800ff00443081bf033c7002628c0408827c96
:10a66800700262acb0040010000000000c00c2933d
:10a6780003004230ff00443081bf033c7002628c0b
:10a68800044a827c700262aca7040010000000003b
:10a698000c00c29303004230ff00443081bf033cea
:10a6a8007002628c048c827c700262ac9e04001082
:10a6b800000000000c00c29303004230ff00443049
:10a6c80081bf033c7002628c04ce827c700262ac53
:10a6d80095040010000000000c00c29303004230f3
:10a6e800ff00443081bf033c8002628c0408827cf6
:10a6f800800262ac8c040010000000000c00c293c1
:10a7080003004230ff00443081bf033c8002628c6a
:10a71800044a827c800262ac8304001000000000be
:10a728000c00c29303004230ff00443081bf033c59
:10a738008002628c048c827c800262ac7a040010f5
:10a74800000000000c00c29303004230ff004430b8
:10a7580081bf033c8002628c04ce827c800262aca2
:10a7680071040010000000000c00c2930300423086
:10a77800ff00443081bf033c9002628c0408827c55
:10a78800900262ac68040010000000000c00c29344
:10a7980003004230ff00443081bf033c9002628cca
:10a7a800044a827c900262ac5f0400100000000042
:10a7b8000c00c29303004230ff00443081bf033cc9
:10a7c8009002628c048c827c900262ac5604001069
:10a7d800000000000c00c29303004230ff00443028
:10a7e80081bf033c9002628c04ce827c900262acf2
:10a7f8004d040010000000000c00c293030042301a
:10a80800ff00443081bf033ca002628c0408827cb4
:10a81800a00262ac44040010000000000c00c293c7
:10a8280003004230ff00443081bf033ca002628c29
:10a83800044a827ca00262ac3b04001000000000c5
:10a848000c00c29303004230ff00443081bf033c38
:10a85800a002628c048c827ca00262ac32040010dc
:10a86800000000000c00c29303004230ff00443097
:10a8780081bf033ca002628c04ce827ca00262ac41
:10a8880029040010000000000c00c29303004230ad
:10a89800ff00443081bf033cb002628c0408827c14
:10a8a800b00262ac20040010000000000c00c2934b
:10a8b80003004230ff00443081bf033cb002628c89
:10a8c800044a827cb00262ac170400100000000049
:10a8d8000c00c29303004230ff00443081bf033ca8
:10a8e800b002628c048c827cb00262ac0e04001050
:10a8f800000000000c00c29303004230ff00443007
:10a9080081bf033cb002628c04ce827cb00262ac90
:10a9180005040010000000000c00c2930300423040
:10a92800ff00443081bf033cc002628c0408827c73
:10a93800c00262acfc030010000000000c00c293cf
:10a9480003004230ff00443081bf033cc002628ce8
:10a95800044a827cc00262acf303001000000000cd
:10a968000c00c29303004230ff00443081bf033c17
:10a97800c002628c048c827cc00262acea030010c4
:10a98800000000000c00c29303004230ff00443076
:10a9980081bf033cc002628c04ce827cc00262ace0
:10a9a800e1030010000000000c00c29303004230d5
:10a9b800ff00443081bf033cd002628c0408827cd3
:10a9c800d00262acd8030010000000000c00c29353
:10a9d80003004230ff00443081bf033cd002628c48
:10a9e800044a827cd00262accf0300100000000051
:10a9f8000c00c29303004230ff00443081bf033c87
:10aa0800d002628c048c827cd00262acc603001037
:10aa1800000000000c00c29303004230ff004430e5
:10aa280081bf033cd002628c04ce827cd00262ac2f
:10aa3800bd030010000000000c00c2930300423068
:10aa4800ff00443081bf033ce002628c0408827c32
:10aa5800e00262acb4030010000000000c00c293d6
:10aa680003004230ff00443081bf033ce002628ca7
:10aa7800044a827ce00262acab03001000000000d4
:10aa88000c00c29303004230ff00443081bf033cf6
:10aa9800e002628c048c827ce00262aca2030010ab
:10aaa800000000000c00c29303004230ff00443055
:10aab80081bf033cf002628c044a827cf00262ace3
:10aac80099030010000000000c00c29303004230fc
:10aad800ff00443081bf033cf002628c048c827c0e
:10aae800f00262ac90030010000000000c00c2935a
:10aaf80003004230ff00443081bf033cf002628c07
:10ab080004ce827cf00262ac8703001000000000d3
:10ab18000c00c29303004230ff00443081bf033c65
:10ab28000003628c0408827c000362ac7e03001080
:10ab3800000000000c00c29303004230ff004430c4
:10ab480081bf033c0003628c044a827c000362ac30
:10ab580075030010000000000c00c293030042308f
:10ab6800ff00443081bf033c0003628c048c827c6c
:10ab7800000362ac6c030010000000000c00c293dc
:10ab880003004230ff00443081bf033c0003628c65
:10ab980004ce827c000362ac630300100000000056
:10aba8000c00c29303004230ff00443081bf033cd5
:10abb8001003628c0408827c100362ac5a030010f4
:10abc800000000000c00c29303004230ff00443034
:10abd80081bf033c1003628c044a827c100362ac80
:10abe80051030010000000000c00c2930300423023
:10abf800ff00443081bf033c1003628c048c827ccc
:10ac0800100362ac48030010000000000c00c2935f
:10ac180003004230ff00443081bf033c1003628cc4
:10ac280004ce827c100362ac3f03001000000000d9
:10ac38000c00c29303004230ff00443081bf033c44
:10ac48002003628c0408827c200362ac3603001067
:10ac5800000000000c00c29303004230ff004430a3
:10ac680081bf033c2003628c044a827c200362accf
:10ac78002d030010000000000c00c29303004230b6
:10ac8800ff00443081bf033c2003628c048c827c2b
:10ac9800200362ac24030010000000000c00c293e3
:10aca80003004230ff00443081bf033c2003628c24
:10acb80004ce827c200362ac1b030010000000005d
:10acc8000c00c29303004230ff00443081bf033cb4
:10acd8003003628c0408827c300362ac12030010db
:10ace800000000000c00c29303004230ff00443013
:10acf80081bf033c3003628c044a827c300362ac1f
:10ad080009030010000000000c00c2930300423049
:10ad1800ff00443081bf033c3003628c048c827c8a
:10ad2800300362ac00030010000000000c00c29366
:10ad380003004230ff00443081bf033c3003628c83
:10ad480004ce827c300362acf702001000000000e1
:10ad58000c00c29303004230ff00443081bf033c23
:10ad68004003628c0408827c400362acee0200104f
:10ad7800000000000c00c29303004230ff00443082
:10ad880081bf033c4003628c044a827c400362ac6e
:10ad9800e5020010000000000c00c29303004230de
:10ada800ff00443081bf033c4003628c048c827cea
:10adb800400362acdc020010000000000c00c293eb
:10adc80003004230ff00443081bf033c4003628ce3
:10add80004ce827c400362acd30200100000000065
:10ade8000c00c29303004230ff00443081bf033c93
:10adf8005003628c0408827c500362acca020010c3
:10ae0800000000000c00c29303004230ff004430f1
:10ae180081bf033c5003628c044a827c500362acbd
:10ae2800c1020010000000000c00c2930300423071
:10ae3800ff00443081bf033c5003628c048c827c49
:10ae4800500362acb8020010000000000c00c2936e
:10ae580003004230ff00443081bf033c5003628c42
:10ae680004ce827c500362acaf02001000000000e8
:10ae78000c00c29303004230ff00443081bf033c02
:10ae88006003628c0408827c600362aca602001036
:10ae9800000000000c00c29303004230ff00443061
:10aea80081bf033c6003628c044a827c600362ac0d
:10aeb8009d020010000000000c00c2930300423005
:10aec800ff00443081bf033c6003628c048c827ca9
:10aed800600362ac94020010000000000c00c293f2
:10aee80003004230ff00443081bf033c6003628ca2
:10aef80004ce827c600362ac8b020010000000006c
:10af08000c00c29303004230ff00443081bf033c71
:10af18007003628c0408827c700362ac82020010a9
:10af2800000000000c00c29303004230ff004430d0
:10af380081bf033c7003628c044a827c700362ac5c
:10af480079020010000000000c00c2930300423098
:10af5800ff00443081bf033c7003628c048c827c08
:10af6800700362ac70020010000000000c00c29375
:10af780003004230ff00443081bf033c7003628c01
:10af880004ce827c700362ac6702001000000000ef
:10af98000c00c29303004230ff00443081bf033ce1
:10afa8008003628c0408827c800362ac5e0200101d
:10afb800000000000c00c29303004230ff00443040
:10afc80081bf033c8003628c044a827c800362acac
:10afd80055020010000000000c00c293030042302c
:10afe800ff00443081bf033c8003628c048c827c68
:10aff800800362ac4c020010000000000c00c293f9
:10b0080003004230ff00443081bf033c8003628c60
:10b0180004ce827c800362ac430200100000000072
:10b028000c00c29303004230ff00443081bf033c50
:10b038009003628c0408827c900362ac3a02001090
:10b04800000000000c00c29303004230ff004430af
:10b0580081bf033c9003628c044a827c900362acfb
:10b0680031020010000000000c00c29303004230bf
:10b07800ff00443081bf033c9003628c048c827cc7
:10b08800900362ac28020010000000000c00c2937c
:10b0980003004230ff00443081bf033c9003628cc0
:10b0a80004ce827c900362ac1f02001000000000f6
:10b0b8000c00c29303004230ff00443081bf033cc0
:10b0c800a003628c0408827ca00362ac1602001004
:10b0d800000000000c00c29303004230ff0044301f
:10b0e80081bf033ca003628c044a827ca00362ac4b
:10b0f8000d020010000000000c00c2930300423053
:10b10800ff00443081bf033ca003628c048c827c26
:10b11800a00362ac04020010000000000c00c293ff
:10b1280003004230ff00443081bf033ca003628c1f
:10b1380004ce827ca00362acfb010010000000007a
:10b148000c00c29303004230ff00443081bf033c2f
:10b15800b003628c0408827cb00362acf201001078
:10b16800000000000c00c29303004230ff0044308e
:10b1780081bf033cb003628c044a827cb00362ac9a
:10b18800e9010010000000000c00c29303004230e7
:10b19800ff00443081bf033cb003628c048c827c86
:10b1a800b00362ace0010010000000000c00c29384
:10b1b80003004230ff00443081bf033cb003628c7f
:10b1c80004ce827cb00362acd701001000000000fe
:10b1d8000c00c29303004230ff00443081bf033c9f
:10b1e800c003628c0408827cc00362acce010010ec
:10b1f800000000000c00c29303004230ff004430fe
:10b2080081bf033cc003628c044a827cc00362ace9
:10b21800c5010010000000000c00c293030042307a
:10b22800ff00443081bf033cc003628c048c827ce5
:10b23800c00362acbc010010000000000c00c29307
:10b2480003004230ff00443081bf033cc003628cde
:10b2580004ce827cc00362acb30100100000000081
:10b268000c00c29303004230ff00443081bf033c0e
:10b27800d003628c0408827cd00362acaa0100105f
:10b28800000000000c00c29303004230ff0044306d
:10b2980081bf033cd003628c044a827cd00362ac39
:10b2a800a1010010000000000c00c293030042300e
:10b2b800ff00443081bf033cd003628c048c827c45
:10b2c800d00362ac98010010000000000c00c2938b
:10b2d80003004230ff00443081bf033cd003628c3e
:10b2e80004ce827cd00362ac8f0100100000000005
:10b2f8000c00c29303004230ff00443081bf033c7e
:10b30800e003628c0408827ce00362ac86010010d2
:10b31800000000000c00c29303004230ff004430dc
:10b3280081bf033ce003628c044a827ce00362ac88
:10b338007d010010000000000c00c29303004230a1
:10b34800ff00443081bf033ce003628c048c827ca4
:10b35800e00362ac74010010000000000c00c2930e
:10b3680003004230ff00443081bf033ce003628c9d
:10b3780004ce827ce00362ac6b0100100000000088
:10b388000c00c29303004230ff00443081bf033ced
:10b39800f003628c0408827cf00362ac6201001046
:10b3a800000000000c00c29303004230ff0044304c
:10b3b80081bf033cf003628c044a827cf00362acd8
:10b3c80059010010000000000c00c2930300423035
:10b3d800ff00443081bf033cf003628c048c827c04
:10b3e800f00362ac50010010000000000c00c29392
:10b3f80003004230ff00443081bf033cf003628cfd
:10b4080004ce827cf00362ac47010010000000000b
:10b418000c00c29303004230ff00443081bf033c5c
:10b428000004628c0408827c000462ac3e010010b7
:10b43800000000000c00c29303004230ff004430bb
:10b4480081bf033c0004628c044a827c000462ac25
:10b4580035010010000000000c00c29303004230c8
:10b46800ff00443081bf033c0004628c048c827c62
:10b47800000462ac2c010010000000000c00c29314
:10b4880003004230ff00443081bf033c0004628c5b
:10b4980004ce827c000462ac23010010000000008e
:10b4a8000c00c29303004230ff00443081bf033ccc
:10b4b8001004628c0408827c100462ac1a0100102b
:10b4c800000000000c00c29303004230ff0044302b
:10b4d80081bf033c1004628c044a827c100462ac75
:10b4e80011010010000000000c00c293030042305c
:10b4f800ff00443081bf033c1004628c048c827cc2
:10b50800100462ac08010010000000000c00c29397
:10b5180003004230ff00443081bf033c1004628cba
:10b5280004ce827c100462acff0000100000000012
:10b538000c00c29303004230ff00443081bf033c3b
:10b548002004628c0408827c200462acf60000109f
:10b55800000000000c00c29303004230ff0044309a
:10b5680081bf033c2004628c044a827c200462acc4
:10b57800ed000010000000000c00c29303004230f0
:10b58800ff00443081bf033c2004628c048c827c21
:10b59800200462ace4000010000000000c00c2931c
:10b5a80003004230ff00443081bf033c2004628c1a
:10b5b80004ce827c200462acdb0000100000000096
:10b5c8000c00c29303004230ff00443081bf033cab
:10b5d8003004628c0408827c300462acd200001013
:10b5e800000000000c00c29303004230ff0044300a
:10b5f80081bf033c3004628c044a827c300462ac14
:10b60800c9000010000000000c00c2930300423083
:10b61800ff00443081bf033c3004628c048c827c80
:10b62800300462acc00000100000000081bf023c82
:10b638000003033c340443ac0c00c2930016020020
:10b648002518400081bf023c380443acb600001006
:10b65800000000000c00c29303004230ff00443099
:10b6680081bf033c4004628c0408827c400462acc5
:10b67800ad000010000000000c00c293030042302f
:10b68800ff00443081bf033c4004628c044a827c42
:10b69800400462aca4000010000000000c00c2933b
:10b6a80003004230ff00443081bf033c4004628cf9
:10b6b80004ce827c400462ac9b00001000000000b5
:10b6c8000c00c29303004230ff00443081bf033caa
:10b6d8005004628c0408827c500462ac9200001012
:10b6e800000000000c00c29303004230ff00443009
:10b6f80081bf033c5004628c044a827c500462acd3
:10b7080089000010000000000c00c29303004230c2
:10b71800ff00443081bf033c5004628c048c827c5f
:10b72800500462ac80000010000000000c00c293be
:10b7380003004230ff00443081bf033c5004628c58
:10b7480004ce827c500462ac770000100000000038
:10b758000c00c29303004230ff00443081bf033c19
:10b768006004628c0408827c600462ac6e00001085
:10b77800000000000c00c29303004230ff00443078
:10b7880081bf033c6004628c044a827c600462ac22
:10b7980065000010000000000c00c2930300423056
:10b7a800ff00443081bf033c6004628c048c827cbf
:10b7b800600462ac5c000010000000000c00c29342
:10b7c80003004230ff00443081bf033c6004628cb8
:10b7d80004ce827c600462ac5300001000000000bc
:10b7e8000c00c29303004230ff00443081bf033c89
:10b7f8007004628c044a827c700462ac4a000010b7
:10b80800000000000c00c29303004230ff004430e7
:10b8180081bf033c7004628c048c827c700462ac2f
:10b8280041000010000000000c00c29303004230e9
:10b83800ff00443081bf033c7004628c04ce827cdc
:10b84800700462ac38000010000000000c00c293c5
:10b8580003004230ff00443081bf033c8004628c07
:10b868000408827c800462ac2f00001000000000f5
:10b878000c00c29303004230ff00443081bf033cf8
:10b888008004628c044a827c800462ac260000102a
:10b89800000000000c00c29303004230ff00443057
:10b8a80081bf033c8004628c048c827c800462ac7f
:10b8b8001d000010000000000c00c293030042307d
:10b8c800ff00443081bf033c8004628c04ce827c3c
:10b8d800800462ac14000010000000000c00c29349
:10b8e80003004230ff00443081bf033c9004628c67
:10b8f800048c827c900462ac0b00001000000000f5
:10b908000c00c29303004230ff00443081bf033c67
:10b918009004628c04ce827c900462ac0200001019
:10b9280000000000000000000000000025e8c0033f
:10b938000400be8f0800bd270800e00300000000d7
:10b94800f8ffbd270400beaf25f0a0030800c4af70
:10b958000800c28fd800422cd1054010000000001a
:10b968000800c28f80180200019d023c88b9422459
:10b97800211062000000428c080040000000000016
:10b98800e8bc009d00bd009d18bd009d30bd009d18
:10b9980048bd009d60bd009d78bd009d90bd009d87
:10b9a800a8bd009dc0bd009dd8bd009df0bd009df7
:10b9b80008be009d20be009d38be009d50be009d63
:10b9c80068be009d80be009d98be009db0be009dd3
:10b9d800c8be009de0be009df8be009d10bf009d42
:10b9e80028bf009d40bf009d58bf009d70bf009daf
:10b9f80090bf009da8bf009dc0bf009dd8bf009dff
:10ba0800f0bf009d08c0009d20c0009d38c0009d6b
:10ba180050c0009d68c0009d80c0009d98c0009dda
:10ba2800b0c0009dc8c0009de0c0009df8c0009d4a
:10ba380010c1009d28c1009d40c1009d58c1009db6
:10ba480070c1009d88c1009da0c1009db8c1009d26
:10ba5800d0c1009de8c1009d00c2009d18c2009d94
:10ba680030c2009d48c2009d60c2009d78c2009d02
:10ba780090c2009da8c2009dc0c2009dd8c2009d72
:10ba8800f0c2009d08c3009d20c3009d38c3009ddf
:10ba980050c3009d68c3009d80c3009d98c3009d4e
:10baa800b0c3009dc8c3009de0c3009df8c3009dbe
:10bab80010c4009d28c4009d40c4009d58c4009d2a
:10bac80070c4009d88c4009da0c4009db8c4009d9a
:10bad800d0c4009de8c4009d00c5009d18c5009d08
:10bae80030c5009d48c5009d60c5009d78c5009d76
:10baf80090c5009da8c5009dc0c5009dd8c5009de6
:10bb0800f0c5009d08c6009d20c6009d38c6009d52
:10bb180050c6009d68c6009d80c6009d98c6009dc1
:10bb2800b0c6009dc8c6009de0c6009da8d0009d77
:10bb3800a8d0009df8c6009d10c7009d28c7009d8d
:10bb480040c7009d58c7009d70c7009d88c7009dcd
:10bb5800a0c7009db8c7009dd0c7009de8c7009d3d
:10bb680000c8009d18c8009d30c8009d48c8009da9
:10bb780060c8009d78c8009d90c8009da8c8009d19
:10bb8800c0c8009dd8c8009df0c8009d08c9009d88
:10bb980020c9009d38c9009d50c9009d68c9009df5
:10bba80080c9009d98c9009db0c9009dc8c9009d65
:10bbb800e0c9009df8c9009d10ca009d28ca009dd3
:10bbc80040ca009d58ca009d70ca009d88ca009d41
:10bbd800a0ca009db8ca009dd0ca009de8ca009db1
:10bbe80000cb009d18cb009d30cb009d48cb009d1d
:10bbf80060cb009d78cb009d90cb009da8cb009d8d
:10bc0800c0cb009dd8cb009df0cb009d08cc009dfb
:10bc180020cc009d38cc009d50cc009d68cc009d68
:10bc280080cc009d98cc009db0cc009dc8cc009dd8
:10bc3800e0cc009df8cc009d10cd009d28cd009d46
:10bc480040cd009d58cd009d70cd009d88cd009db4
:10bc5800a0cd009db8cd009dd0cd009de8cd009d24
:10bc680000ce009d18ce009d30ce009d48ce009d90
:10bc780060ce009d78ce009d90ce009da8ce009d00
:10bc8800c8ce009de0ce009da8d0009df8ce009db6
:10bc980010cf009d28cf009d40cf009d58cf009d1c
:10bca80070cf009d88cf009da0cf009db8cf009d8c
:10bcb800a8d0009dd0cf009de8cf009d00d0009d6a
:10bcc80018d0009d30d0009d48d0009d60d0009dc8
:10bcd800a8d0009da8d0009d78d0009d90d0009d50
:10bce80081bf023c4001428c8010427cff00423000
:10bcf800ec0400100000000081bf023c4001428caf
:10bd08008012427cff004230e60400100000000070
:10bd180081bf023c4001428c8014427cff004230cb
:10bd2800e00400100000000081bf023c4001428c8a
:10bd38008016427cff004230da0400100000000048
:10bd480081bf023c5001428c8010427cff0042308f
:10bd5800d40400100000000081bf023c5001428c56
:10bd68008012427cff004230ce0400100000000028
:10bd780081bf023c5001428c8014427cff0042305b
:10bd8800c80400100000000081bf023c5001428c32
:10bd98008016427cff004230c20400100000000000
:10bda80081bf023c6001428c8010427cff0042301f
:10bdb800bc0400100000000081bf023c6001428cfe
:10bdc8008012427cff004230b604001000000000e0
:10bdd80081bf023c6001428c8014427cff004230eb
:10bde800b00400100000000081bf023c6001428cda
:10bdf8008016427cff004230aa04001000000000b8
:10be080081bf023c7001428c8010427cff004230ae
:10be1800a40400100000000081bf023c7001428ca5
:10be28008012427cff0042309e0400100000000097
:10be380081bf023c7001428c8014427cff0042307a
:10be4800980400100000000081bf023c7001428c81
:10be58008016427cff00423092040010000000006f
:10be680081bf023c8001428c8010427cff0042303e
:10be78008c0400100000000081bf023c8001428c4d
:10be88008012427cff00423086040010000000004f
:10be980081bf023c8001428c8014427cff0042300a
:10bea800800400100000000081bf023c8001428c29
:10beb8008016427cff0042307a0400100000000027
:10bec80081bf023c9001428c8010427cff004230ce
:10bed800740400100000000081bf023c9001428cf5
:10bee8008012427cff0042306e0400100000000007
:10bef80081bf023c9001428c8014427cff0042309a
:10bf0800680400100000000081bf023c9001428cd0
:10bf18008016427cff0042306204001000000000de
:10bf280081bf023ca001428c8010427cff0042305d
:10bf38005c0400100000000081bf023ca001428c9c
:10bf48008012427cff0042305604001000000000be
:10bf580081bf023ca001428c8014427cff00423029
:10bf6800500400100000000081bf023ca001428c78
:10bf780082160200ff00423007004230ff004230c4
:10bf8800480400100000000081bf023cb001428c50
:10bf98008010427cff004230420400100000000084
:10bfa80081bf023cb001428c8012427cff004230cb
:10bfb8003c0400100000000081bf023cb001428c2c
:10bfc8008014427cff00423036040010000000005c
:10bfd80081bf023cb001428c8016427cff00423097
:10bfe800300400100000000081bf023cc001428cf8
:10bff8008010427cff0042302a040010000000003c
:10c0080081bf023cc001428c8012427cff0042305a
:10c01800240400100000000081bf023cc001428cd3
:10c028008014427cff0042301e0400100000000013
:10c0380081bf023cc001428c8016427cff00423026
:10c04800180400100000000081bf023cd001428c9f
:10c058008010427cff0042301204001000000000f3
:10c0680081bf023cd001428c8012427cff004230ea
:10c078000c0400100000000081bf023cd001428c7b
:10c088008014427cff0042300604001000000000cb
:10c0980081bf023cd001428c8016427cff004230b6
:10c0a800000400100000000081bf023ce001428c47
:10c0b8008010427cff004230fa03001000000000ac
:10c0c80081bf023ce001428c8012427cff0042307a
:10c0d800f40300100000000081bf023ce001428c24
:10c0e8008014427cff004230ee0300100000000084
:10c0f80081bf023ce001428c8016427cff00423046
:10c10800e80300100000000081bf023cf001428cef
:10c118008010427cff004230e20300100000000063
:10c1280081bf023cf001428c8012427cff00423009
:10c13800dc0300100000000081bf023cf001428ccb
:10c148008014427cff004230d6030010000000003b
:10c1580081bf023cf001428c8016427cff004230d5
:10c16800d00300100000000081bf023c0002428c96
:10c178008010427cff004230ca030010000000001b
:10c1880081bf023c0002428c8012427cff00423098
:10c19800c40300100000000081bf023c0002428c72
:10c1a8008014427cff004230be03001000000000f3
:10c1b80081bf023c0002428c8016427cff00423064
:10c1c800b80300100000000081bf023c1002428c3e
:10c1d8008010427cff004230b203001000000000d3
:10c1e80081bf023c1002428c8012427cff00423028
:10c1f800ac0300100000000081bf023c1002428c1a
:10c208008014427cff004230a603001000000000aa
:10c2180081bf023c1002428c8016427cff004230f3
:10c22800a00300100000000081bf023c2002428ce5
:10c238008010427cff0042309a030010000000008a
:10c2480081bf023c2002428c8012427cff004230b7
:10c25800940300100000000081bf023c2002428cc1
:10c268008014427cff0042308e0300100000000062
:10c2780081bf023c2002428c8016427cff00423083
:10c28800880300100000000081bf023c3002428c8d
:10c298008010427cff004230820300100000000042
:10c2a80081bf023c3002428c8012427cff00423047
:10c2b8007c0300100000000081bf023c3002428c69
:10c2c8008014427cff00423076030010000000001a
:10c2d80081bf023c3002428c8016427cff00423013
:10c2e800700300100000000081bf023c4002428c35
:10c2f8008010427cff0042306a03001000000000fa
:10c3080081bf023c4002428c8012427cff004230d6
:10c31800640300100000000081bf023c4002428c10
:10c328008014427cff0042305e03001000000000d1
:10c3380081bf023c4002428c8016427cff004230a2
:10c34800580300100000000081bf023c5002428cdc
:10c358008010427cff0042305203001000000000b1
:10c3680081bf023c5002428c8012427cff00423066
:10c378004c0300100000000081bf023c5002428cb8
:10c388008014427cff004230460300100000000089
:10c3980081bf023c5002428c8016427cff00423032
:10c3a800400300100000000081bf023c6002428c84
:10c3b8008010427cff0042303a0300100000000069
:10c3c80081bf023c6002428c8012427cff004230f6
:10c3d800340300100000000081bf023c6002428c60
:10c3e8008014427cff0042302e0300100000000041
:10c3f80081bf023c6002428c8016427cff004230c2
:10c40800280300100000000081bf023c7002428c2b
:10c418008010427cff004230220300100000000020
:10c4280081bf023c7002428c8012427cff00423085
:10c438001c0300100000000081bf023c7002428c07
:10c448008014427cff0042301603001000000000f8
:10c4580081bf023c7002428c8016427cff00423051
:10c46800100300100000000081bf023c8002428cd3
:10c478008010427cff0042300a03001000000000d8
:10c4880081bf023c8002428c8012427cff00423015
:10c49800040300100000000081bf023c8002428caf
:10c4a8008014427cff004230fe02001000000000b1
:10c4b80081bf023c8002428c8016427cff004230e1
:10c4c800f80200100000000081bf023c9002428c7c
:10c4d8008010427cff004230f20200100000000091
:10c4e80081bf023c9002428c8012427cff004230a5
:10c4f800ec0200100000000081bf023c9002428c58
:10c508008014427cff004230e60200100000000068
:10c5180081bf023c9002428c8016427cff00423070
:10c52800e00200100000000081bf023ca002428c23
:10c538008010427cff004230da0200100000000048
:10c5480081bf023ca002428c8012427cff00423034
:10c55800d40200100000000081bf023ca002428cff
:10c568008014427cff004230ce0200100000000020
:10c5780081bf023ca002428c8016427cff00423000
:10c58800c80200100000000081bf023cb002428ccb
:10c598008010427cff004230c20200100000000000
:10c5a80081bf023cb002428c8012427cff004230c4
:10c5b800bc0200100000000081bf023cb002428ca7
:10c5c8008014427cff004230b602001000000000d8
:10c5d80081bf023cb002428c8016427cff00423090
:10c5e800b00200100000000081bf023cc002428c73
:10c5f8008010427cff004230aa02001000000000b8
:10c6080081bf023cc002428c8012427cff00423053
:10c61800a40200100000000081bf023cc002428c4e
:10c628008014427cff0042309e020010000000008f
:10c6380081bf023cc002428c8016427cff0042301f
:10c64800980200100000000081bf023cd002428c1a
:10c658008010427cff00423092020010000000006f
:10c6680081bf023cd002428c8012427cff004230e3
:10c678008c0200100000000081bf023cd002428cf6
:10c688008014427cff004230860200100000000047
:10c6980081bf023cd002428c8016427cff004230af
:10c6a800800200100000000081bf023ce002428cc2
:10c6b8008010427cff0042307a0200100000000027
:10c6c80081bf023ce002428c8012427cff00423073
:10c6d800740200100000000081bf023ce002428c9e
:10c6e8008014427cff0042306e02001000000000ff
:10c6f80081bf023cf002428c8012427cff00423033
:10c70800680200100000000081bf023cf002428c69
:10c718008014427cff0042306202001000000000da
:10c7280081bf023cf002428c8016427cff004230fe
:10c738005c0200100000000081bf023c0003428c34
:10c748008010427cff0042305602001000000000ba
:10c7580081bf023c0003428c8012427cff004230c1
:10c76800500200100000000081bf023c0003428c10
:10c778008014427cff0042304a0200100000000092
:10c7880081bf023c0003428c8016427cff0042308d
:10c79800440200100000000081bf023c1003428cdc
:10c7a8008010427cff0042303e0200100000000072
:10c7b80081bf023c1003428c8012427cff00423051
:10c7c800380200100000000081bf023c1003428cb8
:10c7d8008014427cff00423032020010000000004a
:10c7e80081bf023c1003428c8016427cff0042301d
:10c7f8002c0200100000000081bf023c2003428c84
:10c808008010427cff004230260200100000000029
:10c8180081bf023c2003428c8012427cff004230e0
:10c82800200200100000000081bf023c2003428c5f
:10c838008014427cff0042301a0200100000000001
:10c8480081bf023c2003428c8016427cff004230ac
:10c85800140200100000000081bf023c3003428c2b
:10c868008010427cff0042300e02001000000000e1
:10c8780081bf023c3003428c8012427cff00423070
:10c88800080200100000000081bf023c3003428c07
:10c898008014427cff0042300202001000000000b9
:10c8a80081bf023c3003428c8016427cff0042303c
:10c8b800fc0100100000000081bf023c4003428cd4
:10c8c8008010427cff004230f6010010000000009a
:10c8d80081bf023c4003428c8012427cff00423000
:10c8e800f00100100000000081bf023c4003428cb0
:10c8f8008014427cff004230ea0100100000000072
:10c9080081bf023c4003428c8016427cff004230cb
:10c91800e40100100000000081bf023c5003428c7b
:10c928008010427cff004230de0100100000000051
:10c9380081bf023c5003428c8012427cff0042308f
:10c94800d80100100000000081bf023c5003428c57
:10c958008014427cff004230d20100100000000029
:10c9680081bf023c5003428c8016427cff0042305b
:10c97800cc0100100000000081bf023c6003428c23
:10c988008010427cff004230c60100100000000009
:10c9980081bf023c6003428c8012427cff0042301f
:10c9a800c00100100000000081bf023c6003428cff
:10c9b8008014427cff004230ba01001000000000e1
:10c9c80081bf023c6003428c8016427cff004230eb
:10c9d800b40100100000000081bf023c7003428ccb
:10c9e8008010427cff004230ae01001000000000c1
:10c9f80081bf023c7003428c8012427cff004230af
:10ca0800a80100100000000081bf023c7003428ca6
:10ca18008014427cff004230a20100100000000098
:10ca280081bf023c7003428c8016427cff0042307a
:10ca38009c0100100000000081bf023c8003428c72
:10ca48008010427cff004230960100100000000078
:10ca580081bf023c8003428c8012427cff0042303e
:10ca6800900100100000000081bf023c8003428c4e
:10ca78008014427cff0042308a0100100000000050
:10ca880081bf023c8003428c8016427cff0042300a
:10ca9800840100100000000081bf023c9003428c1a
:10caa8008010427cff0042307e0100100000000030
:10cab80081bf023c9003428c8012427cff004230ce
:10cac800780100100000000081bf023c9003428cf6
:10cad8008014427cff004230720100100000000008
:10cae80081bf023c9003428c8016427cff0042309a
:10caf8006c0100100000000081bf023ca003428cc2
:10cb08008010427cff0042306601001000000000e7
:10cb180081bf023ca003428c8012427cff0042305d
:10cb2800600100100000000081bf023ca003428c9d
:10cb38008014427cff0042305a01001000000000bf
:10cb480081bf023ca003428c8016427cff00423029
:10cb5800540100100000000081bf023cb003428c69
:10cb68008010427cff0042304e010010000000009f
:10cb780081bf023cb003428c8012427cff004230ed
:10cb8800480100100000000081bf023cb003428c45
:10cb98008014427cff004230420100100000000077
:10cba80081bf023cb003428c8016427cff004230b9
:10cbb8003c0100100000000081bf023cc003428c11
:10cbc8008010427cff004230360100100000000057
:10cbd80081bf023cc003428c8012427cff0042307d
:10cbe800300100100000000081bf023cc003428ced
:10cbf8008014427cff0042302a010010000000002f
:10cc080081bf023cc003428c8016427cff00423048
:10cc1800240100100000000081bf023cd003428cb8
:10cc28008010427cff0042301e010010000000000e
:10cc380081bf023cd003428c8012427cff0042300c
:10cc4800180100100000000081bf023cd003428c94
:10cc58008014427cff0042301201001000000000e6
:10cc680081bf023cd003428c8016427cff004230d8
:10cc78000c0100100000000081bf023ce003428c60
:10cc88008010427cff0042300601001000000000c6
:10cc980081bf023ce003428c8012427cff0042309c
:10cca800000100100000000081bf023ce003428c3c
:10ccb8008014427cff004230fa000010000000009f
:10ccc80081bf023ce003428c8016427cff00423068
:10ccd800f40000100000000081bf023cf003428c09
:10cce8008010427cff004230ee000010000000007f
:10ccf80081bf023cf003428c8012427cff0042302c
:10cd0800e80000100000000081bf023cf003428ce4
:10cd18008014427cff004230e20000100000000056
:10cd280081bf023cf003428c8016427cff004230f7
:10cd3800dc0000100000000081bf023c0004428caf
:10cd48008010427cff004230d60000100000000036
:10cd580081bf023c0004428c8012427cff004230ba
:10cd6800d00000100000000081bf023c0004428c8b
:10cd78008014427cff004230ca000010000000000e
:10cd880081bf023c0004428c8016427cff00423086
:10cd9800c40000100000000081bf023c1004428c57
:10cda8008010427cff004230be00001000000000ee
:10cdb80081bf023c1004428c8012427cff0042304a
:10cdc800b80000100000000081bf023c1004428c33
:10cdd8008014427cff004230b200001000000000c6
:10cde80081bf023c1004428c8016427cff00423016
:10cdf800ac0000100000000081bf023c2004428cff
:10ce08008010427cff004230a600001000000000a5
:10ce180081bf023c2004428c8012427cff004230d9
:10ce2800a00000100000000081bf023c2004428cda
:10ce38008014427cff0042309a000010000000007d
:10ce480081bf023c2004428c8016427cff004230a5
:10ce5800940000100000000081bf023c3004428ca6
:10ce68008010427cff0042308e000010000000005d
:10ce780081bf023c3004428c8012427cff00423069
:10ce8800880000100000000081bf023c3004428c82
:10ce98008014427cff004230820000100000000035
:10cea80081bf023c3004428c82160200ff004230ef
:10ceb80007004230ff0042307a00001000000000f6
:10cec80081bf023c4004428c8010427cff0042300b
:10ced800740000100000000081bf023c4004428c36
:10cee8008012427cff0042306e00001000000000fb
:10cef80081bf023c4004428c8016427cff004230d5
:10cf0800680000100000000081bf023c5004428c01
:10cf18008010427cff0042306200001000000000d8
:10cf280081bf023c5004428c8012427cff00423098
:10cf38005c0000100000000081bf023c5004428cdd
:10cf48008014427cff0042305600001000000000b0
:10cf580081bf023c5004428c8016427cff00423064
:10cf6800500000100000000081bf023c6004428ca9
:10cf78008010427cff0042304a0000100000000090
:10cf880081bf023c6004428c8012427cff00423028
:10cf9800440000100000000081bf023c6004428c85
:10cfa8008014427cff0042303e0000100000000068
:10cfb80081bf023c6004428c8016427cff004230f4
:10cfc800380000100000000081bf023c7004428c51
:10cfd8008012427cff004230320000100000000046
:10cfe80081bf023c7004428c8014427cff004230b6
:10cff8002c0000100000000081bf023c7004428c2d
:10d008008016427cff00423026000010000000001d
:10d0180081bf023c8004428c8010427cff00423079
:10d02800200000100000000081bf023c8004428cf8
:10d038008012427cff0042301a00001000000000fd
:10d0480081bf023c8004428c8014427cff00423045
:10d05800140000100000000081bf023c8004428cd4
:10d068008016427cff0042300e00001000000000d5
:10d0780081bf023c9004428c8014427cff00423005
:10d08800080000100000000081bf023c9004428ca0
:10d098008016427cff0042300200001000000000b1
:10d0a8002510000025e8c0030400be8f0800bd2736
:10d0b8000800e00300000000f8ffbd270400beaf31
:10d0c80025f0a0030800c4af0800c28fd800422c86
:10d0d800d1054010000000000800c28f801802002f
:10d0e800019d023c00d14224211062000000428cc4
:10d0f800080040000000000060d4009d78d4009d26
:10d1080090d4009da8d4009dc0d4009dd8d4009d83
:10d11800f0d4009d08d5009d20d5009d38d5009df0
:10d1280050d5009d68d5009d80d5009d98d5009d5f
:10d13800b0d5009dc8d5009de0d5009df8d5009dcf
:10d1480010d6009d28d6009d40d6009d58d6009d3b
:10d1580070d6009d88d6009da0d6009db8d6009dab
:10d16800d0d6009de8d6009d08d7009d20d7009d09
:10d1780038d7009d50d7009d68d7009d80d7009d67
:10d1880098d7009db0d7009dc8d7009de0d7009dd7
:10d19800f8d7009d10d8009d28d8009d40d8009d44
:10d1a80058d8009d70d8009d88d8009da0d8009db3
:10d1b800b8d8009dd0d8009de8d8009d00d9009d22
:10d1c80018d9009d30d9009d48d9009d60d9009d8f
:10d1d80078d9009d90d9009da8d9009dc0d9009dff
:10d1e800d8d9009df0d9009d08da009d20da009d6d
:10d1f80038da009d50da009d68da009d80da009ddb
:10d2080098da009db0da009dc8da009de0da009d4a
:10d21800f8da009d10db009d28db009d40db009db7
:10d2280058db009d70db009d88db009da0db009d26
:10d23800b8db009dd0db009de8db009d00dc009d95
:10d2480018dc009d30dc009d48dc009d60dc009d02
:10d2580078dc009d90dc009da8dc009dc0dc009d72
:10d26800d8dc009df0dc009d08dd009d20dd009de0
:10d2780038dd009d50dd009d68dd009d80dd009d4e
:10d2880098dd009db0dd009dc8dd009de0dd009dbe
:10d29800f8dd009d10de009d28de009d40de009d2b
:10d2a80058de009d20e8009d20e8009d70de009d6e
:10d2b80088de009da0de009db8de009dd0de009dca
:10d2c800e8de009d00df009d18df009d30df009d37
:10d2d80048df009d60df009d78df009d90df009da6
:10d2e800a8df009dc0df009dd8df009df0df009d16
:10d2f80008e0009d20e0009d38e0009d50e0009d82
:10d3080068e0009d80e0009d98e0009db0e0009df1
:10d31800c8e0009de0e0009df8e0009d10e1009d60
:10d3280028e1009d40e1009d58e1009d70e1009dcd
:10d3380088e1009da0e1009db8e1009dd0e1009d3d
:10d34800e8e1009d00e2009d18e2009d30e2009daa
:10d3580048e2009d60e2009d78e2009d90e2009d19
:10d36800a8e2009dc0e2009dd8e2009df0e2009d89
:10d3780008e3009d20e3009d38e3009d50e3009df5
:10d3880068e3009d80e3009d98e3009db0e3009d65
:10d39800c8e3009de0e3009df8e3009d10e4009dd4
:10d3a80028e4009d40e4009d58e4009d70e4009d41
:10d3b80088e4009da0e4009db8e4009dd0e4009db1
:10d3c800e8e4009d00e5009d18e5009d30e5009d1e
:10d3d80048e5009d60e5009d78e5009d90e5009d8d
:10d3e800a8e5009dc0e5009dd8e5009df0e5009dfd
:10d3f80008e6009d20e6009d40e6009d58e6009d59
:10d4080020e8009d70e6009d88e6009da0e6009d4e
:10d41800b8e6009dd0e6009de8e6009d00e7009d87
:10d4280018e7009d30e7009d20e8009d48e7009d33
:10d4380060e7009d78e7009d90e7009da8e7009dc4
:10d44800c0e7009dd8e7009d20e8009d20e8009dea
:10d45800f0e7009d08e8009d81bf023c4001428c36
:10d468000008427cff004230ec040010000000007d
:10d4780081bf023c4001428c000a427cff004230de
:10d48800e60400100000000081bf023c4001428c0d
:10d49800000c427cff004230e00400100000000055
:10d4a80081bf023c4001428c000e427cff004230aa
:10d4b800da0400100000000081bf023c5001428cd9
:10d4c8000008427cff004230d40400100000000035
:10d4d80081bf023c5001428c000a427cff0042306e
:10d4e800ce0400100000000081bf023c5001428cb5
:10d4f800000c427cff004230c8040010000000000d
:10d5080081bf023c5001428c000e427cff00423039
:10d51800c20400100000000081bf023c6001428c80
:10d528000008427cff004230bc04001000000000ec
:10d5380081bf023c6001428c000a427cff004230fd
:10d54800b60400100000000081bf023c6001428c5c
:10d55800000c427cff004230b004001000000000c4
:10d5680081bf023c6001428c000e427cff004230c9
:10d57800aa0400100000000081bf023c7001428c28
:10d588000008427cff004230a404001000000000a4
:10d5980081bf023c7001428c000a427cff0042308d
:10d5a8009e0400100000000081bf023c7001428c04
:10d5b800000c427cff00423098040010000000007c
:10d5c80081bf023c7001428c000e427cff00423059
:10d5d800920400100000000081bf023c8001428cd0
:10d5e8000008427cff0042308c040010000000005c
:10d5f80081bf023c8001428c000a427cff0042301d
:10d60800860400100000000081bf023c8001428cab
:10d61800000c427cff004230800400100000000033
:10d6280081bf023c8001428c000e427cff004230e8
:10d638007a0400100000000081bf023c9001428c77
:10d648000008427cff004230740400100000000013
:10d6580081bf023c9001428c000a427cff004230ac
:10d668006e0400100000000081bf023c9001428c53
:10d67800000c427cff0042306804001000000000eb
:10d6880081bf023c9001428c000e427cff00423078
:10d69800620400100000000081bf023ca001428c1f
:10d6a8000008427cff0042305c04001000000000cb
:10d6b80081bf023ca001428c000a427cff0042303c
:10d6c800560400100000000081bf023ca001428cfb
:10d6d800000c427cff0042305004001000000000a3
:10d6e80081bf023ca001428c02160200ff004230ba
:10d6f80003004230ff0042304804001000000000e0
:10d7080081bf023cb001428c0008427cff004230dd
:10d71800420400100000000081bf023cb001428cae
:10d72800000a427cff0042303c0400100000000068
:10d7380081bf023cb001428c000c427cff004230a9
:10d74800360400100000000081bf023cb001428c8a
:10d75800000e427cff004230300400100000000040
:10d7680081bf023cc001428c0008427cff0042306d
:10d778002a0400100000000081bf023cc001428c56
:10d78800000a427cff004230240400100000000020
:10d7980081bf023cc001428c000c427cff00423039
:10d7a8001e0400100000000081bf023cc001428c32
:10d7b800000e427cff0042301804001000000000f8
:10d7c80081bf023cd001428c0008427cff004230fd
:10d7d800120400100000000081bf023cd001428cfe
:10d7e800000a427cff0042300c04001000000000d8
:10d7f80081bf023cd001428c000c427cff004230c9
:10d80800060400100000000081bf023cd001428cd9
:10d81800000e427cff0042300004001000000000af
:10d8280081bf023ce001428c0008427cff0042308c
:10d83800fa0300100000000081bf023ce001428ca6
:10d84800000a427cff004230f40300100000000090
:10d8580081bf023ce001428c000c427cff00423058
:10d86800ee0300100000000081bf023ce001428c82
:10d87800000e427cff004230e80300100000000068
:10d8880081bf023cf001428c0008427cff0042301c
:10d89800e20300100000000081bf023cf001428c4e
:10d8a800000a427cff004230dc0300100000000048
:10d8b80081bf023cf001428c000c427cff004230e8
:10d8c800d60300100000000081bf023cf001428c2a
:10d8d800000e427cff004230d00300100000000020
:10d8e80081bf023c0002428c0008427cff004230ab
:10d8f800ca0300100000000081bf023c0002428cf5
:10d90800000a427cff004230c403001000000000ff
:10d9180081bf023c0002428c000c427cff00423076
:10d92800be0300100000000081bf023c0002428cd0
:10d93800000e427cff004230b803001000000000d7
:10d9480081bf023c1002428c0008427cff0042303a
:10d95800b20300100000000081bf023c1002428c9c
:10d96800000a427cff004230ac03001000000000b7
:10d9780081bf023c1002428c000c427cff00423006
:10d98800a60300100000000081bf023c1002428c78
:10d99800000e427cff004230a0030010000000008f
:10d9a80081bf023c2002428c0008427cff004230ca
:10d9b8009a0300100000000081bf023c2002428c44
:10d9c800000a427cff00423094030010000000006f
:10d9d80081bf023c2002428c000c427cff00423096
:10d9e8008e0300100000000081bf023c2002428c20
:10d9f800000e427cff004230880300100000000047
:10da080081bf023c3002428c0008427cff00423059
:10da1800820300100000000081bf023c3002428ceb
:10da2800000a427cff0042307c0300100000000026
:10da380081bf023c3002428c000c427cff00423025
:10da4800760300100000000081bf023c3002428cc7
:10da5800000e427cff0042307003001000000000fe
:10da680081bf023c4002428c0008427cff004230e9
:10da78006a0300100000000081bf023c4002428c93
:10da8800000a427cff0042306403001000000000de
:10da980081bf023c4002428c000c427cff004230b5
:10daa8005e0300100000000081bf023c4002428c6f
:10dab800000e427cff0042305803001000000000b6
:10dac80081bf023c5002428c0008427cff00423079
:10dad800520300100000000081bf023c5002428c3b
:10dae800000a427cff0042304c0300100000000096
:10daf80081bf023c5002428c000c427cff00423045
:10db0800460300100000000081bf023c5002428c16
:10db1800000e427cff00423040030010000000006d
:10db280081bf023c6002428c0008427cff00423008
:10db38003a0300100000000081bf023c6002428ce2
:10db4800000a427cff00423034030010000000004d
:10db580081bf023c6002428c000c427cff004230d4
:10db68002e0300100000000081bf023c6002428cbe
:10db7800000e427cff004230280300100000000025
:10db880081bf023c7002428c0008427cff00423098
:10db9800220300100000000081bf023c7002428c8a
:10dba800000a427cff0042301c0300100000000005
:10dbb80081bf023c7002428c000c427cff00423064
:10dbc800160300100000000081bf023c7002428c66
:10dbd800000e427cff0042301003001000000000dd
:10dbe80081bf023c8002428c0008427cff00423028
:10dbf8000a0300100000000081bf023c8002428c32
:10dc0800000a427cff0042300403001000000000bc
:10dc180081bf023c8002428c000c427cff004230f3
:10dc2800fe0200100000000081bf023c8002428c0e
:10dc3800000e427cff004230f80200100000000095
:10dc480081bf023c9002428c0008427cff004230b7
:10dc5800f20200100000000081bf023c9002428cda
:10dc6800000a427cff004230ec0200100000000075
:10dc780081bf023c9002428c000c427cff00423083
:10dc8800e60200100000000081bf023c9002428cb6
:10dc9800000e427cff004230e0020010000000004d
:10dca80081bf023ca002428c0008427cff00423047
:10dcb800da0200100000000081bf023ca002428c82
:10dcc800000a427cff004230d4020010000000002d
:10dcd80081bf023ca002428c000c427cff00423013
:10dce800ce0200100000000081bf023ca002428c5e
:10dcf800000e427cff004230c80200100000000005
:10dd080081bf023cb002428c0008427cff004230d6
:10dd1800c20200100000000081bf023cb002428c29
:10dd2800000a427cff004230bc02001000000000e4
:10dd380081bf023cb002428c000c427cff004230a2
:10dd4800b60200100000000081bf023cb002428c05
:10dd5800000e427cff004230b002001000000000bc
:10dd680081bf023cc002428c0008427cff00423066
:10dd7800aa0200100000000081bf023cc002428cd1
:10dd8800000a427cff004230a4020010000000009c
:10dd980081bf023cc002428c000c427cff00423032
:10dda8009e0200100000000081bf023cc002428cad
:10ddb800000e427cff004230980200100000000074
:10ddc80081bf023cd002428c0008427cff004230f6
:10ddd800920200100000000081bf023cd002428c79
:10dde800000a427cff0042308c0200100000000054
:10ddf80081bf023cd002428c000c427cff004230c2
:10de0800860200100000000081bf023cd002428c54
:10de1800000e427cff00423080020010000000002b
:10de280081bf023ce002428c0008427cff00423085
:10de38007a0200100000000081bf023ce002428c20
:10de4800000a427cff00423074020010000000000b
:10de580081bf023ce002428c000c427cff00423051
:10de68006e0200100000000081bf023cf002428cec
:10de7800000a427cff0042306802001000000000e7
:10de880081bf023cf002428c000c427cff00423011
:10de9800620200100000000081bf023cf002428cc8
:10dea800000e427cff0042305c02001000000000bf
:10deb80081bf023c0003428c0008427cff004230d4
:10dec800560200100000000081bf023c0003428c93
:10ded800000a427cff00423050020010000000009f
:10dee80081bf023c0003428c000c427cff004230a0
:10def8004a0200100000000081bf023c0003428c6f
:10df0800000e427cff004230440200100000000076
:10df180081bf023c1003428c0008427cff00423063
:10df28003e0200100000000081bf023c1003428c3a
:10df3800000a427cff004230380200100000000056
:10df480081bf023c1003428c000c427cff0042302f
:10df5800320200100000000081bf023c1003428c16
:10df6800000e427cff0042302c020010000000002e
:10df780081bf023c2003428c0008427cff004230f3
:10df8800260200100000000081bf023c2003428ce2
:10df9800000a427cff00423020020010000000000e
:10dfa80081bf023c2003428c000c427cff004230bf
:10dfb8001a0200100000000081bf023c2003428cbe
:10dfc800000e427cff0042301402001000000000e6
:10dfd80081bf023c3003428c0008427cff00423083
:10dfe8000e0200100000000081bf023c3003428c8a
:10dff800000a427cff0042300802001000000000c6
:10e0080081bf023c3003428c000c427cff0042304e
:10e01800020200100000000081bf023c3003428c65
:10e02800000e427cff004230fc010010000000009e
:10e0380081bf023c4003428c0008427cff00423012
:10e04800f60100100000000081bf023c4003428c32
:10e05800000a427cff004230f0010010000000007e
:10e0680081bf023c4003428c000c427cff004230de
:10e07800ea0100100000000081bf023c4003428c0e
:10e08800000e427cff004230e40100100000000056
:10e0980081bf023c5003428c0008427cff004230a2
:10e0a800de0100100000000081bf023c5003428cda
:10e0b800000a427cff004230d80100100000000036
:10e0c80081bf023c5003428c000c427cff0042306e
:10e0d800d20100100000000081bf023c5003428cb6
:10e0e800000e427cff004230cc010010000000000e
:10e0f80081bf023c6003428c0008427cff00423032
:10e10800c60100100000000081bf023c6003428c81
:10e11800000a427cff004230c001001000000000ed
:10e1280081bf023c6003428c000c427cff004230fd
:10e13800ba0100100000000081bf023c6003428c5d
:10e14800000e427cff004230b401001000000000c5
:10e1580081bf023c7003428c0008427cff004230c1
:10e16800ae0100100000000081bf023c7003428c29
:10e17800000a427cff004230a801001000000000a5
:10e1880081bf023c7003428c000c427cff0042308d
:10e19800a20100100000000081bf023c7003428c05
:10e1a800000e427cff0042309c010010000000007d
:10e1b80081bf023c8003428c0008427cff00423051
:10e1c800960100100000000081bf023c8003428cd1
:10e1d800000a427cff00423090010010000000005d
:10e1e80081bf023c8003428c000c427cff0042301d
:10e1f8008a0100100000000081bf023c8003428cad
:10e20800000e427cff004230840100100000000034
:10e2180081bf023c9003428c0008427cff004230e0
:10e228007e0100100000000081bf023c9003428c78
:10e23800000a427cff004230780100100000000014
:10e2480081bf023c9003428c000c427cff004230ac
:10e25800720100100000000081bf023c9003428c54
:10e26800000e427cff0042306c01001000000000ec
:10e2780081bf023ca003428c0008427cff00423070
:10e28800660100100000000081bf023ca003428c20
:10e29800000a427cff0042306001001000000000cc
:10e2a80081bf023ca003428c000c427cff0042303c
:10e2b8005a0100100000000081bf023ca003428cfc
:10e2c800000e427cff0042305401001000000000a4
:10e2d80081bf023cb003428c0008427cff00423000
:10e2e8004e0100100000000081bf023cb003428cc8
:10e2f800000a427cff004230480100100000000084
:10e3080081bf023cb003428c000c427cff004230cb
:10e31800420100100000000081bf023cb003428ca3
:10e32800000e427cff0042303c010010000000005b
:10e3380081bf023cc003428c0008427cff0042308f
:10e34800360100100000000081bf023cc003428c6f
:10e35800000a427cff00423030010010000000003b
:10e3680081bf023cc003428c000c427cff0042305b
:10e378002a0100100000000081bf023cc003428c4b
:10e38800000e427cff004230240100100000000013
:10e3980081bf023cd003428c0008427cff0042301f
:10e3a8001e0100100000000081bf023cd003428c17
:10e3b800000a427cff0042301801001000000000f3
:10e3c80081bf023cd003428c000c427cff004230eb
:10e3d800120100100000000081bf023cd003428cf3
:10e3e800000e427cff0042300c01001000000000cb
:10e3f80081bf023ce003428c0008427cff004230af
:10e40800060100100000000081bf023ce003428cbe
:10e41800000a427cff0042300001001000000000aa
:10e4280081bf023ce003428c000c427cff0042307a
:10e43800fa0000100000000081bf023ce003428c9b
:10e44800000e427cff004230f40000100000000083
:10e4580081bf023cf003428c0008427cff0042303e
:10e46800ee0000100000000081bf023cf003428c67
:10e47800000a427cff004230e80000100000000063
:10e4880081bf023cf003428c000c427cff0042300a
:10e49800e20000100000000081bf023cf003428c43
:10e4a800000e427cff004230dc000010000000003b
:10e4b80081bf023c0004428c0008427cff004230cd
:10e4c800d60000100000000081bf023c0004428c0e
:10e4d800000a427cff004230d0000010000000001b
:10e4e80081bf023c0004428c000c427cff00423099
:10e4f800ca0000100000000081bf023c0004428cea
:10e50800000e427cff004230c400001000000000f2
:10e5180081bf023c1004428c0008427cff0042305c
:10e52800be0000100000000081bf023c1004428cb5
:10e53800000a427cff004230b800001000000000d2
:10e5480081bf023c1004428c000c427cff00423028
:10e55800b20000100000000081bf023c1004428c91
:10e56800000e427cff004230ac00001000000000aa
:10e5780081bf023c2004428c0008427cff004230ec
:10e58800a60000100000000081bf023c2004428c5d
:10e59800000a427cff004230a0000010000000008a
:10e5a80081bf023c2004428c000c427cff004230b8
:10e5b8009a0000100000000081bf023c2004428c39
:10e5c800000e427cff004230940000100000000062
:10e5d80081bf023c3004428c0008427cff0042307c
:10e5e8008e0000100000000081bf023c3004428c05
:10e5f800000a427cff004230880000100000000042
:10e6080081bf023c3004428c000c427cff00423047
:10e61800820000100000000081bf023c3004428ce0
:10e6280002160200ff00423003004230ff00423071
:10e638007a0000100000000081bf023c4004428cb8
:10e648000008427cff004230740000100000000007
:10e6580081bf023c4004428c000a427cff004230e9
:10e668006e0000100000000081bf023c4004428c94
:10e67800000e427cff0042306800001000000000dd
:10e6880081bf023c5004428c0008427cff004230ab
:10e69800620000100000000081bf023c5004428c60
:10e6a800000a427cff0042305c00001000000000bd
:10e6b80081bf023c5004428c000c427cff00423077
:10e6c800560000100000000081bf023c5004428c3c
:10e6d800000e427cff004230500000100000000095
:10e6e80081bf023c6004428c0008427cff0042303b
:10e6f8004a0000100000000081bf023c6004428c08
:10e70800000a427cff004230440000100000000074
:10e7180081bf023c6004428c000c427cff00423006
:10e728003e0000100000000081bf023c6004428ce3
:10e73800000e427cff00423038000010000000004c
:10e7480081bf023c7004428c000a427cff004230c8
:10e75800320000100000000081bf023c7004428caf
:10e76800000c427cff0042302c000010000000002a
:10e7780081bf023c7004428c000e427cff00423094
:10e78800260000100000000081bf023c8004428c7b
:10e798000008427cff00423020000010000000000a
:10e7a80081bf023c8004428c000a427cff00423058
:10e7b8001a0000100000000081bf023c8004428c57
:10e7c800000c427cff0042301400001000000000e2
:10e7d80081bf023c8004428c000e427cff00423024
:10e7e8000e0000100000000081bf023c9004428c23
:10e7f800000c427cff0042300800001000000000be
:10e8080081bf023c9004428c000e427cff004230e3
:10e8180002000010000000002510000025e8c003d9
:10e828000400be8f0800bd270800e00300000000b8
:10e83800e8ffbd271400bfaf1000beaf25f0a0034e
:10e848001800c4af010005241800c48f4201400f0e
:10e85800000000000000000025e8c0031400bf8f7e
:10e868001000be8f1800bd270800e003000000005c
:10e87800e8ffbd271400bfaf1000beaf25f0a0030e
:10e888001800c4af252800001800c48f4201400fab
:10e89800000000000000000025e8c0031400bf8f3e
:10e8a8001000be8f1800bd270800e003000000001c
:10e8b800e8ffbd271400bfaf1000beaf25f0a003ce
:10e8c8001800c4af252800001800c48f6f0f400f30
:10e8d800000000000000000025e8c0031400bf8ffe
:10e8e8001000be8f1800bd270800e00300000000dc
:10e8f80088fcbd277403bfaf7003beaf25f0a0032b
:10e908007803c4af039d023c1000c42720b34224ff
:10e918006003032425306000252840002729410f83
:10e92800000000007803c28f801002001000c32787
:10e93800211062000000428c25e8c0037403bf8fd9
:10e948007003be8f7803bd270800e00300000000b5
:10e95800b8ffbd274400bfaf4000beaf3c00b4af16
:10e968003800b3af3400b2af3000b1af2c00b0af55
:10e9780025f0a00301f5400f00000000039d023cb4
:10e9880080b64624039d023c84b64524039d023c80
:10e9980088b64424acf4400f00000000039d023cfc
:10e9a8008cb644247d28410f0000000001f5400f7b
:10e9b800000000001d01400f000000000b00401087
:10e9c80000000000039d023c84b64624039d023cdf
:10e9d80084b64524039d023c88b64424acf4400f19
:10e9e800000000000900001000000000039d023c28
:10e9f80084b64624039d023c84b64524039d023c0c
:10ea080080b64424acf4400f000000001d01400f04
:10ea1800000000000500401000000000039d023cbb
:10ea2800acb642240300001000000000039d023c25
:10ea3800b0b6422425284000039d023cb4b64424c5
:10ea48007d28410f0000000081bf023c0000428c7d
:10ea58000003427cff0042300b0040100000000021
:10ea6800039d023c84b64624039d023c84b645249b
:10ea7800039d023c88b64424acf4400f000000001b
:10ea88000900001000000000039d023c84b64624e3
:10ea9800039d023c84b64524039d023c80b6442471
:10eaa800acf4400f0000000081bf023c0000428c23
:10eab8000003427cff0042300500401000000000c7
:10eac800039d023cd4b6422403000010000000005d
:10ead800039d023ce4b6422425284000039d023ce5
:10eae800f4b644247d28410f00000000039d023c39
:10eaf80084b64624039d023c84b64524039d023c0b
:10eb080088b64424acf4400f0000000081bf023cea
:10eb18001000428c25284000039d023c10b7442475
:10eb28007d28410f00000000039d023c84b6462466
:10eb3800039d023c84b64524039d023c88b64424c8
:10eb4800acf4400f0000000081bf023c2000428c62
:10eb58000012427cff00423025284000039d023c01
:10eb680048b744247d28410f00000000039d023c63
:10eb780084b64624039d023c84b64524039d023c8a
:10eb880088b64424acf4400f0000000081bf023c6a
:10eb980020004290ff00423025284000039d023c9f
:10eba80078b744247d28410f00000000039d023cf3
:10ebb8009cb74624039d023c84b64524039d023c31
:10ebc80088b64424acf4400f00000000039d023cca
:10ebd800a0b744247d28410f00000000039d023c9b
:10ebe80084b64624039d023c84b64524039d023c1a
:10ebf80088b64424acf4400f00000000039d023c9a
:10ec0800ecb744247d28410f00000000039d023c1e
:10ec18009cb74624039d023c84b64524039d023cd0
:10ec280088b64424acf4400f00000000039d023c69
:10ec380004b844247d28410f0000000001f5400f6e
:10ec4800000000002000c0a37500001000000000b4
:10ec58002000c29301004230ff00423021004014de
:10ec6800000000002000c293252040009509400fb5
:10ec78000000000007004014000000002000c293bc
:10ec880025204000522e400f000000000b004010cd
:10ec980000000000039d023c84b64624039d023c0c
:10eca80084b64524039d023c88b64424acf4400f46
:10ecb800000000002900001000000000039d023c35
:10ecc80084b64624039d023c84b64524039d023c39
:10ecd80080b64424acf4400f000000001f00001070
:10ece800000000002000c293252040009509400f35
:10ecf8000000000007004014000000002000c2933c
:10ed080025204000522e400f000000000b0040104c
:10ed180000000000039d023c9cb74624039d023c72
:10ed280084b64524039d023c88b64424acf4400fc5
:10ed3800000000000900001000000000039d023cd4
:10ed48009cb74624039d023c84b64524039d023c9f
:10ed580080b64424acf4400f000000002000d1939a
:10ed68002000c293252040003e3a400f00000000da
:10ed780025a040002000c293252040009509400f9f
:10ed8800000000000400401000000000540010249f
:10ed98000200001000000000460010242000c2936a
:10eda80025204000522e400f000000002590400012
:10edb8002000c293252040003034400f000000009e
:10edc800259840002000c29325204000c217400f1c
:10edd800000000000400401000000000540002245d
:10ede8000200001000000000460002241800a2af34
:10edf8001400b3af1000b2af2538000225308002ee
:10ee080025282002039d023c38b844247d28410f60
:10ee1800000000002000c293010042242000c2a389
:10ee28002000c293d800422c89ff40140000000043
:10ee380001f5400f000000000000000025e8c003b5
:10ee48004400bf8f4000be8f3c00b48f3800b38fa2
:10ee58003400b28f3000b18f2c00b08f4800bd272e
:10ee68000800e00300000000f8ffbd270400beaf63
:10ee780025f0a00380bf023c300040ac80bf023cbc
:10ee880099aa033c55666334300043ac80bf023c0a
:10ee98006655033caa996334300043ac0000000077
:10eea80025e8c0030400be8f0800bd270800e00362
:10eeb80000000000f8ffbd270400beaf25f0a00346
:10eec80080bf023c300040ac0000000025e8c003d1
:10eed8000400be8f0800bd270800e0030000000002
:10eee800e0ffbd271c00bfaf1800beaf25f0a00390
:10eef8000f01400f000000009c3b400f0000000085
:10ef080080bf023c01000324581243ac80bf023c7e
:10ef18005012428c1000c2af0000000025e8c00368
:10ef28001c00bf8f1800be8f2000bd270800e0031b
:10ef380000000000f8ffbd270400beaf25f0a003c5
:10ef4800050000100800c4af400000000800c28f90
:10ef5800ffff42240800c2af0800c28ffaff401426
:10ef6800000000000000000025e8c0030400be8f78
:10ef78000800bd270800e00300000000e8ffbd27e7
:10ef88001400bfaf1000beaf25f0a0039c3b400f9c
:10ef98000000000080bf033c0012628cc439027c70
:10efa800001262ac023d400f000000001e3d400f01
:10efb800000000003f3d400f00000000603d400f92
:10efc80000000000813d400f00000000a23d400ffe
:10efd80000000000c33d400f00000000643c400feb
:10efe800000000008a3c400f00000000a83c400fd1
:10eff80000000000c63c400f00000000e43c400f49
:10f0080000000000433c400f00000000000000002a
:10f0180080bf023cd013428cc001427cff004230ca
:10f02800fbff40100000000080bf033c0012628c10
:10f03800010004240452827c001262ac80bf033cad
:10f048000012628c010004240400827c001262ac6d
:10f058000000000080bf023c0012428c0000427c8d
:10f06800ff00433001000224faff62100000000094
:10f0780080bf033c0000628c010004240484827c6d
:10f08800000062ac80bf033c0012628c01000424c3
:10f09800c439827c001262acaf3b400f0000000014
:10f0a80080bf023cd013428cc001427cff0042303a
:10f0b8000b0040100000000080bf023c0012428c90
:10f0c8000013427cff004330010002240400621454
:10f0d80000000000010002240200001000000000ef
:10f0e8002510000001004230ff00423025e8c0032f
:10f0f8001400bf8f1000be8f1800bd270800e00362
:10f1080000000000f8ffbd270400beaf25f0a003f3
:10f1180080bf033c2012628c030004240410827c0c
:10f12800201262ac80bf033c2012628cc439027c7e
:10f13800201262ac80bf033c2012628c02000424bf
:10f148000452827c201262ac80bf033c2012628c85
:10f158003100042404b4827c201262ac80bf033cda
:10f168002012628c0100042404d6827c201262ac36
:10f178000000000025e8c0030400be8f0800bd277a
:10f188000800e00300000000f8ffbd270400beaf40
:10f1980025f0a00380bf033c8012628c6400042425
:10f1a80004f4827c801262ac80bf033c8012628cc3
:10f1b800070004240418827c801262ac80bf033ce0
:10f1c8008012628c01000424c47b827c801262acb1
:10f1d80080bf033c8012628c01000424446b827c53
:10f1e800801262ac80bf033c8012628c0100042450
:10f1f8000463827c801262ac80bf033c8012628c04
:10f20800c45a027c801262ac0000000025e8c003ea
:10f218000400be8f0800bd270800e00300000000be
:10f22800f8ffbd270400beaf25f0a00380bf033c54
:10f23800a012628c04f4027ca01262ac80bf033c72
:10f24800a012628cc47b027ca01262ac80bf033c1b
:10f25800a012628c01000424446b827ca01262ac70
:10f2680080bf033ca012628c0463027ca01262acd3
:10f2780080bf033ca012628cc45a027ca01262ac0c
:10f288000000000025e8c0030400be8f0800bd2769
:10f298000800e00300000000f8ffbd270400beaf2f
:10f2a80025f0a00380bf033cc012628c04f4027cea
:10f2b800c01262ac80bf033cc012628cc47b027c6b
:10f2c800c01262ac80bf033cc012628c01000424ef
:10f2d800446b827cc01262ac80bf033cc012628c5b
:10f2e8000463027cc01262ac80bf033cc012628c13
:10f2f800c45a027cc01262ac0000000025e8c003ba
:10f308000400be8f0800bd270800e00300000000cd
:10f31800f8ffbd270400beaf25f0a00380bf033c63
:10f32800e012628c04f4027ce01262ac80bf033c01
:10f33800e012628cc47b027ce01262ac80bf033caa
:10f34800e012628c01000424446b827ce01262acff
:10f3580080bf033ce012628c0463027ce01262ac62
:10f3680080bf033ce012628cc45a027ce01262ac9b
:10f378000000000025e8c0030400be8f0800bd2778
:10f388000800e00300000000f8ffbd270400beaf3e
:10f3980025f0a00380bf033c0013628c04f4027cb8
:10f3a800001362ac80bf033ce012628cc47b027c19
:10f3b800e01262ac80bf033c0013628c010004249d
:10f3c800446b827c001362ac80bf033c0013628ce8
:10f3d8000463027c001362ac80bf033c0013628ca0
:10f3e800c45a027c001362ac0000000025e8c00388
:10f3f8000400be8f0800bd270800e00300000000dd
:10f40800f8ffbd270400beaf25f0a00300000000f0
:10f4180080bf023c4013428cc002427cff00423055
:10f42800fbff40100000000080bf033c40136294c3
:10f43800020004240430827c401362a4000000000f
:10f4480080bf023c4013428cc002427cff00423025
:10f45800fbff4010000000000000000025e8c0038a
:10f468000400be8f0800bd270800e003000000006c
:10f47800f8ffbd270400beaf25f0a0030000000080
:10f4880080bf023c5013428cc002427cff004230d5
:10f49800fbff40100000000080bf033c5013629443
:10f4a800020004240430827c501362a4000000008f
:10f4b80080bf023c5013428cc002427cff004230a5
:10f4c800fbff40100000000080bf033c5013629413
:10f4d80001000424c47b827c501362a40000000055
:10f4e80025e8c0030400be8f0800bd270800e0031c
:10f4f80000000000f8ffbd270400beaf25f0a00300
:10f508000000000080bf023c6013428cc002427cb5
:10f51800ff004230fbff40100000000080bf033caa
:10f52800601362940f0004240430827c601362a488
:10f538000000000080bf023c6013428cc002427c85
:10f54800ff004230fbff40100000000080bf033c7a
:10f558006013629401000424c47b827c601362a45b
:10f568000000000025e8c0030400be8f0800bd2786
:10f578000800e00300000000f8ffbd270400beaf4c
:10f5880025f0a0030000000080bf023c7013428ced
:10f59800c002427cff004230fbff40100000000028
:10f5a80080bf033c70136294020004240430827c00
:10f5b800701362a40000000080bf023c7013428cec
:10f5c800c002427cff004230fbff401000000000f8
:10f5d80080bf033c7013629401000424c47b827cc6
:10f5e800701362a40000000025e8c0030400be8f69
:10f5f8000800bd270800e00300000000f8ffbd2751
:10f608000400beaf25f0a0030000000080bf023c4c
:10f618008013428cc002427cff004230fbff401046
:10f628000000000080bf033c8013629402000424a1
:10f638000430827c801362a40000000080bf023c7a
:10f648008013428cc002427cff004230fbff401016
:10f658000000000080bf033c801362940100042472
:10f66800c47b827c801362a40000000025e8c003ec
:10f678000400be8f0800bd270800e003000000005a
:10f68800f8ffbd270400beaf25f0a003000000006e
:10f6980080bf023c9013428cc002427cff00423083
:10f6a800fbff40100000000080bf033c90136294f1
:10f6b800020004240430827c901362a4000000003d
:10f6c80080bf023c9013428cc002427cff00423053
:10f6d800fbff40100000000080bf033c90136294c1
:10f6e80001000424c47b827c901362a40000000003
:10f6f80025e8c0030400be8f0800bd270800e0030a
:10f7080000000000f8ffbd270400beaf25f0a003ed
:10f718000000000080bf023ca013428cc002427c63
:10f72800ff004230fbff40100000000080bf033c98
:10f73800a01362940430027ca01362a400000000ad
:10f7480080bf023ca013428cc002427cff004230c2
:10f75800fbff40100000000080bf033ca013629430
:10f7680001000424c47b827ca01362a40000000072
:10f7780025e8c0030400be8f0800bd270800e00389
:10f7880000000000e8ffbd271400bfaf1000beafa7
:10f7980025f0a0031800c4af1800c38f0f00023c67
:10f7a800404242342b106200150040140000000053
:10f7b8001800c48f4e28410f00000000252040008b
:10f7c80025286000029d023c2872468c2c72478cca
:10f7d800c406410f000000002530400025386000b5
:10f7e800029d023cc84745240180023c0c4d44243c
:10f7f800dc29410f00000000350000100000000067
:10f808001800c28fe803422c1500401400000000c5
:10f818001800c48f4e28410f00000000252040002a
:10f8280025286000029d023c3072468c3472478c59
:10f83800c406410f00000000253040002538600054
:10f84800029d023cd44745240180023c0c4d4424cf
:10f85800dc29410f000000001d000010000000001e
:10f868001800c28f11004010000000001800c48f5b
:10f87800e527410f00000000252040000523410f27
:10f88800000000002530400025386000029d023c41
:10f89800e04745240180023c0c4d4424dc29410ffb
:10f8a800000000000a000010000000001800c28fcd
:10f8b8000700401400000000029d023ce847452470
:10f8c8000180023c0c4d4424dc29410f000000005b
:10f8d8000180023c0c4d422425e8c0031400bf8f70
:10f8e8001000be8f1800bd270800e00300000000cc
:10f8f800e8ffbd271400bfaf1000beaf25f0a0037e
:10f908009c3b400f0000000080bf033c0000628c5d
:10f91800446b027c000062acaf3b400f000000006b
:10f928000000000025e8c0031400bf8f1000be8f40
:10f938001800bd270800e00300000000e8ffbd270d
:10f948001400bfaf1000beaf25f0a0039c3b400fd2
:10f958000000000080bf033c0000628c010004240a
:10f96800446b827c000062acaf3b400f000000009b
:10f978000000000025e8c0031400bf8f1000be8ff0
:10f988001800bd270800e00300000000e8ffbd27bd
:10f998001400bfaf1000beaf25f0a0039c3b400f82
:10f9a8000000000080bf033c0000628c0463027cfe
:10f9b800000062acaf3b400f0000000000000000f8
:10f9c80025e8c0031400bf8f1000be8f1800bd27a4
:10f9d8000800e00300000000e8ffbd271400bfafe7
:10f9e8001000beaf25f0a0039c3b400f00000000b4
:10f9f80080bf033c0000628c010004240463827c05
:10fa0800000062acaf3b400f0000000000000000a7
:10fa180025e8c0031400bf8f1000be8f1800bd2753
:10fa28000800e00300000000e8ffbd271400bfaf96
:10fa38001000beaf25f0a003c5bf023c24404234ed
:10fa48000000438cc5bf023c204042340000428c79
:10fa58002538400025306000029d023cf4474524cb
:10fa68000180023c204d4424dc29410f00000000a5
:10fa78000180023c204d422425e8c0031400bf8fba
:10fa88001000be8f1800bd270800e003000000002a
:10fa9800f8ffbd270400beaf25f0a00380bf023cdd
:10faa800200042340000428c00d8427c25e8c00384
:10fab8000400be8f0800bd270800e0030000000016
:10fac800f8ffbd270400beaf25f0a0030800c4afaf
:10fad8000800c38f2107023c53d04234ee01621064
:10fae800000000000800c38f2107023c54d04234b4
:10faf8002b106200ae004010000000000800c38f09
:10fb08002007023c53e04234af01621000000000bd
:10fb18000800c38f2007023c54e042342b106200d7
:10fb280052004010000000000800c38f2007023c6c
:10fb38005370423460016210000000000800c38f57
:10fb48002007023c547042342b10620024004010fd
:10fb5800000000000800c38f2007023c53304234e5
:10fb68005d016210000000000800c38f2007023cfe
:10fb7800543042342b1062000d0040100000000089
:10fb88000800c38f2007023c531042343a01621028
:10fb9800000000000800c38f2007023c53204234b5
:10fba8004101621000000000f30100100000000095
:10fbb8000800c38f2007023c5340423452016210b0
:10fbc800000000000800c38f2007023c5360423445
:10fbd8002d01621000000000e70100100000000085
:10fbe8000800c38f2007023c53b042345201621010
:10fbf800000000000800c38f2007023c54b04234c4
:10fc08002b1062000d004010000000000800c38f98
:10fc18002007023c53804234330162100000000088
:10fc28000800c38f2007023c539042343a01621007
:10fc380000000000d0010010000000000800c38f81
:10fc48002007023c53c04234470162100000000004
:10fc58000800c38f2007023c53d042344e01621083
:10fc680000000000c4010010000000000800c38f5d
:10fc78002107023c536042346b016210000000000f
:10fc88000800c38f2107023c546042342b106200e5
:10fc980024004010000000000800c38f2107023c28
:10fca8005320423440016210000000000800c38f56
:10fcb8002107023c542042342b1062000d004010f2
:10fcc800000000000800c38f2107023c53004234a3
:10fcd8001d016210000000000800c38f2107023ccc
:10fce800531042342401621000000000a2010010e9
:10fcf800000000000800c38f2107023c5330423443
:10fd080035016210000000000800c38f2107023c83
:10fd18005350423438016210000000009601001070
:10fd2800000000000800c38f2107023c53a04234a2
:10fd380035016210000000000800c38f2107023c53
:10fd480054a042342b1062000d0040100000000047
:10fd58000800c38f2107023c537042343e016210f1
:10fd6800000000000800c38f2107023c5380423482
:10fd780045016210000000007f0100100000000033
:10fd88000800c38f2107023c53b042342a01621095
:10fd9800000000000800c38f2107023c53c0423412
:10fda8003101621000000000730100100000000023
:10fdb8000800c38f2307023c53104234da00621054
:10fdc800000000000800c38f2307023c541042348f
:10fdd8002b10620052004010000000000800c38f82
:10fde8002207023c535042344301621000000000d5
:10fdf8000800c38f2207023c545042342b10620083
:10fe080024004010000000000800c38f2207023cb5
:10fe18005310423440016210000000000800c38ff4
:10fe28002207023c541042342b1062000d0040108f
:10fe3800000000000800c38f2107023c53f0423441
:10fe48001d016210000000000800c38f2207023c59
:10fe580053004234240162100000000046010010e3
:10fe6800000000000800c38f2207023c53204234e0
:10fe780035016210000000000800c38f2207023c11
:10fe88005340423410016210000000003a01001093
:10fe9800000000000800c38f2207023c53e04234f0
:10fea8007d006210000000000800c38f2207023c9a
:10feb80054e042342b1062000d0040100000000096
:10fec8000800c38f2207023c5360423416016210b7
:10fed800000000000800c38f2207023c5370423420
:10fee8001d01621000000000230100100000000046
:10fef8000800c38f2207023c53f04234720062109c
:10ff0800000000000800c38f2307023c530042345e
:10ff180079006210000000001701001000000000c6
:10ff28000800c38f2407023c53304234c6006210d5
:10ff3800000000000800c38f2407023c54304234fc
:10ff48002b10620024004010000000000800c38f3e
:10ff58002307023c53a042349700621000000000bf
:10ff68000800c38f2307023c54a042342b106200c0
:10ff78000d004010000000000800c38f2307023c5a
:10ff88005380423474006210000000000800c38fe0
:10ff98002307023c539042347b00621000000000ab
:10ffa800f5000010000000000800c38f2307023c82
:10ffb80053b042348c006210000000000800c38f68
:10ffc8002407023c532042349300621000000000d2
:10ffd800e9000010000000000800c38f2407023c5d
:10ffe80053c04234bc006210000000000800c38ff8
:10fff8002407023c54c042342b1062000d0040100c
:020000041d01dc
:10000800000000000800c38f2407023c534042341c
:1000180099006210000000000800c38f2407023c0a
:1000280053504234a000621000000000d2000010bb
:10003800000000000800c38f2407023c53e042344c
:10004800bd006210000000000800c38f2407023cb6
:1000580053f04234c4006210000000000800c38f4f
:100068002407023c53d04234a7006210000000006d
:10007800c100001000000000029d023cfc47422421
:10008800bf00001000000000029d023c10484224fe
:10009800bb00001000000000029d023c24484224de
:1000a800b700001000000000029d023c38484224be
:1000b800b300001000000000029d023c4c4842249e
:1000c800af00001000000000029d023c604842247e
:1000d800ab00001000000000029d023c744842245e
:1000e800a700001000000000029d023c884842243e
:1000f800a300001000000000029d023c9c4842241e
:100108009f00001000000000029d023cb0484224fd
:100118009b00001000000000029d023cc4484224dd
:100128009700001000000000029d023cd8484224bd
:100138009300001000000000029d023cec4842249d
:100148008f00001000000000029d023c004942247c
:100158008b00001000000000029d023c144942245c
:100168008700001000000000029d023c284942243c
:100178008300001000000000029d023c3c4942241c
:100188007f00001000000000029d023c50494224fc
:100198007b00001000000000029d023c64494224dc
:1001a8007700001000000000029d023c78494224bc
:1001b8007300001000000000029d023c8c4942249c
:1001c8006f00001000000000029d023ca04942247c
:1001d8006b00001000000000029d023cb44942245c
:1001e8006700001000000000029d023cc84942243c
:1001f8006300001000000000029d023cdc4942241c
:100208005f00001000000000029d023cf0494224fb
:100218005b00001000000000029d023c044a4224da
:100228005700001000000000029d023c184a4224ba
:100238005300001000000000029d023c2c4a42249a
:100248004f00001000000000029d023c404a42247a
:100258004b00001000000000029d023c544a42245a
:100268004700001000000000029d023c684a42243a
:100278004300001000000000029d023c7c4a42241a
:100288003f00001000000000029d023c904a4224fa
:100298003b00001000000000029d023ca44a4224da
:1002a8003700001000000000029d023cb84a4224ba
:1002b8003300001000000000029d023ccc4a42249a
:1002c8002f00001000000000029d023ce04a42247a
:1002d8002b00001000000000029d023cf44a42245a
:1002e8002700001000000000029d023c084b422439
:1002f8002300001000000000029d023c1c4b422419
:100308001f00001000000000029d023c304b4224f8
:100318001b00001000000000029d023c444b4224d8
:100328001700001000000000029d023c584b4224b8
:100338001300001000000000029d023c6c4b422498
:100348000f00001000000000029d023c804b422478
:100358000b00001000000000029d023c944b422458
:100368000700001000000000029d023ca84b422438
:100378000300001000000000029d023cbc4b422418
:1003880025e8c0030400be8f0800bd270800e0036d
:1003980000000000f8ffbd270400beaf25f0a00351
:1003a80080bf023c200042340000428cff004230f3
:1003b8000f004230ff00423025e8c0030400be8f22
:1003c8000800bd270800e00300000000f8ffbd2773
:1003d8000400beaf25f0a003251080000800c2a3ca
:1003e8000800c293030003240b0043100000000020
:1003f800060003240c004310000000000100032441
:100408000d00431400000000029d023cc84b42242a
:100418000b00001000000000029d023ccc4b42245f
:100428000700001000000000029d023cd04b42244f
:100438000300001000000000029d023cbc4b422457
:1004480025e8c0030400be8f0800bd270800e003ac
:1004580000000000e8ffbd271400bfaf1000beafca
:1004680025f0a0031800c4af01f5400f00000000fc
:10047800029d023cd44b4624029d023cd84b4524a5
:10048800029d023cdc4b4424acf4400f0000000009
:10049800029d023ce04b44247d28410f00000000ef
:1004a800029d023cd84b4624029d023cd84b452471
:1004b800029d023cdc4b4424acf4400f00000000d9
:1004c8001800c48fe33d400f0000000025284000bd
:1004d800029d023cfc4b44247d28410f0000000093
:1004e800029d023c284c44247d28410f0000000056
:1004f80080bf023c0012428c0013427cff00423055
:100508000800432c4300601000000000801802001f
:10051800019d023c30054224211062000000428cfb
:1005280008004000000000005005019d6805019d7d
:100538008005019d1c06019d9805019db005019d42
:10054800c805019d0806019d029d023c544c4424a7
:100558007d28410f000000002e0000100000000060
:10056800029d023ca04c44247d28410f000000005d
:100578002800001000000000029d023cb44c4424f6
:100588007d28410f0000000022000010000000003c
:10059800029d023cdc4c44247d28410f00000000f1
:1005a8001c00001000000000029d023cfc4c44248a
:1005b8007d28410f00000000160000100000000018
:1005c800029d023cd44b4624029d023cd84b452454
:1005d800029d023cd44b4424acf4400f00000000c0
:1005e800029d023c284d44247d28410f0000000054
:1005f80001f5400f00000000060000100000000098
:10060800029d023c544c44247d28410f0000000008
:100618000000000080bf023c0012428cc005427cf2
:10062800ff0042300b00401000000000029d023c19
:10063800d84b4624029d023cd84b4524029d023cdf
:10064800dc4b4424acf4400f00000000090000100b
:1006580000000000029d023cd84b4624029d023c4b
:10066800d84b4524029d023cd44b4424acf4400fa3
:100678000000000080bf023c0012428cc005427c92
:10068800ff0042300500401000000000029d023cbf
:100698004c4d42240300001000000000029d023c63
:1006a800e847422425284000029d023c544d44243a
:1006b8007d28410f00000000029d023cd84b4624d3
:1006c800029d023cd84b4524029d023cdc4b44244d
:1006d800acf4400f00000000c1bf023cc4ff428cd4
:1006e8000010427cff0042300100422425284000cf
:1006f800029d023c6c4d44247d28410f00000000ff
:10070800c1bf023cc4ff428c0032427cff00423031
:100718000100422425284000029d023c9c4d4424af
:100728007d28410f00000000c1bf023cc4ff428c7d
:100738000014427cff0042302518400001000224ca
:100748000410620025284000029d023cc44d442448
:100758007d28410f0000000080bf023c2012428c1f
:100768000012427cff00423001004224252840004c
:10077800029d023cf04d44247d28410f00000000fa
:1007880080bf023c2012428c0034427cff00423081
:100798000100422425284000029d023c244e4424a6
:1007a8007d28410f0000000080bf023c2012428ccf
:1007b8000016427cff004230251840000100022448
:1007c8000410620025284000029d023c544e442437
:1007d8007d28410f0000000080bf023c2012428c9f
:1007e800c001427cff0042300500401000000000bc
:1007f800029d023c884e42240300001000000000c5
:10080800029d023c8c4e422425284000029d023c59
:10081800944e44247d28410f00000000029d023cb4
:10082800bc4e44247d28410f0000000080bf023cdc
:100838002012428c0010427cff0042300600432cfc
:10084800310060100000000080180200019d023c89
:100858006c084224211062000000428c080040000d
:1008680000000000fc08019de408019dcc08019de2
:10087800b408019d9c08019d8408019d029d023ccd
:10088800e84e4424bf27410f000000001e0000105e
:1008980000000000029d023cf84e4424bf27410f8f
:1008a800000000001800001000000000029d023c3b
:1008b800084f4424bf27410f000000001200001019
:1008c80000000000029d023c184f4424bf27410f3e
:1008d800000000000c00001000000000029d023c17
:1008e800244f4424bf27410f0000000006000010d9
:1008f80000000000029d023c304f4424bf27410ff6
:10090800000000000000000080bf023c8012428c02
:10091800c003427cff0042300f004014000000007a
:10092800029d023cd84b4624029d023cd84b4524ec
:10093800029d023cd44b4424acf4400f000000005c
:10094800029d023c3c4f44247d28410f00000000da
:100958001c00001000000000029d023cd84b4624f9
:10096800029d023cd84b4524029d023cdc4b4424aa
:10097800acf4400f0000000080bf023c8012428ca3
:100988000074427cffff42304010020025184000ee
:100998001800c28f1b004300f40160001010000013
:1009a8001210000025204000e33d400f0000000029
:1009b80025284000029d023c6c4f44247d28410fad
:1009c8000000000080bf023ca012428cc003427ca1
:1009d800ff0042300f00401400000000029d023c5e
:1009e800d84b4624029d023cd84b4524029d023c2c
:1009f800d44b4424acf4400f00000000029d023c9c
:100a0800a04f44247d28410f000000001c00001066
:100a180000000000029d023cd84b4624029d023c87
:100a2800d84b4524029d023cdc4b4424acf4400fd7
:100a38000000000080bf023ca012428c0074427c7f
:100a4800ffff423040100200251840001800c28ff6
:100a58001b004300f4016000101000001210000099
:100a680025204000e33d400f0000000025284000fd
:100a7800029d023ccc4f44247d28410f0000000019
:100a880080bf023cc012428cc003427cff0042304f
:100a98000f00401400000000029d023cd84b462481
:100aa800029d023cd84b4524029d023cd44b442471
:100ab800acf4400f00000000029d023cfc4f4424af
:100ac8007d28410f000000001c00001000000000fd
:100ad800029d023cd84b4624029d023cd84b45243b
:100ae800029d023cdc4b4424acf4400f00000000a3
:100af80080bf023cc012428c0074427cffff42302f
:100b080040100200251840001800c28f1b00430047
:100b1800f4016000101000001210000025204000b1
:100b2800e33d400f0000000025284000029d023ce4
:100b3800285044247d28410f0000000080bf023c5b
:100b4800e012428cc003427cff0042300f00401488
:100b580000000000029d023cd84b4624029d023c46
:100b6800d84b4524029d023cd44b4424acf4400f9e
:100b780000000000029d023c585044247d28410f8b
:100b8800000000001c00001000000000029d023c54
:100b9800d84b4624029d023cd84b4524029d023c7a
:100ba800dc4b4424acf4400f0000000080bf023c42
:100bb800e012428c0074427cffff42304010020079
:100bc800251840001800c28f1b004300f401600084
:100bd800101000001210000025204000e33d400fd7
:100be8000000000025284000029d023c8450442457
:100bf8007d28410f0000000080bf023c0013428c9a
:100c0800c003427cff0042300f0040140000000087
:100c1800029d023cd84b4624029d023cd84b4524f9
:100c2800029d023cd44b4424acf4400f0000000069
:100c3800029d023cb45044247d28410f000000006e
:100c48001c00001000000000029d023cd84b462406
:100c5800029d023cd84b4524029d023cdc4b4424b7
:100c6800acf4400f0000000080bf023c0013428c2f
:100c78000074427cffff42304010020025184000fb
:100c88001800c28f1b004300f40160001010000020
:100c98001210000025204000e33d400f0000000036
:100ca80025284000029d023ce05044247d28410f45
:100cb80000000000029d023cd84b4624029d023ce5
:100cc800d84b4524029d023cdc4b4424acf4400f35
:100cd8000000000080bf023c4013428c0030427c80
:100ce800ff00423001004224251840001800c28f3e
:100cf8001b004300f40160001010000012100000f7
:100d080025204000e33d400f00000000252840005a
:100d1800029d023c105144247d28410f0000000030
:100d280080bf023c5013428cc003427cff0042301b
:100d38001e00401000000000029d023cd84b4624d3
:100d4800029d023cd84b4524029d023cdc4b4424c6
:100d5800acf4400f0000000080bf023c5013428cee
:100d68000030427cff004230010042242518400038
:100d78001800c28f1b004300f4016000101000002f
:100d88001210000025204000e33d400f0000000045
:100d980025284000029d023c485144247d28410feb
:100da800000000000d00001000000000029d023c41
:100db800d84b4624029d023cd84b4524029d023c58
:100dc800d44b4424acf4400f00000000029d023cc8
:100dd8007c514424bf27410f0000000080bf023c23
:100de8006013428cc003427cff0042301e0040105a
:100df80000000000029d023cd84b4624029d023ca4
:100e0800d84b4524029d023cdc4b4424acf4400ff3
:100e18000000000080bf023c6013428c0030427c1e
:100e2800ff00423001004224251840001800c28ffc
:100e38001b004300f40160001010000012100000b5
:100e480025204000e33d400f000000002528400019
:100e5800029d023cb05144247d28410f000000004f
:100e68000d00001000000000029d023cd84b4624f3
:100e7800029d023cd84b4524029d023cd44b44249d
:100e8800acf4400f00000000029d023ce4514424f1
:100e9800bf27410f0000000080bf023c7013428c46
:100ea800c003427cff0042301e00401000000000da
:100eb800029d023cd84b4624029d023cd84b452457
:100ec800029d023cdc4b4424acf4400f00000000bf
:100ed80080bf023c7013428c0030427cff004230dd
:100ee80001004224251840001800c28f1b0043004f
:100ef800f4016000101000001210000025204000ce
:100f0800e33d400f0000000025284000029d023c00
:100f1800185244247d28410f000000000d000010e5
:100f280000000000029d023cd84b4624029d023c72
:100f3800d84b4524029d023cd44b4424acf4400fca
:100f480000000000029d023c4c524424bf27410f80
:100f58000000000080bf023c8013428cc003427c2a
:100f6800ff0042301e00401000000000029d023cbd
:100f7800d84b4624029d023cd84b4524029d023c96
:100f8800dc4b4424acf4400f0000000080bf023c5e
:100f98008013428c0030427cff0042300100422422
:100fa800251840001800c28f1b004300f4016000a0
:100fb800101000001210000025204000e33d400ff3
:100fc8000000000025284000029d023c8052442475
:100fd8007d28410f000000000d00001000000000f7
:100fe800029d023cd84b4624029d023cd84b452426
:100ff800029d023cd44b4424acf4400f0000000096
:10100800029d023cb4524424bf27410f0000000057
:1010180080bf023c9013428cc003427cff004230e8
:101028001e00401000000000029d023cd84b4624e0
:10103800029d023cd84b4524029d023cdc4b4424d3
:10104800acf4400f0000000080bf023c9013428cbb
:101058000030427cff004230010042242518400045
:101068001800c28f1b004300f4016000101000003c
:101078001210000025204000e33d400f0000000052
:1010880025284000029d023ce85244247d28410f57
:10109800000000000d00001000000000029d023c4e
:1010a800d84b4624029d023cd84b4524029d023c65
:1010b800d44b4424acf4400f00000000029d023cd5
:1010c8001c534424bf27410f0000000080bf023c8e
:1010d800a013428cc003427cff0042301e00401027
:1010e80000000000029d023cd84b4624029d023cb1
:1010f800d84b4524029d023cdc4b4424acf4400f01
:101108000000000080bf023ca013428c0030427ceb
:10111800ff00423001004224251840001800c28f09
:101128001b004300f40160001010000012100000c2
:1011380025204000e33d400f000000002528400026
:10114800029d023c505344247d28410f00000000ba
:101158000d00001000000000029d023cd84b462400
:10116800029d023cd84b4524029d023cd44b4424aa
:10117800acf4400f00000000029d023c845344245c
:10118800bf27410f0000000080bf023c0012428cc4
:10119800c001427cff0042300b00401000000000fc
:1011a800029d023cd84b4624029d023cd84b452464
:1011b800029d023cdc4b4424acf4400f00000000cc
:1011c8000900001000000000029d023cd84b462494
:1011d800029d023cd84b4524029d023cd44b44243a
:1011e800acf4400f0000000080bf023c0012428cab
:1011f800c001427cff0042300500401000000000a2
:10120800029d023cb8534224030000100000000075
:10121800029d023cc053422425284000029d023c06
:10122800cc5344247d28410f0000000080bf023cbd
:101238000012428cc000427cff0042300b0040107c
:1012480000000000029d023cd84b4624029d023c4f
:10125800d84b4524029d023cd44b4424acf4400fa7
:10126800000000000900001000000000029d023c80
:10127800d84b4624029d023cd84b4524029d023c93
:10128800dc4b4424acf4400f0000000080bf023c5b
:101298000012428cc000427cff0042300500401022
:1012a80000000000029d023ce853422403000010a5
:1012b80000000000029d023cf4534224252840000f
:1012c800029d023c045444247d28410f0000000084
:1012d800029d023cd84b4624029d023cd84b452433
:1012e800029d023cdc4b4424acf4400f000000009b
:1012f80080bf023c0012428c0001427cff00423059
:101308000500401000000000029d023c1c544224cd
:101318000300001000000000029d023c24544224f7
:1013280025284000029d023c2c5444247d28410f6e
:101338000000000080bf023cd013428c4001427c78
:10134800ff0042300b00401000000000029d023cec
:10135800d84b4624029d023cd84b4524029d023cb2
:10136800dc4b4424acf4400f0000000009000010de
:1013780000000000029d023cd84b4624029d023c1e
:10138800d84b4524029d023cd44b4424acf4400f76
:101398000000000080bf023cd013428c4001427c18
:1013a800ff0042300500401000000000029d023c92
:1013b800585442240300001000000000029d023c23
:1013c8006054422425284000029d023c6c54442469
:1013d8007d28410f0000000080bf023cd013428ce2
:1013e8000001427cff0042300b004010000000006a
:1013f800029d023cd84b4624029d023cd84b452412
:10140800029d023cdc4b4424acf4400f0000000079
:101418000900001000000000029d023cd84b462441
:10142800029d023cd84b4524029d023cd44b4424e7
:10143800acf4400f0000000080bf023cd013428c87
:101448000001427cff00423005004010000000000f
:10145800029d023c58544224030000100000000082
:10146800029d023c6054422425284000029d023c13
:10147800905444247d28410f0000000080bf023ca6
:10148800d013428c8000427cff0042300b00401099
:1014980000000000029d023cd84b4624029d023cfd
:1014a800d84b4524029d023cdc4b4424acf4400f4d
:1014b800000000000900001000000000029d023c2e
:1014c800d84b4624029d023cd84b4524029d023c41
:1014d800d44b4424acf4400f0000000080bf023c11
:1014e800d013428c8000427cff004230050040103f
:1014f80000000000029d023c5854422403000010e2
:1015080000000000029d023c60544224252840004f
:10151800029d023cb45444247d28410f0000000081
:1015280080bf023cd013428c4000427cff00423016
:101538000b00401000000000029d023cd84b4624de
:10154800029d023cd84b4524029d023cdc4b4424be
:10155800acf4400f0000000009000010000000007b
:10156800029d023cd84b4624029d023cd84b4524a0
:10157800029d023cd44b4424acf4400f0000000010
:1015880080bf023cd013428c4000427cff004230b6
:101598000500401000000000029d023c58544224ff
:1015a8000300001000000000029d023c6054422429
:1015b80025284000029d023cd85444247d28410f30
:1015c8000000000080bf023cd013428c0000427c27
:1015d800ff0042300b00401000000000029d023c5a
:1015e800d84b4624029d023cd84b4524029d023c20
:1015f800dc4b4424acf4400f00000000090000104c
:1016080000000000029d023cd84b4624029d023c8b
:10161800d84b4524029d023cd44b4424acf4400fe3
:101628000000000080bf023cd013428c0000427cc6
:10163800ff0042300500401000000000029d023cff
:10164800585442240300001000000000029d023c90
:101658006054422425284000029d023cfc54442446
:101668007d28410f0000000001f5400f0000000038
:101678000000000025e8c0031400bf8f1000be8fd3
:101688001800bd270800e00300000000f8ffbd2790
:101698000400beaf25f0a0038ebf033c0460629433
:1016a800c45a027c046062a48ebf033c0460629446
:1016b800010004248452827c046062a48ebf033c2f
:1016c80004606294010004240442827c046062a4e1
:1016d8008ebf033c0460629401000424444a827c67
:1016e800046062a48ebf033c046062940100042479
:1016f8000463827c046062a40000000025e8c00343
:101708000400be8f0800bd270800e00300000000a9
:10171800e8ffbd271400bfaf1000beaf25f0a0033f
:10172800251080001800c2a31800c2930a00422c9a
:10173800f308401000000000029d023cd44b4624f0
:10174800029d023cd84b4524029d023cdc4b4424bc
:10175800acf4400f000000001800c2932528400098
:10176800029d023c1c5544247d28410f00000000c6
:101778001800c2930a00432cdd0860100000000026
:1017880080180200019d023ca41742242110620027
:101798000000428c0800400000000000f83a019d5b
:1017a800cc17019d4c1c019d4420019df823019def
:1017b800f027019da42b019d9c2f019d5033019d75
:1017c8004837019d84bf023c0000428cc003427c24
:1017d800ff0042300b00401000000000029d023c58
:1017e800d84b4624029d023cd84b4524029d023c1e
:1017f800dc4b4424acf4400f00000000090000104a
:1018080000000000029d023cd84b4624029d023c89
:10181800d84b4524029d023cd44b4424acf4400fe1
:101828000000000084bf023c0000428cc003427ce0
:10183800ff0042300500401000000000029d023cfd
:10184800305542240300001000000000029d023cb5
:101858003455422425284000029d023c3855442432
:101868007d28410f0000000084bf023c0000428c2c
:101878004003427cff0042300b0040100000000093
:10188800029d023cd84b4624029d023cd84b45247d
:10189800029d023cd44b4424acf4400f00000000ed
:1018a8000900001000000000029d023cd84b4624ad
:1018b800029d023cd84b4524029d023cdc4b44244b
:1018c800acf4400f0000000084bf023c0000428cd2
:1018d8004003427cff004230050040100000000039
:1018e800029d023c545542240300001000000000f1
:1018f800029d023c5c55422425284000029d023c82
:10190800645544247d28410f0000000084bf023c38
:101918000000428c0003427cff0042300b00401064
:1019280000000000029d023cd84b4624029d023c68
:10193800d84b4524029d023cdc4b4424acf4400fb8
:10194800000000000900001000000000029d023c99
:10195800d84b4624029d023cd84b4524029d023cac
:10196800d44b4424acf4400f0000000084bf023c78
:101978000000428c0003427cff004230050040100a
:1019880000000000029d023c4c4d42240300001060
:1019980000000000029d023ce84742242528400040
:1019a800029d023c845544247d28410f000000001c
:1019b80084bf023c0000428cc001427cff004230e0
:1019c8000b00401000000000029d023cd84b46244a
:1019d800029d023cd84b4524029d023cdc4b44242a
:1019e800acf4400f000000000900001000000000e7
:1019f800029d023cd84b4624029d023cd84b45240c
:101a0800029d023cd44b4424acf4400f000000007b
:101a180084bf023c0000428cc001427cff0042307f
:101a28000500401000000000029d023c4c4d42247d
:101a38000300001000000000029d023ce847422419
:101a480025284000029d023ca45544247d28410fce
:101a58000000000084bf023c0000428c8000427cf1
:101a6800ff0042300b00401000000000029d023cc5
:101a7800d84b4624029d023cd84b4524029d023c8b
:101a8800dc4b4424acf4400f0000000009000010b7
:101a980000000000029d023cd84b4624029d023cf7
:101aa800d84b4524029d023cd44b4424acf4400f4f
:101ab8000000000084bf023c0000428c8000427c91
:101ac800ff0042300500401000000000029d023c6b
:101ad8004c4d42240300001000000000029d023c0f
:101ae800e847422425284000029d023cc055442472
:101af8007d28410f00000000029d023cd84b46247f
:101b0800029d023cd84b4524029d023cdc4b4424f8
:101b1800acf4400f0000000084bf023c0000428c7f
:101b28004000427cff0042300500401000000000e9
:101b3800029d023cd855422403000010000000001a
:101b4800029d023cf455422425284000029d023c97
:101b58000c5644247d28410f0000000084bf023c3d
:101b68001000428c25284000029d023c2c5644243b
:101b78007d28410f0000000084bf023c2000428cf9
:101b880025284000029d023c4c5644247d28410fe4
:101b980000000000029d023c685644247d28410f45
:101ba8000000000084bf023c0000428c0009427c17
:101bb800ff004230020003240f0043100000000021
:101bc8000300032406004310000000000100032462
:101bd8000f00431000000000130000100000000078
:101be800029d023c80564424bf27410f000000009c
:101bf8001200001000000000029d023c9856442488
:101c0800bf27410f000000000c000010000000007a
:101c1800029d023cb0564424bf27410f000000003b
:101c28000600001000000000029d023cc456442437
:101c3800bf27410f0000000000000000ac070010a3
:101c48000000000084bf023c0002428cc003427cba
:101c5800ff0042300b00401000000000029d023cd3
:101c6800d84b4624029d023cd84b4524029d023c99
:101c7800dc4b4424acf4400f0000000009000010c5
:101c880000000000029d023cd84b4624029d023c05
:101c9800d84b4524029d023cd44b4424acf4400f5d
:101ca8000000000084bf023c0002428cc003427c5a
:101cb800ff0042300500401000000000029d023c79
:101cc800305542240300001000000000029d023c31
:101cd8003455422425284000029d023cd85644240d
:101ce8007d28410f0000000084bf023c0002428ca6
:101cf8004003427cff0042300b004010000000000f
:101d0800029d023cd84b4624029d023cd84b4524f8
:101d1800029d023cd44b4424acf4400f0000000068
:101d28000900001000000000029d023cd84b462428
:101d3800029d023cd84b4524029d023cdc4b4424c6
:101d4800acf4400f0000000084bf023c0002428c4b
:101d58004003427cff0042300500401000000000b4
:101d6800029d023c5455422403000010000000006c
:101d7800029d023c5c55422425284000029d023cfd
:101d8800f45644247d28410f0000000084bf023c23
:101d98000002428cc001427cff0042300b00401020
:101da80000000000029d023cd84b4624029d023ce4
:101db800d84b4524029d023cdc4b4424acf4400f34
:101dc800000000000900001000000000029d023c15
:101dd800d84b4624029d023cd84b4524029d023c28
:101de800d44b4424acf4400f0000000084bf023cf4
:101df8000002428cc001427cff00423005004010c6
:101e080000000000029d023c4c4d422403000010db
:101e180000000000029d023ce847422425284000bb
:101e2800029d023c145744247d28410f0000000005
:101e3800029d023cd84b4624029d023cd84b4524c7
:101e4800029d023cdc4b4424acf4400f000000002f
:101e580084bf023c0002428cc000427cff0042303a
:101e68000500401000000000029d023c4c4d422439
:101e78000300001000000000029d023ce8474224d5
:101e880025284000029d023c305744247d28410ffc
:101e98000000000084bf023c0002428c4000427ceb
:101ea800ff0042300500401000000000029d023c87
:101eb800505742240300001000000000029d023c1d
:101ec800f455422425284000029d023c6c574424c6
:101ed8007d28410f0000000084bf023c1002428ca4
:101ee80025284000029d023c8c5744247d28410f40
:101ef8000000000084bf023c2002428c25284000dc
:101f0800029d023cac5744247d28410f000000008c
:101f1800029d023cc85744247d28410f0000000060
:101f280084bf023c0002428c0011427cff00423018
:101f38000800432c3a0060100000000080180200de
:101f4800019d023c601f4224211062000000428c67
:101f580008004000000000002820019d1020019d7d
:101f6800f81f019de01f019dc81f019db01f019d25
:101f7800981f019d801f019d029d023c80564424ac
:101f8800bf27410f000000002a00001000000000d9
:101f9800029d023c98564424bf27410f00000000d0
:101fa8002400001000000000029d023ce057442479
:101fb800bf27410f000000001e00001000000000b5
:101fc800029d023cf8574424bf27410f000000003f
:101fd8001800001000000000029d023cb056442486
:101fe800bf27410f00000000120000100000000091
:101ff800029d023c10584424bf27410f00000000f6
:102008000c00001000000000029d023c24584424eb
:10201800bf27410f0000000006000010000000006c
:10202800029d023cc4564424bf27410f0000000013
:1020380000000000ae0600100000000084bf023c53
:102048000004428cc003427cff0042300b00401069
:1020580000000000029d023cd84b4624029d023c31
:10206800d84b4524029d023cdc4b4424acf4400f81
:10207800000000000900001000000000029d023c62
:10208800d84b4624029d023cd84b4524029d023c75
:10209800d44b4424acf4400f0000000084bf023c41
:1020a8000004428cc003427cff004230050040100f
:1020b80000000000029d023c30554224030000103d
:1020c80000000000029d023c3455422425284000af
:1020d800029d023c385844247d28410f000000002e
:1020e80084bf023c0004428c4003427cff00423023
:1020f8000b00401000000000029d023cd84b462413
:10210800029d023cd84b4524029d023cd44b4424fa
:10211800acf4400f000000000900001000000000af
:10212800029d023cd84b4624029d023cd84b4524d4
:10213800029d023cdc4b4424acf4400f000000003c
:1021480084bf023c0004428c4003427cff004230c2
:102158000500401000000000029d023c5455422436
:102168000300001000000000029d023c5c55422460
:1021780025284000029d023c545844247d28410fe4
:102188000000000084bf023c0004428cc001427c75
:10219800ff0042300b00401000000000029d023c8e
:1021a800d84b4624029d023cd84b4524029d023c54
:1021b800dc4b4424acf4400f000000000900001080
:1021c80000000000029d023cd84b4624029d023cc0
:1021d800d84b4524029d023cd44b4424acf4400f18
:1021e8000000000084bf023c0004428cc001427c15
:1021f800ff0042300500401000000000029d023c34
:102208004c4d42240300001000000000029d023cd7
:10221800e847422425284000029d023c7458442483
:102228007d28410f00000000029d023cd84b462447
:10223800029d023cd84b4524029d023cdc4b4424c1
:10224800acf4400f0000000084bf023c0004428c44
:102258004000427cff0042300500401000000000b2
:10226800029d023c90584224030000100000000028
:10227800029d023cf455422425284000029d023c60
:10228800ac5844247d28410f0000000084bf023c64
:102298001004428c25284000029d023ccc5844245e
:1022a8007d28410f0000000084bf023c2004428cbe
:1022b80025284000029d023cec5844247d28410f0b
:1022c80000000000029d023c085944247d28410f6b
:1022d8000000000084bf023c0004428c0011427cd4
:1022e800ff0042300800432c3a0060100000000054
:1022f80080180200019d023c142342242110620030
:102308000000428c0800400000000000dc23019d12
:10231800c423019dac23019d9423019d7c23019d31
:102328006423019d4c23019d3423019d029d023ca1
:1023380080564424bf27410f000000002a000010e7
:1023480000000000029d023c98564424bf27410f1c
:10235800000000002400001000000000029d023c64
:10236800e0574424bf27410f000000001e00001062
:1023780000000000029d023cf8574424bf27410f8b
:10238800000000001800001000000000029d023c40
:10239800b0564424bf27410f00000000120000106f
:1023a80000000000029d023c10584424bf27410f42
:1023b800000000000c00001000000000029d023c1c
:1023c80024584424bf27410f0000000006000010d5
:1023d80000000000029d023cc4564424bf27410f60
:1023e8000000000000000000c1050010000000000f
:1023f80084bf023c0006428cc003427cff0042308e
:102408000b00401000000000029d023cd84b4624ff
:10241800029d023cd84b4524029d023cdc4b4424df
:10242800acf4400f0000000009000010000000009c
:10243800029d023cd84b4624029d023cd84b4524c1
:10244800029d023cd44b4424acf4400f0000000031
:1024580084bf023c0006428cc003427cff0042302d
:102468000500401000000000029d023c3055422447
:102478000300001000000000029d023c3455422475
:1024880025284000029d023c205944247d28410f04
:102498000000000084bf023c0006428c4003427cde
:1024a800ff0042300b00401000000000029d023c7b
:1024b800d84b4624029d023cd84b4524029d023c41
:1024c800d44b4424acf4400f000000000900001075
:1024d80000000000029d023cd84b4624029d023cad
:1024e800d84b4524029d023cdc4b4424acf4400ffd
:1024f8000000000084bf023c0006428c4003427c7e
:10250800ff0042300500401000000000029d023c20
:10251800545542240300001000000000029d023cb4
:102528005c55422425284000029d023c3c59442425
:102538007d28410f0000000084bf023c0006428c49
:10254800c001427cff0042300b0040100000000038
:10255800029d023cd84b4624029d023cd84b4524a0
:10256800029d023cdc4b4424acf4400f0000000008
:102578000900001000000000029d023cd84b4624d0
:10258800029d023cd84b4524029d023cd44b442476
:10259800acf4400f0000000084bf023c0006428cef
:1025a800c001427cff0042300500401000000000de
:1025b800029d023c4c4d4224030000100000000024
:1025c800029d023ce847422425284000029d023c27
:1025d8005c5944247d28410f00000000029d023c04
:1025e800d84b4624029d023cd84b4524029d023c10
:1025f800dc4b4424acf4400f0000000084bf023cd4
:102608000006428cc000427cff00423005004010aa
:1026180000000000029d023c4c4d422403000010c3
:1026280000000000029d023ce847422425284000a3
:10263800029d023c785944247d28410f0000000087
:1026480084bf023c0006428c4000427cff004230be
:102658000500401000000000029d023c98594224e9
:102668000300001000000000029d023cf4554224c3
:1026780025284000029d023cb45944247d28410f7e
:102688000000000084bf023c1006428c2528400050
:10269800029d023cd45944247d28410f00000000cb
:1026a80084bf023c2006428c25284000029d023c43
:1026b800f45944247d28410f00000000029d023c8b
:1026c800105a44247d28410f0000000084bf023cba
:1026d8000006428c0011427cff0042300800432c67
:1026e8003a0060100000000080180200019d023cc2
:1026f8000c274224211062000000428c0800400090
:1027080000000000d427019dbc27019da427019d3e
:102718008c27019d7427019d5c27019d4427019dfd
:102728002c27019d029d023c80564424bf27410f5f
:10273800000000002a00001000000000029d023c7a
:1027480098564424bf27410f0000000024000010c1
:1027580000000000029d023ce0574424bf27410fbf
:10276800000000001e00001000000000029d023c56
:10277800f8574424bf27410f00000000180000103c
:1027880000000000029d023cb0564424bf27410fc0
:10279800000000001200001000000000029d023c32
:1027a80010584424bf27410f000000000c000010ff
:1027b80000000000029d023c24584424bf27410f1a
:1027c800000000000600001000000000029d023c0e
:1027d800c4564424bf27410f000000000000000039
:1027e800c30400100000000084bf023c0008428cb3
:1027f800c003427cff0042300b0040100000000084
:10280800029d023cd84b4624029d023cd84b4524ed
:10281800029d023cdc4b4424acf4400f0000000055
:102828000900001000000000029d023cd84b46241d
:10283800029d023cd84b4524029d023cd44b4424c3
:10284800acf4400f0000000084bf023c0008428c3a
:10285800c003427cff004230050040100000000029
:10286800029d023c30554224030000100000000085
:10287800029d023c3455422425284000029d023c1a
:10288800285a44247d28410f0000000084bf023ce0
:102898000008428c4003427cff0042300b0040108d
:1028a80000000000029d023cd84b4624029d023cd9
:1028b800d84b4524029d023cd44b4424acf4400f31
:1028c800000000000900001000000000029d023c0a
:1028d800d84b4624029d023cd84b4524029d023c1d
:1028e800dc4b4424acf4400f0000000084bf023ce1
:1028f8000008428c4003427cff0042300500401033
:1029080000000000029d023c5455422403000010c0
:1029180000000000029d023c5c554224252840002e
:10292800029d023c445a44247d28410f00000000c7
:1029380084bf023c0008428cc001427cff00423048
:102948000b00401000000000029d023cd84b4624ba
:10295800029d023cd84b4524029d023cdc4b44249a
:10296800acf4400f00000000090000100000000057
:10297800029d023cd84b4624029d023cd84b45247c
:10298800029d023cd44b4424acf4400f00000000ec
:1029980084bf023c0008428cc001427cff004230e8
:1029a8000500401000000000029d023c4c4d4224ee
:1029b8000300001000000000029d023ce84742248a
:1029c80025284000029d023c645a44247d28410f7a
:1029d80000000000029d023cd84b4624029d023ca8
:1029e800d84b4524029d023cdc4b4424acf4400ff8
:1029f8000000000084bf023c0008428c4000427c7a
:102a0800ff0042300500401000000000029d023c1b
:102a1800805a42240300001000000000029d023c7e
:102a2800f455422425284000029d023c9c5a442427
:102a38007d28410f0000000084bf023c1008428c32
:102a480025284000029d023cbc5a44247d28410fa1
:102a58000000000084bf023c2008428c252840006a
:102a6800029d023cdc5a44247d28410f00000000ee
:102a7800029d023cf85a44247d28410f00000000c2
:102a880084bf023c0008428c0011427cff004230a7
:102a98000800432c3a006010000000008018020073
:102aa800019d023cc02a4224211062000000428c91
:102ab8000800400000000000882b019d702b019d3c
:102ac800582b019d402b019d282b019d102b019d0a
:102ad800f82a019de02a019d029d023c805644246b
:102ae800bf27410f000000002a000010000000006e
:102af800029d023c98564424bf27410f0000000065
:102b08002400001000000000029d023ce05744240d
:102b1800bf27410f000000001e0000100000000049
:102b2800029d023cf8574424bf27410f00000000d3
:102b38001800001000000000029d023cb05644241a
:102b4800bf27410f00000000120000100000000025
:102b5800029d023c10584424bf27410f000000008a
:102b68000c00001000000000029d023c2458442480
:102b7800bf27410f00000000060000100000000001
:102b8800029d023cc4564424bf27410f00000000a8
:102b980000000000d60300100000000084bf023cc3
:102ba800000a428cc003427cff0042300b004010f8
:102bb80000000000029d023cd84b4624029d023cc6
:102bc800d84b4524029d023cdc4b4424acf4400f16
:102bd800000000000900001000000000029d023cf7
:102be800d84b4624029d023cd84b4524029d023c0a
:102bf800d44b4424acf4400f0000000084bf023cd6
:102c0800000a428cc003427cff004230050040109d
:102c180000000000029d023c3055422403000010d1
:102c280000000000029d023c345542242528400043
:102c3800029d023c105b44247d28410f00000000e7
:102c480084bf023c000a428c4003427cff004230b1
:102c58000b00401000000000029d023cd84b4624a7
:102c6800029d023cd84b4524029d023cd44b44248f
:102c7800acf4400f00000000090000100000000044
:102c8800029d023cd84b4624029d023cd84b452469
:102c9800029d023cdc4b4424acf4400f00000000d1
:102ca80084bf023c000a428c4003427cff00423051
:102cb8000500401000000000029d023c54554224cb
:102cc8000300001000000000029d023c5c554224f5
:102cd80025284000029d023c2c5b44247d28410f9e
:102ce8000000000084bf023c000a428cc001427c04
:102cf800ff0042300b00401000000000029d023c23
:102d0800d84b4624029d023cd84b4524029d023ce8
:102d1800dc4b4424acf4400f000000000900001014
:102d280000000000029d023cd84b4624029d023c54
:102d3800d84b4524029d023cd44b4424acf4400fac
:102d48000000000084bf023c000a428cc001427ca3
:102d5800ff0042300500401000000000029d023cc8
:102d68004c4d42240300001000000000029d023c6c
:102d7800e847422425284000029d023c4c5b44243d
:102d88007d28410f00000000029d023cd84b4624dc
:102d9800029d023cd84b4524029d023cdc4b442456
:102da800acf4400f0000000084bf023c000a428cd3
:102db800c000427cff0042300500401000000000c7
:102dc800029d023c4c4d422403000010000000000c
:102dd800029d023ce847422425284000029d023c0f
:102de800685b44247d28410f0000000084bf023c3a
:102df800000a428c4000427cff004230050040102f
:102e080000000000029d023c885b42240300001081
:102e180000000000029d023cf45542242528400091
:102e2800029d023ca45b44247d28410f0000000061
:102e380084bf023c100a428c25284000029d023cb7
:102e4800c45b44247d28410f0000000084bf023c7d
:102e5800200a428c25284000029d023ce45b442461
:102e68007d28410f00000000029d023c005c4424c4
:102e78007d28410f0000000084bf023c000a428cfc
:102e88000011427cff0042300800432c3a006010d9
:102e98000000000080180200019d023cb82e422468
:102ea800211062000000428c080040000000000071
:102eb800802f019d682f019d502f019d382f019d66
:102ec800202f019d082f019df02e019dd82e019dd8
:102ed800029d023c80564424bf27410f0000000099
:102ee8002a00001000000000029d023c985644246d
:102ef800bf27410f00000000240000100000000060
:102f0800029d023ce0574424bf27410f0000000007
:102f18001e00001000000000029d023cf8574424e7
:102f2800bf27410f0000000018000010000000003b
:102f3800029d023cb0564424bf27410f0000000008
:102f48001200001000000000029d023c10584424aa
:102f5800bf27410f000000000c0000100000000017
:102f6800029d023c24584424bf27410f0000000062
:102f78000600001000000000029d023cc4564424d4
:102f8800bf27410f0000000000000000d802001019
:102f98000000000084bf023c000c428cc003427c4d
:102fa800ff0042300b00401000000000029d023c70
:102fb800d84b4624029d023cd84b4524029d023c36
:102fc800dc4b4424acf4400f000000000900001062
:102fd80000000000029d023cd84b4624029d023ca2
:102fe800d84b4524029d023cd44b4424acf4400ffa
:102ff8000000000084bf023c000c428cc003427ced
:10300800ff0042300500401000000000029d023c15
:10301800305542240300001000000000029d023ccd
:103028003455422425284000029d023c185c442463
:103038007d28410f0000000084bf023c000c428c38
:103048004003427cff0042300b00401000000000ab
:10305800029d023cd84b4624029d023cd84b452495
:10306800029d023cd44b4424acf4400f0000000005
:103078000900001000000000029d023cd84b4624c5
:10308800029d023cd84b4524029d023cdc4b442463
:10309800acf4400f0000000084bf023c000c428cde
:1030a8004003427cff004230050040100000000051
:1030b800029d023c54554224030000100000000009
:1030c800029d023c5c55422425284000029d023c9a
:1030d800345c44247d28410f0000000084bf023c7a
:1030e800000c428cc001427cff0042300b004010b3
:1030f80000000000029d023cd84b4624029d023c81
:10310800d84b4524029d023cdc4b4424acf4400fd0
:10311800000000000900001000000000029d023cb1
:10312800d84b4624029d023cd84b4524029d023cc4
:10313800d44b4424acf4400f0000000084bf023c90
:10314800000c428cc001427cff0042300500401058
:1031580000000000029d023c4c4d42240300001078
:1031680000000000029d023ce84742242528400058
:10317800029d023c545c44247d28410f000000005d
:10318800029d023cd84b4624029d023cd84b452464
:10319800029d023cdc4b4424acf4400f00000000cc
:1031a80084bf023c000c428c4000427cff0042304d
:1031b8000500401000000000029d023c705c4224a3
:1031c8000300001000000000029d023cf455422458
:1031d80025284000029d023c8c5c44247d28410f38
:1031e8000000000084bf023c100c428c25284000df
:1031f800029d023cac5c44247d28410f0000000085
:1032080084bf023c200c428c25284000029d023cd1
:10321800cc5c44247d28410f00000000029d023c44
:10322800e85c44247d28410f0000000084bf023c74
:10323800000c428c0011427cff0042300800432cf5
:103248003a0060100000000080180200019d023c56
:103258006c324224211062000000428c08004000b9
:10326800000000003433019d1c33019d0433019d8f
:10327800ec32019dd432019dbc32019da432019de6
:103288008c32019d029d023c80564424bf27410f89
:10329800000000002a00001000000000029d023c0f
:1032a80098564424bf27410f000000002400001056
:1032b80000000000029d023ce0574424bf27410f54
:1032c800000000001e00001000000000029d023ceb
:1032d800f8574424bf27410f0000000018000010d1
:1032e80000000000029d023cb0564424bf27410f55
:1032f800000000001200001000000000029d023cc7
:1033080010584424bf27410f000000000c00001093
:1033180000000000029d023c24584424bf27410fae
:10332800000000000600001000000000029d023ca2
:10333800c4564424bf27410f0000000000000000cd
:10334800eb0100100000000084bf023c000e428c1c
:10335800c003427cff0042300b0040100000000018
:10336800029d023cd84b4624029d023cd84b452482
:10337800029d023cdc4b4424acf4400f00000000ea
:103388000900001000000000029d023cd84b4624b2
:10339800029d023cd84b4524029d023cd44b442458
:1033a800acf4400f0000000084bf023c000e428cc9
:1033b800c003427cff0042300500401000000000be
:1033c800029d023c3055422403000010000000001a
:1033d800029d023c3455422425284000029d023caf
:1033e800005d44247d28410f0000000084bf023c9a
:1033f800000e428c4003427cff0042300b0040101c
:1034080000000000029d023cd84b4624029d023c6d
:10341800d84b4524029d023cd44b4424acf4400fc5
:10342800000000000900001000000000029d023c9e
:10343800d84b4624029d023cd84b4524029d023cb1
:10344800dc4b4424acf4400f0000000084bf023c75
:10345800000e428c4003427cff00423005004010c1
:1034680000000000029d023c545542240300001055
:1034780000000000029d023c5c55422425284000c3
:10348800029d023c1c5d44247d28410f0000000081
:1034980084bf023c000e428cc001427cff004230d7
:1034a8000b00401000000000029d023cd84b46244f
:1034b800029d023cd84b4524029d023cdc4b44242f
:1034c800acf4400f000000000900001000000000ec
:1034d800029d023cd84b4624029d023cd84b452411
:1034e800029d023cd44b4424acf4400f0000000081
:1034f80084bf023c000e428cc001427cff00423077
:103508000500401000000000029d023c4c4d422482
:103518000300001000000000029d023ce84742241e
:1035280025284000029d023c3c5d44247d28410f33
:1035380000000000029d023cd84b4624029d023c3c
:10354800d84b4524029d023cdc4b4424acf4400f8c
:103558000000000084bf023c000e428cc000427c88
:10356800ff0042300500401000000000029d023cb0
:103578004c4d42240300001000000000029d023c54
:10358800e847422425284000029d023c585d442417
:103598007d28410f0000000084bf023c000e428cd1
:1035a8004000427cff00423005004010000000004f
:1035b800029d023c785d42240300001000000000d8
:1035c800029d023cf455422425284000029d023cfd
:1035d800945d44247d28410f0000000084bf023c14
:1035e800100e428c25284000029d023cb45d442404
:1035f8007d28410f0000000084bf023c200e428c51
:1036080025284000029d023cd45d44247d28410fba
:1036180000000000029d023cf05d44247d28410f1b
:103628000000000084bf023c000e428c0011427c66
:10363800ff0042300800432c3a00601000000000f0
:1036480080180200019d023c643642242110620069
:103658000000428c08004000000000002c37019d4b
:103668001437019dfc36019de436019dcc36019d41
:10367800b436019d9c36019d8436019d029d023c15
:1036880080564424bf27410f000000002a00001084
:1036980000000000029d023c98564424bf27410fb9
:1036a800000000002400001000000000029d023c01
:1036b800e0574424bf27410f000000001e000010ff
:1036c80000000000029d023cf8574424bf27410f28
:1036d800000000001800001000000000029d023cdd
:1036e800b0564424bf27410f00000000120000100c
:1036f80000000000029d023c10584424bf27410fdf
:10370800000000000c00001000000000029d023cb8
:1037180024584424bf27410f000000000600001071
:1037280000000000029d023cc4564424bf27410ffc
:103738000000000000000000ed0000100000000084
:1037480084bf023c0010428cc003427cff00423020
:103758000b00401000000000029d023cd84b46249c
:10376800029d023cd84b4524029d023cdc4b44247c
:10377800acf4400f00000000090000100000000039
:10378800029d023cd84b4624029d023cd84b45245e
:10379800029d023cd44b4424acf4400f00000000ce
:1037a80084bf023c0010428cc003427cff004230c0
:1037b8000500401000000000029d023c30554224e4
:1037c8000300001000000000029d023c3455422412
:1037d80025284000029d023c085e44247d28410fb4
:1037e8000000000084bf023c0010428c4003427c71
:1037f800ff0042300b00401000000000029d023c18
:10380800d84b4624029d023cd84b4524029d023cdd
:10381800d44b4424acf4400f000000000900001011
:1038280000000000029d023cd84b4624029d023c49
:10383800d84b4524029d023cdc4b4424acf4400f99
:103848000000000084bf023c0010428c4003427c10
:10385800ff0042300500401000000000029d023cbd
:10386800545542240300001000000000029d023c51
:103878005c55422425284000029d023c245e4424d5
:103888007d28410f0000000084bf023c0010428cdc
:10389800c001427cff0042300b00401000000000d5
:1038a800029d023cd84b4624029d023cd84b45243d
:1038b800029d023cdc4b4424acf4400f00000000a5
:1038c8000900001000000000029d023cd84b46246d
:1038d800029d023cd84b4524029d023cd44b442413
:1038e800acf4400f0000000084bf023c0010428c82
:1038f800c001427cff00423005004010000000007b
:10390800029d023c4c4d42240300001000000000c0
:10391800029d023ce847422425284000029d023cc3
:10392800445e44247d28410f00000000029d023cb3
:10393800d84b4624029d023cd84b4524029d023cac
:10394800dc4b4424acf4400f0000000084bf023c70
:103958000010428c4000427cff00423005004010bd
:1039680000000000029d023c605e4224030000103b
:1039780000000000029d023cf45542242528400026
:10398800029d023c7c5e44247d28410f000000001b
:1039980084bf023c1010428c25284000029d023c46
:1039a8009c5e44247d28410f0000000084bf023c37
:1039b8002010428c25284000029d023cbc5e442415
:1039c8007d28410f00000000029d023cd85e44247f
:1039d8007d28410f0000000084bf023c0010428c8b
:1039e8000011427cff0042300800432c3a0060106e
:1039f8000000000080180200019d023c183a422491
:103a0800211062000000428c080040000000000005
:103a1800e03a019dc83a019db03a019d983a019d4e
:103a2800803a019d683a019d503a019d383a019dbe
:103a3800029d023c80564424bf27410f000000002d
:103a48002a00001000000000029d023c9856442401
:103a5800bf27410f000000002400001000000000f4
:103a6800029d023ce0574424bf27410f000000009c
:103a78001e00001000000000029d023cf85744247c
:103a8800bf27410f000000001800001000000000d0
:103a9800029d023cb0564424bf27410f000000009d
:103aa8001200001000000000029d023c105844243f
:103ab800bf27410f000000000c00001000000000ac
:103ac800029d023c24584424bf27410f00000000f7
:103ad8000600001000000000029d023cc456442469
:103ae800bf27410f00000000000000000000000098
:103af80001f5400f00000000020000100000000067
:103b08000000000025e8c0031400bf8f1000be8f1e
:103b18001800bd270800e00300000000e8ffbd27eb
:103b28001400bfaf1000beaf25f0a003029d023cf9
:103b3800d44b4624029d023cd84b4524029d023cae
:103b4800dc4b4424acf4400f00000000029d023c12
:103b5800f05e4424bf27410f0000000081bf023cf3
:103b68000010428cc003427cff0042300b00401022
:103b780000000000029d023cd84b4624029d023cf6
:103b8800d84b4524029d023cdc4b4424acf4400f46
:103b9800000000000900001000000000029d023c27
:103ba800d84b4624029d023cd84b4524029d023c3a
:103bb800d44b4424acf4400f0000000081bf023c09
:103bc8000010428cc003427cff00423005004010c8
:103bd80000000000029d023c305542240300001002
:103be80000000000029d023c345542242528400074
:103bf800029d023c1c5f44247d28410f0000000008
:103c080081bf023c0010428c0003427cff0042301e
:103c18000b00401000000000029d023cd84b4624d7
:103c2800029d023cd84b4524029d023cdc4b4424b7
:103c3800acf4400f00000000090000100000000074
:103c4800029d023cd84b4624029d023cd84b452499
:103c5800029d023cd44b4424acf4400f0000000009
:103c680081bf023c0010428c0003427cff004230be
:103c78000500401000000000029d023c385f42240d
:103c88000300001000000000029d023c445f422433
:103c980025284000029d023c545f44247d28410fa2
:103ca8000000000081bf023c0010428cc002427c30
:103cb800ff0042300b00401000000000029d023c53
:103cc800d84b4624029d023cd84b4524029d023c19
:103cd800dc4b4424acf4400f000000000900001045
:103ce80000000000029d023cd84b4624029d023c85
:103cf800d84b4524029d023cd44b4424acf4400fdd
:103d08000000000081bf023c0010428cc002427ccf
:103d1800ff0042300500401000000000029d023cf8
:103d2800705f42240300001000000000029d023c66
:103d3800785f422425284000029d023c545f4424b9
:103d48007d28410f00000000029d023cd84b46240c
:103d5800029d023cd84b4524029d023cdc4b442486
:103d6800acf4400f0000000081bf023c1010428cf0
:103d7800c007427cff0042300500401000000000f0
:103d8800029d023c845f42240300001000000000f2
:103d9800029d023c8c5f422425284000029d023c83
:103da800945f44247d28410f0000000081bf023c3d
:103db8001010428c0010427cff0042302528400041
:103dc800029d023cd05f44247d28410f0000000082
:103dd80081bf023c2010428c25284000029d023cf5
:103de800046044247d28410f0000000081bf023c8c
:103df8003010428cc001427cff0042300b00401062
:103e080000000000029d023cd84b4624029d023c63
:103e1800d84b4524029d023cdc4b4424acf4400fb3
:103e2800000000000900001000000000029d023c94
:103e3800d84b4624029d023cd84b4524029d023ca7
:103e4800d44b4424acf4400f0000000081bf023c76
:103e58003010428cc001427cff0042300500401007
:103e680000000000029d023c446042240300001050
:103e780000000000029d023c4c60422425284000be
:103e8800029d023c586044247d28410f0000000038
:103e980001f5400f00000000029d023cd44b46246f
:103ea800029d023cd84b4524029d023cdc4b442435
:103eb800acf4400f00000000029d023c78604424ee
:103ec800bf27410f0000000081bf023c6010428cf8
:103ed800c001427cff0042300b004010000000008f
:103ee800029d023cd84b4624029d023cd84b4524f7
:103ef800029d023cdc4b4424acf4400f000000005f
:103f08000900001000000000029d023cd84b462426
:103f1800029d023cd84b4524029d023cd44b4424cc
:103f2800acf4400f0000000081bf023c6010428cde
:103f3800c001427cff004230050040100000000034
:103f4800029d023c4c4d422403000010000000007a
:103f5800029d023ce847422425284000029d023c7d
:103f6800906044247d28410f00000000029d023c1f
:103f7800d84b4624029d023cd84b4524029d023c66
:103f8800dc4b4424acf4400f0000000081bf023c2d
:103f98006010422403004290ff0042302528400070
:103fa800029d023ca86044247d28410f00000000c7
:103fb80081bf023c6010428cc003427cff0042304b
:103fc8000b00401000000000029d023cd84b462424
:103fd800029d023cd84b4524029d023cdc4b442404
:103fe800acf4400f000000000900001000000000c1
:103ff800029d023cd84b4624029d023cd84b4524e6
:10400800029d023cd44b4424acf4400f0000000055
:1040180081bf023c6010428cc003427cff004230ea
:104028000500401000000000029d023c5455422447
:104038000300001000000000029d023c5c55422471
:1040480025284000029d023cd46044247d28410f6d
:104058000000000081bf023c6010428c4003427c9b
:10406800ff0042300b00401000000000029d023c9f
:10407800d84b4624029d023cd84b4524029d023c65
:10408800dc4b4424acf4400f000000000900001091
:1040980000000000029d023cd84b4624029d023cd1
:1040a800d84b4524029d023cd44b4424acf4400f29
:1040b8000000000081bf023c6010428c4003427c3b
:1040c800ff0042300500401000000000029d023c45
:1040d800f46042240300001000000000029d023c2e
:1040e800fc60422425284000029d023c04614424cf
:1040f8007d28410f00000000029d023cd84b462459
:10410800029d023cd84b4524029d023cdc4b4424d2
:10411800acf4400f0000000081bf023c9010428cbc
:1041280025284000029d023c2c6144247d28410f33
:104138000000000081bf023cb010428c25284000de
:10414800029d023c586144247d28410f0000000074
:1041580081bf023cd010428c25284000029d023cc1
:10416800806144247d28410f0000000081bf023c8b
:10417800a010428c25284000029d023cac614424da
:104188007d28410f0000000081bf023cc010428c16
:1041980025284000029d023cdc6144247d28410f13
:1041a8000000000081bf023ce010428c252840003e
:1041b800029d023c0c6244247d28410f000000004f
:1041c80081bf023cf010428c25284000029d023c31
:1041d8003c6244247d28410f0000000081bf023c5e
:1041e8000011428c25284000029d023c6462442450
:1041f8007d28410f0000000081bf023c1011428c55
:1042080025284000029d023c906244247d28410fed
:1042180000000000029d023cd44b4624029d023c53
:10422800d84b4524029d023cdc4b4424acf4400f9f
:1042380000000000029d023cbc624424bf27410fdd
:104248000000000081bf023c2011428cc001427c6a
:10425800ff0042300b00401000000000029d023cad
:10426800d84b4624029d023cd84b4524029d023c73
:10427800dc4b4424acf4400f00000000090000109f
:1042880000000000029d023cd84b4624029d023cdf
:10429800d84b4524029d023cd44b4424acf4400f37
:1042a8000000000081bf023c2011428cc001427c0a
:1042b800ff0042300500401000000000029d023c53
:1042c8004c4d42240300001000000000029d023cf7
:1042d800e847422425284000029d023cd462442439
:1042e8007d28410f00000000029d023cd84b462467
:1042f800029d023cd84b4524029d023cdc4b4424e1
:10430800acf4400f0000000081bf023c20114224a1
:1043180003004290ff00423025284000029d023ce5
:10432800ec6244247d28410f0000000081bf023c5c
:104338002011428cc003427cff0042300b00401029
:1043480000000000029d023cd84b4624029d023c1e
:10435800d84b4524029d023cdc4b4424acf4400f6e
:10436800000000000900001000000000029d023c4f
:10437800d84b4624029d023cd84b4524029d023c62
:10438800d44b4424acf4400f0000000081bf023c31
:104398002011428cc003427cff00423005004010cf
:1043a80000000000029d023c545542240300001006
:1043b80000000000029d023c5c5542242528400074
:1043c800029d023c186344247d28410f0000000030
:1043d80081bf023c2011428c4003427cff004230e6
:1043e8000b00401000000000029d023cd84b462400
:1043f800029d023cd84b4524029d023cdc4b4424e0
:10440800acf4400f0000000009000010000000009c
:10441800029d023cd84b4624029d023cd84b4524c1
:10442800029d023cd44b4424acf4400f0000000031
:1044380081bf023c2011428c4003427cff00423085
:104448000500401000000000029d023cf460422478
:104458000300001000000000029d023cfc604224a2
:1044680025284000029d023c386344247d28410fe2
:1044780000000000029d023cd84b4624029d023ced
:10448800d84b4524029d023cdc4b4424acf4400f3d
:104498000000000081bf023c5011428c25284000da
:1044a800029d023c606344247d28410f0000000007
:1044b80081bf023c7011428c25284000029d023cbd
:1044c8008c6344247d28410f0000000081bf023c1a
:1044d8009011428c25284000029d023cb46344247c
:1044e8007d28410f0000000081bf023c6011428c12
:1044f80025284000029d023ce06344247d28410faa
:104508000000000081bf023c8011428c2528400039
:10451800029d023c106444247d28410f00000000e5
:1045280081bf023ca011428c25284000029d023c1c
:10453800406444247d28410f0000000081bf023cf4
:10454800b011428c25284000029d023c706444242e
:104558007d28410f0000000081bf023cc011428c41
:1045680025284000029d023c986444247d28410f80
:104578000000000081bf023cd011428c2528400079
:10458800029d023cc46444247d28410f00000000c1
:10459800029d023cd44b4624029d023cd84b452444
:1045a800029d023cdc4b4424acf4400f00000000a8
:1045b800029d023cf0644424bf27410f0000000024
:1045c80081bf023ce011428cc001427cff004230b6
:1045d8000b00401000000000029d023cd84b46240e
:1045e800029d023cd84b4524029d023cdc4b4424ee
:1045f800acf4400f000000000900001000000000ab
:10460800029d023cd84b4624029d023cd84b4524cf
:10461800029d023cd44b4424acf4400f000000003f
:1046280081bf023ce011428cc001427cff00423055
:104638000500401000000000029d023c4c4d422441
:104648000300001000000000029d023ce8474224dd
:1046580025284000029d023c086544247d28410f1e
:1046680000000000029d023cd84b4624029d023cfb
:10467800d84b4524029d023cdc4b4424acf4400f4b
:104688000000000081bf023ce01142240300429078
:10469800ff00423025284000029d023c206544244a
:1046a8007d28410f0000000081bf023ce011428cd0
:1046b800c003427cff0042300b00401000000000a5
:1046c800029d023cd84b4624029d023cd84b45240f
:1046d800029d023cdc4b4424acf4400f0000000077
:1046e8000900001000000000029d023cd84b46243f
:1046f800029d023cd84b4524029d023cd44b4424e5
:10470800acf4400f0000000081bf023ce011428c75
:10471800c003427cff00423005004010000000004a
:10472800029d023c54554224030000100000000082
:10473800029d023c5c55422425284000029d023c13
:104748004c6544247d28410f0000000081bf023cd5
:10475800e011428c4003427cff0042300b004010c5
:1047680000000000029d023cd84b4624029d023cfa
:10477800d84b4524029d023cdc4b4424acf4400f4a
:10478800000000000900001000000000029d023c2b
:10479800d84b4624029d023cd84b4524029d023c3e
:1047a800d44b4424acf4400f0000000081bf023c0d
:1047b800e011428c4003427cff004230050040106b
:1047c80000000000029d023cf46042240300001037
:1047d80000000000029d023cfc60422425284000a5
:1047e800029d023c6c6544247d28410f00000000b6
:1047f800029d023cd84b4624029d023cd84b4524de
:10480800029d023cdc4b4424acf4400f0000000045
:1048180081bf023c1012428c25284000029d023cb8
:10482800946544247d28410f0000000081bf023cac
:104838003012428c25284000029d023cc065442469
:104848007d28410f0000000081bf023c5012428cbd
:1048580025284000029d023ce86544247d28410f3c
:104868000000000081bf023c2012428c2528400035
:10487800029d023c146644247d28410f000000007c
:1048880081bf023c4012428c25284000029d023c18
:10489800446644247d28410f0000000081bf023c8b
:1048a8006012428c25284000029d023c7466442414
:1048b8007d28410f0000000081bf023c7012428c2d
:1048c80025284000029d023ca46644247d28410f0f
:1048d8000000000081bf023c8012428c2528400065
:1048e800029d023ccc6644247d28410f0000000054
:1048f80081bf023c9012428c25284000029d023c58
:10490800f86644247d28410f00000000029d023c07
:10491800d44b4624029d023cd84b4524029d023cc0
:10492800dc4b4424acf4400f00000000029d023c24
:1049380024674424bf27410f0000000081bf023cc8
:10494800a012428cc001427cff0042300b00401094
:1049580000000000029d023cd84b4624029d023c08
:10496800d84b4524029d023cdc4b4424acf4400f58
:10497800000000000900001000000000029d023c39
:10498800d84b4624029d023cd84b4524029d023c4c
:10499800d44b4424acf4400f0000000081bf023c1b
:1049a800a012428cc001427cff004230050040103a
:1049b80000000000029d023c4c4d42240300001000
:1049c80000000000029d023ce847422425284000e0
:1049d800029d023c3c6744247d28410f00000000f2
:1049e800029d023cd84b4624029d023cd84b4524ec
:1049f800029d023cdc4b4424acf4400f0000000054
:104a080081bf023ca012422403004290ff004230c2
:104a180025284000029d023c546744247d28410f0c
:104a28000000000081bf023ca012428cc003427cff
:104a3800ff0042300b00401000000000029d023cc5
:104a4800d84b4624029d023cd84b4524029d023c8b
:104a5800dc4b4424acf4400f0000000009000010b7
:104a680000000000029d023cd84b4624029d023cf7
:104a7800d84b4524029d023cd44b4424acf4400f4f
:104a88000000000081bf023ca012428cc003427c9f
:104a9800ff0042300500401000000000029d023c6b
:104aa800545542240300001000000000029d023cff
:104ab8005c55422425284000029d023c806744241e
:104ac8007d28410f0000000081bf023ca012428ceb
:104ad8004003427cff0042300b0040100000000001
:104ae800029d023cd84b4624029d023cd84b4524eb
:104af800029d023cdc4b4424acf4400f0000000053
:104b08000900001000000000029d023cd84b46241a
:104b1800029d023cd84b4524029d023cd44b4424c0
:104b2800acf4400f0000000081bf023ca012428c90
:104b38004003427cff0042300500401000000000a6
:104b4800029d023cf46042240300001000000000b3
:104b5800029d023cfc60422425284000029d023c44
:104b6800a06744247d28410f00000000029d023cfc
:104b7800d84b4624029d023cd84b4524029d023c5a
:104b8800dc4b4424acf4400f0000000081bf023c21
:104b9800d012428c25284000029d023cc86744245c
:104ba8007d28410f0000000081bf023cf012428cba
:104bb80025284000029d023cf46744247d28410fcb
:104bc8000000000081bf023c1013428c25284000e1
:104bd800029d023c1c6844247d28410f000000000f
:104be80081bf023ce012428c25284000029d023c15
:104bf800486844247d28410f0000000081bf023c22
:104c08000013428c25284000029d023c7868442409
:104c18007d28410f0000000081bf023c2013428c18
:104c280025284000029d023ca86844247d28410fa5
:104c38000000000081bf023c3013428c2528400050
:104c4800029d023cd86844247d28410f00000000e2
:104c580081bf023c4013428c25284000029d023c43
:104c6800006944247d28410f0000000081bf023cf8
:104c78005013428c25284000029d023c2c69442494
:104c88007d28410f00000000029d023cd44b4624c1
:104c9800029d023cd84b4524029d023cdc4b442437
:104ca800acf4400f00000000029d023c5869442407
:104cb800bf27410f0000000081bf023c6013428cf7
:104cc800c001427cff0042300b0040100000000091
:104cd800029d023cd84b4624029d023cd84b4524f9
:104ce800029d023cdc4b4424acf4400f0000000061
:104cf8000900001000000000029d023cd84b462429
:104d0800029d023cd84b4524029d023cd44b4424ce
:104d1800acf4400f0000000081bf023c6013428cdd
:104d2800c001427cff004230050040100000000036
:104d3800029d023c4c4d422403000010000000007c
:104d4800029d023ce847422425284000029d023c7f
:104d5800706944247d28410f00000000029d023c38
:104d6800d84b4624029d023cd84b4524029d023c68
:104d7800dc4b4424acf4400f0000000081bf023c2f
:104d88006013422403004290ff004230252840006f
:104d9800029d023c886944247d28410f00000000e0
:104da80081bf023c6013428cc003427cff0042304a
:104db8000b00401000000000029d023cd84b462426
:104dc800029d023cd84b4524029d023cdc4b442406
:104dd800acf4400f000000000900001000000000c3
:104de800029d023cd84b4624029d023cd84b4524e8
:104df800029d023cd44b4424acf4400f0000000058
:104e080081bf023c6013428cc003427cff004230e9
:104e18000500401000000000029d023c5455422449
:104e28000300001000000000029d023c5c55422473
:104e380025284000029d023cb46944247d28410f86
:104e48000000000081bf023c6013428c4003427c9a
:104e5800ff0042300b00401000000000029d023ca1
:104e6800d84b4624029d023cd84b4524029d023c67
:104e7800dc4b4424acf4400f000000000900001093
:104e880000000000029d023cd84b4624029d023cd3
:104e9800d84b4524029d023cd44b4424acf4400f2b
:104ea8000000000081bf023c6013428c4003427c3a
:104eb800ff0042300500401000000000029d023c47
:104ec800f46042240300001000000000029d023c30
:104ed800fc60422425284000029d023cd4694424f9
:104ee8007d28410f00000000029d023cd84b46245b
:104ef800029d023cd84b4524029d023cdc4b4424d5
:104f0800acf4400f0000000081bf023c9013428cbb
:104f180025284000029d023cfc6944247d28410f5d
:104f28000000000081bf023cb013428c25284000dd
:104f3800029d023c286a44247d28410f000000009d
:104f480081bf023cd013428c25284000029d023cc0
:104f5800506a44247d28410f0000000081bf023cb4
:104f6800a013428c25284000029d023c7c6a442400
:104f78007d28410f0000000081bf023cc013428c15
:104f880025284000029d023cac6a44247d28410f3c
:104f98000000000081bf023ce013428c252840003d
:104fa800029d023cdc6a44247d28410f0000000079
:104fb80081bf023cf013428c25284000029d023c30
:104fc8000c6b44247d28410f0000000081bf023c87
:104fd8000014428c25284000029d023c346b442476
:104fe8007d28410f0000000081bf023c1014428c54
:104ff80025284000029d023c606b44247d28410f17
:1050080000000000029d023cd44b4624029d023c55
:10501800d84b4524029d023cdc4b4424acf4400fa1
:1050280000000000029d023c8c6b4424bf27410f06
:105038000000000081bf023c2014428cc001427c69
:10504800ff0042300b00401000000000029d023caf
:10505800d84b4624029d023cd84b4524029d023c75
:10506800dc4b4424acf4400f0000000009000010a1
:1050780000000000029d023cd84b4624029d023ce1
:10508800d84b4524029d023cd44b4424acf4400f39
:105098000000000081bf023c2014428cc001427c09
:1050a800ff0042300500401000000000029d023c55
:1050b8004c4d42240300001000000000029d023cf9
:1050c800e847422425284000029d023ca46b442462
:1050d8007d28410f00000000029d023cd84b462469
:1050e800029d023cd84b4524029d023cdc4b4424e3
:1050f800acf4400f0000000081bf023c20144224a1
:1051080003004290ff00423025284000029d023ce7
:10511800bc6b44247d28410f0000000081bf023c85
:105128002014428cc003427cff0042300b00401028
:1051380000000000029d023cd84b4624029d023c20
:10514800d84b4524029d023cdc4b4424acf4400f70
:10515800000000000900001000000000029d023c51
:10516800d84b4624029d023cd84b4524029d023c64
:10517800d44b4424acf4400f0000000081bf023c33
:105188002014428cc003427cff00423005004010ce
:1051980000000000029d023c545542240300001008
:1051a80000000000029d023c5c5542242528400076
:1051b800029d023ce86b44247d28410f000000005a
:1051c80081bf023c2014428c4003427cff004230e5
:1051d8000b00401000000000029d023cd84b462402
:1051e800029d023cd84b4524029d023cdc4b4424e2
:1051f800acf4400f0000000009000010000000009f
:10520800029d023cd84b4624029d023cd84b4524c3
:10521800029d023cd44b4424acf4400f0000000033
:1052280081bf023c2014428c4003427cff00423084
:105238000500401000000000029d023cf46042247a
:105248000300001000000000029d023cfc604224a4
:1052580025284000029d023c086c44247d28410f0b
:1052680000000000029d023cd84b4624029d023cef
:10527800d84b4524029d023cdc4b4424acf4400f3f
:105288000000000081bf023c5014428c25284000d9
:10529800029d023c306c44247d28410f0000000030
:1052a80081bf023c7014428c25284000029d023cbc
:1052b8005c6c44247d28410f0000000081bf023c43
:1052c8009014428c25284000029d023c846c4424a2
:1052d8007d28410f0000000081bf023c6014428c11
:1052e80025284000029d023cb06c44247d28410fd3
:1052f8000000000081bf023c8014428c2528400039
:10530800029d023ce06c44247d28410f000000000f
:1053180081bf023ca014428c25284000029d023c1b
:10532800106d44247d28410f0000000081bf023c1d
:10533800b014428c25284000029d023c406d442454
:105348007d28410f0000000081bf023cc014428c40
:1053580025284000029d023c686d44247d28410fa9
:105368000000000081bf023cd014428c2528400078
:10537800029d023c946d44247d28410f00000000ea
:10538800029d023cd44b4624029d023cd84b452446
:10539800029d023cdc4b4424acf4400f00000000aa
:1053a800029d023cc06d4424bf27410f000000004d
:1053b80081bf023ce014428cc001427cff004230b5
:1053c8000b00401000000000029d023cd84b462410
:1053d800029d023cd84b4524029d023cdc4b4424f0
:1053e800acf4400f000000000900001000000000ad
:1053f800029d023cd84b4624029d023cd84b4524d2
:10540800029d023cd44b4424acf4400f0000000041
:1054180081bf023ce014428cc001427cff00423054
:105428000500401000000000029d023c4c4d422443
:105438000300001000000000029d023ce8474224df
:1054480025284000029d023cd86d44247d28410f48
:1054580000000000029d023cd84b4624029d023cfd
:10546800d84b4524029d023cdc4b4424acf4400f4d
:105478000000000081bf023ce01442240300429077
:10548800ff00423025284000029d023cf06d442474
:105498007d28410f0000000081bf023ce014428ccf
:1054a800c003427cff0042300b00401000000000a7
:1054b800029d023cd84b4624029d023cd84b452411
:1054c800029d023cdc4b4424acf4400f0000000079
:1054d8000900001000000000029d023cd84b462441
:1054e800029d023cd84b4524029d023cd44b4424e7
:1054f800acf4400f0000000081bf023ce014428c75
:10550800c003427cff00423005004010000000004c
:10551800029d023c54554224030000100000000084
:10552800029d023c5c55422425284000029d023c15
:105538001c6e44247d28410f0000000081bf023cfe
:10554800e014428c4003427cff0042300b004010c4
:1055580000000000029d023cd84b4624029d023cfc
:10556800d84b4524029d023cdc4b4424acf4400f4c
:10557800000000000900001000000000029d023c2d
:10558800d84b4624029d023cd84b4524029d023c40
:10559800d44b4424acf4400f0000000081bf023c0f
:1055a800e014428c4003427cff004230050040106a
:1055b80000000000029d023cf46042240300001039
:1055c80000000000029d023cfc60422425284000a7
:1055d800029d023c3c6e44247d28410f00000000df
:1055e800029d023cd84b4624029d023cd84b4524e0
:1055f800029d023cdc4b4424acf4400f0000000048
:1056080081bf023c1015428c25284000029d023cb7
:10561800646e44247d28410f0000000081bf023cd5
:105628003015428c25284000029d023c906e44248f
:105638007d28410f0000000081bf023c5015428cbc
:1056480025284000029d023cb86e44247d28410f65
:105658000000000081bf023c2015428c2528400034
:10566800029d023ce46e44247d28410f00000000a6
:1056780081bf023c4015428c25284000029d023c17
:10568800146f44247d28410f0000000081bf023cb4
:105698006015428c25284000029d023c446f44243a
:1056a8007d28410f0000000081bf023c7015428c2c
:1056b80025284000029d023c746f44247d28410f38
:1056c8000000000081bf023c8015428c2528400064
:1056d800029d023c9c6f44247d28410f000000007d
:1056e80081bf023c9015428c25284000029d023c57
:1056f800c86f44247d28410f00000000029d023c31
:10570800d44b4624029d023cd84b4524029d023cc2
:10571800dc4b4424acf4400f00000000029d023c26
:10572800f46f4424bf27410f0000000081bf023cf2
:10573800a015428cc001427cff0042300b00401093
:1057480000000000029d023cd84b4624029d023c0a
:10575800d84b4524029d023cdc4b4424acf4400f5a
:10576800000000000900001000000000029d023c3b
:10577800d84b4624029d023cd84b4524029d023c4e
:10578800d44b4424acf4400f0000000081bf023c1d
:10579800a015428cc001427cff0042300500401039
:1057a80000000000029d023c4c4d42240300001002
:1057b80000000000029d023ce847422425284000e2
:1057c800029d023c0c7044247d28410f000000001b
:1057d800029d023cd84b4624029d023cd84b4524ee
:1057e800029d023cdc4b4424acf4400f0000000056
:1057f80081bf023ca015422403004290ff004230c2
:1058080025284000029d023c247044247d28410f35
:105818000000000081bf023ca015428cc003427cfe
:10582800ff0042300b00401000000000029d023cc7
:10583800d84b4624029d023cd84b4524029d023c8d
:10584800dc4b4424acf4400f0000000009000010b9
:1058580000000000029d023cd84b4624029d023cf9
:10586800d84b4524029d023cd44b4424acf4400f51
:105878000000000081bf023ca015428cc003427c9e
:10588800ff0042300500401000000000029d023c6d
:10589800545542240300001000000000029d023c01
:1058a8005c55422425284000029d023c5070442447
:1058b8007d28410f0000000081bf023ca015428cea
:1058c8004003427cff0042300b0040100000000003
:1058d800029d023cd84b4624029d023cd84b4524ed
:1058e800029d023cdc4b4424acf4400f0000000055
:1058f8000900001000000000029d023cd84b46241d
:10590800029d023cd84b4524029d023cd44b4424c2
:10591800acf4400f0000000081bf023ca015428c8f
:105928004003427cff0042300500401000000000a8
:10593800029d023cf46042240300001000000000b5
:10594800029d023cfc60422425284000029d023c46
:10595800707044247d28410f00000000029d023c25
:10596800d84b4624029d023cd84b4524029d023c5c
:10597800dc4b4424acf4400f0000000081bf023c23
:10598800d015428c25284000029d023c9870442482
:105998007d28410f0000000081bf023cf015428cb9
:1059a80025284000029d023cc47044247d28410ff4
:1059b8000000000081bf023c1016428c25284000e0
:1059c800029d023cec7044247d28410f0000000039
:1059d80081bf023ce015428c25284000029d023c14
:1059e800187144247d28410f0000000081bf023c4b
:1059f8000016428c25284000029d023c4871442430
:105a08007d28410f0000000081bf023c2016428c17
:105a180025284000029d023c787144247d28410fce
:105a28000000000081bf023c3016428c252840004f
:105a3800029d023ca87144247d28410f000000000b
:105a480081bf023c4016428c25284000029d023c42
:105a5800d07144247d28410f0000000081bf023c22
:105a68005016428c25284000029d023cfc714424bb
:105a78007d28410f0000000001f5400f00000000e4
:105a88000000000025e8c0031400bf8f1000be8f7f
:0c5a98001800bd270800e003000000001b
:020000040000fa
:020000041d01dc
:105aa400e8ffbd271400bfaf1000beaf25f0a00370
:105ab40085bf033c18b0628cc49c027c18b062acf5
:105ac40085bf033c18b0628c8494027c18b062ac2d
:105ad40085bf033c18b0628c44ad027c18b062ac44
:105ae40085bf033c18b0628c04a5027c18b062ac7c
:105af40085bf033c18b0628cc4bd027c18b062ac94
:105b040085bf033c18b0628c84b5027c18b062accb
:105b140085bf033c24b0629401000424444a827c7f
:105b240024b062a485bf033c24b062940100042421
:105b34008452827c24b062a485bf033c24b0629466
:105b440001000424c45a827c24b062a40100052408
:105b5400640004249c1d400f000000000100052483
:105b6400650004249c1d400f000000000100052472
:105b7400660004249c1d400f000000000100052461
:105b840064000424f725400f0000000002000524ef
:105b940065000424f725400f0000000003000524dd
:105ba40066000424f725400f0000000085bf033c75
:105bb4002cb0629401000424444a827c2cb062a478
:105bc40085bf033c2cb06294010004248452827c7f
:105bd4002cb062a485bf033c2cb062940100042461
:105be400c45a827c2cb062a4640004242e3a400f70
:105bf40000000000650004242e3a400f000000005d
:105c0400660004242e3a400f0000000064000424bf
:105c14000e3a400f00000000650004240e3a400fc5
:105c240000000000660004240e3a400f000000004b
:105c34000000000025e8c0031400bf8f1000be8fd1
:105c44001800bd270800e0030000000000e85d41e3
:105c540000701a4000601b40c0ffbd273c00baaf73
:105c640002601a403800bbaf3400baaf44781b7ce2
:105c740000047b3700609b40121000002c00a2af90
:105c8400101800002800a3af121020002400a2afb7
:105c9400101820002000a3af121040001c00a2af77
:105ca400101840001800a3af121060001400a2af37
:105cb400101860001000a3afb81c3f7c3000a3afe5
:105cc40025f0a00385bf023c34b0428c4002427ce4
:105cd400ff004230190040100000000085bf023c64
:105ce400a4ba428c252040004e28410f0000000039
:105cf4002520400025286000049d023c5887468cde
:105d04005c87478cde13410f000000002520400013
:105d1400252860001080828f1480838f25304000f6
:105d240025386000de13410f0000000000a0043c91
:105d3400c0408424800082ac840083ac64000424ca
:105d44002e3a400f000000000000000025e8c003c8
:105d54003000a38ff8fc617c2c00a28f130040005c
:105d64002800a38f110060002400a58f1308a00051
:105d74002000a58f1108a0001c00a58f1310a000ff
:105d84001800a58f1110a0001400a58f1318a000ef
:105d94001000a58f1118a00000606041c000000031
:105da4003400bb8f3c00ba8f02609b403800bb8f2d
:105db40000709a404000bd2700e8dd4100609b4030
:105dc4001800004200e85d4100701a4000601b406a
:105dd400c0ffbd273c00baaf02601a403800bbaf19
:105de4003400baaf44781b7c00047b3700609b40ce
:105df400121000002c00a2af101800002800a3af5e
:105e0400121020002400a2af101820002000a3af1d
:105e1400121040001c00a2af101840001800a3afdd
:105e2400121060001400a2af101860001000a3af9d
:105e3400b81c3f7c3000a3af25f0a00385bf023c13
:105e440034b0428c8002427cff0042301e0040107d
:105e54000000000085bf023ca8ba428c2520400007
:105e64004e28410f00000000252040002528600036
:105e7400049d023c5887468c5c87478cde13410f97
:105e84000000000000a0043cc0408424700082ace8
:105e9400740083ac00a0023cc04042247400438cd4
:105ea4007000428c049d043c25304000253860007d
:105eb4006487858c6087848cc406410f00000000d1
:105ec400108082af148083af650004242e3a400f03
:105ed400000000000000000025e8c0033000a38f8c
:105ee400f8fc617c2c00a28f130040002800a38fd3
:105ef400110060002400a58f1308a0002000a58fc6
:105f04001108a0001c00a58f1310a0001800a58f75
:105f14001110a0001400a58f1318a0001000a58f65
:105f24001118a00000606041c00000003400bb8f65
:105f34003c00ba8f02609b403800bb8f00709a40cf
:105f44004000bd2700e8dd4100609b40180000428e
:105f540000e85d4100701a4000601b40c0ffbd278f
:105f64003c00baaf02601a403800bbaf3400baaf8d
:105f740044781b7c00047b3700609b4012100000b7
:105f84002c00a2af101800002800a3af12102000ac
:105f94002400a2af101820002000a3af121040006c
:105fa4001c00a2af101840001800a3af121060002c
:105fb4001400a2af101860001000a3afb81c3f7cff
:105fc4003000a3af25f0a00385bf023c34b0428c5f
:105fd400c002427cff004230340040100000000048
:105fe40085bf023cacba428c252040004e28410fac
:105ff400000000002520400025286000049d023c8c
:106004005887468c5c87478cde13410f00000000e4
:1060140025204000252860001080828f1480838f03
:106024002530400025386000de13410f00000000d9
:106034002520400025286000049d023c6887468c8a
:106044006c87478c530d410f000000002520400051
:1060540025286000049d023c7087468c7487478c19
:10606400c406410f000000002520400025286000e0
:10607400049d023c7887468c7c87478c530d410fe6
:1060840000000000253000002538000025204000d5
:1060940025286000550d410f0000000000a0043cbd
:1060a400c0408424680082ac6c0083ac6600042485
:1060b4002e3a400f000000000000000025e8c00355
:1060c4003000a38ff8fc617c2c00a28f13004000e9
:1060d4002800a38f110060002400a58f1308a000de
:1060e4002000a58f1108a0001c00a58f1310a0008c
:1060f4001800a58f1110a0001400a58f1318a0007c
:106104001000a58f1118a00000606041c0000000bd
:106114003400bb8f3c00ba8f02609b403800bb8fb9
:1061240000709a404000bd2700e8dd4100609b40bc
:1061340018000042e8ffbd271400bfaf1000beaf37
:1061440025f0a00385bf023c40b6428c0000427c8f
:10615400ff0042300b00401000000000039d023c91
:10616400f8764624039d023cf8764524039d023cc0
:10617400fc764424acf4400f000000000900001039
:1061840000000000039d023cf8764624039d023c77
:10619400f8764524039d023c00774424acf4400f78
:1061a4000000000085bf023c40b6428c0000427ce7
:1061b400ff0042300500401000000000039d023c37
:1061c400047742240300001000000000039d023cf9
:1061d4000c77422425284000039d023c1477442474
:1061e4007d28410f0000000085bf023c40b6428c70
:1061f4004000427cff0042300b00401000000000d1
:10620400039d023cf8764624039d023cf87645241f
:10621400039d023cfc764424acf4400f00000000d3
:106224000900001000000000039d023cf87646249b
:10623400039d023cf8764524039d023c00774424e8
:10624400acf4400f0000000085bf023c40b6428c15
:106254004000427cff004230050040100000000076
:10626400039d023c04774224030000100000000058
:10627400039d023c0c77422425284000039d023ce8
:106284002c7744247d28410f0000000085bf023c88
:1062940040b6428c8000427cff0042300b0040102c
:1062a40000000000039d023cf8764624039d023c56
:1062b400f8764524039d023cfc764424acf4400f5c
:1062c400000000000900001000000000039d023cd3
:1062d400f8764624039d023cf8764524039d023c4f
:1062e40000774424acf4400f0000000085bf023c5a
:1062f40040b6428c8000427cff00423005004010d2
:1063040000000000039d023c0477422403000010b7
:1063140000000000039d023c0c7742242528400025
:10632400039d023c447744247d28410f0000000073
:1063340085bf023c40b6428cc000427cff00423024
:106344000b00401000000000039d023cf876462438
:10635400039d023cf8764524039d023cfc764424cc
:10636400acf4400f00000000090000100000000021
:10637400039d023cf8764624039d023cf8764524ae
:10638400039d023c00774424acf4400f000000005d
:1063940085bf023c40b6428cc000427cff004230c4
:1063a4000500401000000000039d023c04774224d5
:1063b4000300001000000000039d023c0c774224ff
:1063c40025284000039d023c5c7744247d28410f2e
:1063d4000000000085bf023c40b6428cc000427cf5
:1063e400ff0042300b00401000000000039d023cff
:1063f400f8764624039d023cf8764524039d023c2e
:10640400fc764424acf4400f0000000009000010a6
:1064140000000000039d023cf8764624039d023ce4
:10642400f8764524039d023c00774424acf4400fe5
:106434000000000085bf023c40b6428cc000427c94
:10644400ff0042300500401000000000039d023ca4
:10645400047742240300001000000000039d023c66
:106464000c77422425284000039d023c5c77442499
:106474007d28410f0000000085bf023c40b6428cdd
:106484000001427cff0042300b004010000000007d
:10649400039d023cf8764624039d023cf87645248d
:1064a400039d023cfc764424acf4400f0000000041
:1064b4000900001000000000039d023cf876462409
:1064c400039d023cf8764524039d023c0077442456
:1064d400acf4400f0000000085bf023c40b6428c83
:1064e4000001427cff004230050040100000000023
:1064f400039d023c047742240300001000000000c6
:10650400039d023c0c77422425284000039d023c55
:10651400747744247d28410f0000000085bf023cad
:1065240040b6428c4001427cff0042300b004010d8
:1065340000000000039d023cf8764624039d023cc3
:10654400f8764524039d023cfc764424acf4400fc9
:10655400000000000900001000000000039d023c40
:10656400f8764624039d023cf8764524039d023cbc
:1065740000774424acf4400f0000000085bf023cc7
:1065840040b6428c4001427cff004230050040107e
:1065940000000000039d023c047742240300001025
:1065a40000000000039d023c0c7742242528400093
:1065b400039d023c8c7744247d28410f0000000099
:1065c40085bf023c40b6428c8001427cff004230d1
:1065d4000b00401000000000039d023cf8764624a6
:1065e400039d023cf8764524039d023cfc7644243a
:1065f400acf4400f0000000009000010000000008f
:10660400039d023cf8764624039d023cf87645241b
:10661400039d023c00774424acf4400f00000000ca
:1066240085bf023c40b6428c8001427cff00423070
:106634000500401000000000039d023c0477422442
:106644000300001000000000039d023c0c7742246c
:1066540025284000039d023ca47744247d28410f53
:106664000000000085bf023c40b6428cc001427c61
:10667400ff0042300b00401000000000039d023c6c
:10668400f8764624039d023cf8764524039d023c9b
:10669400fc764424acf4400f000000000900001014
:1066a40000000000039d023cf8764624039d023c52
:1066b400f8764524039d023c00774424acf4400f53
:1066c4000000000085bf023c40b6428cc001427c01
:1066d400ff0042300500401000000000039d023c12
:1066e400047742240300001000000000039d023cd4
:1066f4000c77422425284000039d023cbc774424a7
:106704007d28410f0000000085bf023c40b6428c4a
:106714000002427cff0042300b00401000000000e9
:10672400039d023cf8764624039d023cf8764524fa
:10673400039d023cfc764424acf4400f00000000ae
:106744000900001000000000039d023cf876462476
:10675400039d023cf8764524039d023c00774424c3
:10676400acf4400f0000000085bf023c40b6428cf0
:106774000002427cff00423005004010000000008f
:10678400039d023c04774224030000100000000033
:10679400039d023c0c77422425284000039d023cc3
:1067a400d47744247d28410f0000000085bf023cbb
:1067b40040b6428c4002427cff0042300b00401045
:1067c40000000000039d023cf8764624039d023c31
:1067d400f8764524039d023cfc764424acf4400f37
:1067e400000000000900001000000000039d023cae
:1067f400f8764624039d023cf8764524039d023c2a
:1068040000774424acf4400f0000000085bf023c34
:1068140040b6428c4002427cff00423005004010ea
:1068240000000000039d023c047742240300001092
:1068340000000000039d023c0c7742242528400000
:10684400039d023cec7744247d28410f00000000a6
:1068540085bf023c40b6428c8002427cff0042303d
:106864000b00401000000000039d023cf876462413
:10687400039d023cf8764524039d023cfc764424a7
:10688400acf4400f000000000900001000000000fc
:10689400039d023cf8764624039d023cf876452489
:1068a400039d023c00774424acf4400f0000000038
:1068b40085bf023c40b6428c8002427cff004230dd
:1068c4000500401000000000039d023c04774224b0
:1068d4000300001000000000039d023c0c774224da
:1068e40025284000039d023c047844247d28410f60
:1068f4000000000085bf023c40b6428cc002427cce
:10690400ff0042300b00401000000000039d023cd9
:10691400f8764624039d023cf8764524039d023c08
:10692400fc764424acf4400f000000000900001081
:1069340000000000039d023cf8764624039d023cbf
:10694400f8764524039d023c00774424acf4400fc0
:106954000000000085bf023c40b6428cc002427c6d
:10696400ff0042300500401000000000039d023c7f
:10697400047742240300001000000000039d023c41
:106984000c77422425284000039d023c20784424af
:106994007d28410f0000000085bf023c40b6428cb8
:1069a4000003427cff0042300b0040100000000056
:1069b400039d023cf8764624039d023cf876452468
:1069c400039d023cfc764424acf4400f000000001c
:1069d4000900001000000000039d023cf8764624e4
:1069e400039d023cf8764524039d023c0077442431
:1069f400acf4400f0000000085bf023c40b6428c5e
:106a04000003427cff0042300500401000000000fb
:106a1400039d023c047742240300001000000000a0
:106a2400039d023c0c77422425284000039d023c30
:106a34003c7844247d28410f0000000085bf023cbf
:106a440040b6428c4003427cff0042300b004010b1
:106a540000000000039d023cf8764624039d023c9e
:106a6400f8764524039d023cfc764424acf4400fa4
:106a7400000000000900001000000000039d023c1b
:106a8400f8764624039d023cf8764524039d023c97
:106a940000774424acf4400f0000000085bf023ca2
:106aa40040b6428c4003427cff0042300500401057
:106ab40000000000039d023c047742240300001000
:106ac40000000000039d023c0c774224252840006e
:106ad400039d023c587844247d28410f00000000a7
:106ae40085bf023c40b6428c8003427cff004230aa
:106af4000b00401000000000039d023cf876462481
:106b0400039d023cf8764524039d023cfc76442414
:106b1400acf4400f00000000090000100000000069
:106b2400039d023cf8764624039d023cf8764524f6
:106b3400039d023c00774424acf4400f00000000a5
:106b440085bf023c40b6428c8003427cff00423049
:106b54000500401000000000039d023c047742241d
:106b64000300001000000000039d023c0c77422447
:106b740025284000039d023c747844247d28410f5d
:106b84000000000085bf023c40b6428cc003427c3a
:106b9400ff0042300b00401000000000039d023c47
:106ba400f8764624039d023cf8764524039d023c76
:106bb400fc764424acf4400f0000000009000010ef
:106bc40000000000039d023cf8764624039d023c2d
:106bd400f8764524039d023c00774424acf4400f2e
:106be4000000000085bf023c40b6428cc003427cda
:106bf400ff0042300500401000000000039d023ced
:106c0400047742240300001000000000039d023cae
:106c14000c77422425284000039d023c90784424ac
:106c24007d28410f0000000085bf023c40b6428c25
:106c34000004427cff0042300b00401000000000c2
:106c4400039d023cf8764624039d023cf8764524d5
:106c5400039d023cfc764424acf4400f0000000089
:106c64000900001000000000039d023cf876462451
:106c7400039d023cf8764524039d023c007744249e
:106c8400acf4400f0000000085bf023c40b6428ccb
:106c94000004427cff004230050040100000000068
:106ca400039d023c0477422403000010000000000e
:106cb400039d023c0c77422425284000039d023c9e
:106cc400ac7844247d28410f0000000085bf023cbd
:106cd40040b6428c4004427cff0042300b0040101e
:106ce40000000000039d023cf8764624039d023c0c
:106cf400f8764524039d023cfc764424acf4400f12
:106d0400000000000900001000000000039d023c88
:106d1400f8764624039d023cf8764524039d023c04
:106d240000774424acf4400f0000000085bf023c0f
:106d340040b6428c4004427cff00423005004010c3
:106d440000000000039d023c04774224030000106d
:106d540000000000039d023c0c77422425284000db
:106d6400039d023cc87844247d28410f00000000a4
:106d740085bf023c40b6428c8004427cff00423016
:106d84000b00401000000000039d023cf8764624ee
:106d9400039d023cf8764524039d023cfc76442482
:106da400acf4400f000000000900001000000000d7
:106db400039d023cf8764624039d023cf876452464
:106dc400039d023c00774424acf4400f0000000013
:106dd40085bf023c40b6428c8004427cff004230b6
:106de4000500401000000000039d023c047742248b
:106df4000300001000000000039d023c0c774224b5
:106e040025284000039d023ce47844247d28410f5a
:106e14000000000085bf023c40b6428cc004427ca6
:106e2400ff0042300b00401000000000039d023cb4
:106e3400f8764624039d023cf8764524039d023ce3
:106e4400fc764424acf4400f00000000090000105c
:106e540000000000039d023cf8764624039d023c9a
:106e6400f8764524039d023c00774424acf4400f9b
:106e74000000000085bf023c40b6428cc004427c46
:106e8400ff0042300500401000000000039d023c5a
:106e9400047742240300001000000000039d023c1c
:106ea4000c77422425284000039d023c00794424a9
:106eb4007d28410f0000000085bf023c40b6428c93
:106ec4000005427cff0042300b004010000000002f
:106ed400039d023cf8764624039d023cf876452443
:106ee400039d023cfc764424acf4400f00000000f7
:106ef4000900001000000000039d023cf8764624bf
:106f0400039d023cf8764524039d023c007744240b
:106f1400acf4400f0000000085bf023c40b6428c38
:106f24000005427cff0042300500401000000000d4
:106f3400039d023c0477422403000010000000007b
:106f4400039d023c0c77422425284000039d023c0b
:106f54001c7944247d28410f0000000085bf023cb9
:106f640040b6428c4005427cff0042300b0040108a
:106f740000000000039d023cf8764624039d023c79
:106f8400f8764524039d023cfc764424acf4400f7f
:106f9400000000000900001000000000039d023cf6
:106fa400f8764624039d023cf8764524039d023c72
:106fb40000774424acf4400f0000000085bf023c7d
:106fc40040b6428c4005427cff0042300500401030
:106fd40000000000039d023c0477422403000010db
:106fe40000000000039d023c0c7742242528400049
:106ff400039d023c387944247d28410f00000000a1
:1070040085bf023c40b6428c8005427cff00423082
:107014000b00401000000000039d023cf87646245b
:10702400039d023cf8764524039d023cfc764424ef
:10703400acf4400f00000000090000100000000044
:10704400039d023cf8764624039d023cf8764524d1
:10705400039d023c00774424acf4400f0000000080
:1070640085bf023c40b6428c8005427cff00423022
:107074000500401000000000039d023c04774224f8
:107084000300001000000000039d023c0c77422422
:1070940025284000039d023c547944247d28410f57
:1070a4000000000085bf023c40b6428cc005427c13
:1070b400ff0042300b00401000000000039d023c22
:1070c400f8764624039d023cf8764524039d023c51
:1070d400fc764424acf4400f0000000009000010ca
:1070e40000000000039d023cf8764624039d023c08
:1070f400f8764524039d023c00774424acf4400f09
:107104000000000085bf023c40b6428cc005427cb2
:10711400ff0042300500401000000000039d023cc7
:10712400047742240300001000000000039d023c89
:107134000c77422425284000039d023c70794424a6
:107144007d28410f0000000085bf023c40b6428c00
:107154000006427cff0042300b004010000000009b
:10716400039d023cf8764624039d023cf8764524b0
:10717400039d023cfc764424acf4400f0000000064
:107184000900001000000000039d023cf87646242c
:10719400039d023cf8764524039d023c0077442479
:1071a400acf4400f0000000085bf023c40b6428ca6
:1071b4000006427cff004230050040100000000041
:1071c400039d023c047742240300001000000000e9
:1071d400039d023c0c77422425284000039d023c79
:1071e4008c7944247d28410f0000000085bf023cb7
:1071f40040b6428c4006427cff0042300b004010f7
:1072040000000000039d023cf8764624039d023ce6
:10721400f8764524039d023cfc764424acf4400fec
:10722400000000000900001000000000039d023c63
:10723400f8764624039d023cf8764524039d023cdf
:1072440000774424acf4400f0000000085bf023cea
:1072540040b6428c4006427cff004230050040109c
:1072640000000000039d023c047742240300001048
:1072740000000000039d023c0c77422425284000b6
:10728400039d023ca87944247d28410f000000009e
:1072940085bf023c40b6428c8006427cff004230ef
:1072a4000b00401000000000039d023cf8764624c9
:1072b400039d023cf8764524039d023cfc7644245d
:1072c400acf4400f000000000900001000000000b2
:1072d400039d023cf8764624039d023cf87645243f
:1072e400039d023c00774424acf4400f00000000ee
:1072f40085bf023c40b6428c8006427cff0042308f
:107304000500401000000000039d023c0477422465
:107314000300001000000000039d023c0c7742248f
:1073240025284000039d023cc47944247d28410f54
:107334000000000085bf023c40b6428cc006427c7f
:10734400ff0042300b00401000000000039d023c8f
:10735400f8764624039d023cf8764524039d023cbe
:10736400fc764424acf4400f000000000900001037
:1073740000000000039d023cf8764624039d023c75
:10738400f8764524039d023c00774424acf4400f76
:107394000000000085bf023c40b6428cc006427c1f
:1073a400ff0042300500401000000000039d023c35
:1073b400047742240300001000000000039d023cf7
:1073c4000c77422425284000039d023ce0794424a4
:1073d4007d28410f0000000085bf023c40b6428c6e
:1073e4000007427cff0042300b0040100000000008
:1073f400039d023cf8764624039d023cf87645241e
:10740400039d023cfc764424acf4400f00000000d1
:107414000900001000000000039d023cf876462499
:10742400039d023cf8764524039d023c00774424e6
:10743400acf4400f0000000085bf023c40b6428c13
:107444000007427cff0042300500401000000000ad
:10745400039d023c04774224030000100000000056
:10746400039d023c0c77422425284000039d023ce6
:10747400fc7944247d28410f0000000085bf023cb4
:1074840040b6428c4007427cff0042300b00401063
:1074940000000000039d023cf8764624039d023c54
:1074a400f8764524039d023cfc764424acf4400f5a
:1074b400000000000900001000000000039d023cd1
:1074c400f8764624039d023cf8764524039d023c4d
:1074d40000774424acf4400f0000000085bf023c58
:1074e40040b6428c4007427cff0042300500401009
:1074f40000000000039d023c0477422403000010b6
:1075040000000000039d023c0c7742242528400023
:10751400039d023c187a44247d28410f000000009a
:1075240085bf023c40b6428c8007427cff0042305b
:107534000b00401000000000039d023cf876462436
:10754400039d023cf8764524039d023cfc764424ca
:10755400acf4400f0000000009000010000000001f
:10756400039d023cf8764624039d023cf8764524ac
:10757400039d023c00774424acf4400f000000005b
:1075840085bf023c40b6428c8007427cff004230fb
:107594000500401000000000039d023c04774224d3
:1075a4000300001000000000039d023c0c774224fd
:1075b40025284000039d023c347a44247d28410f51
:1075c4000000000085bf023c40b6428cc007427cec
:1075d400ff0042300b00401000000000039d023cfd
:1075e400f8764624039d023cf8764524039d023c2c
:1075f400fc764424acf4400f0000000009000010a5
:1076040000000000039d023cf8764624039d023ce2
:10761400f8764524039d023c00774424acf4400fe3
:107624000000000085bf023c40b6428cc007427c8b
:10763400ff0042300500401000000000039d023ca2
:10764400047742240300001000000000039d023c64
:107654000c77422425284000039d023c507a4424a0
:107664007d28410f0000000085bf023c44b6428cd7
:107674000000427cff0042300b004010000000007c
:10768400039d023cf8764624039d023cf87645248b
:10769400039d023cfc764424acf4400f000000003f
:1076a4000900001000000000039d023cf876462407
:1076b400039d023cf8764524039d023c0077442454
:1076c400acf4400f0000000085bf023c44b6428c7d
:1076d4000000427cff004230050040100000000022
:1076e400039d023c047742240300001000000000c4
:1076f400039d023c0c77422425284000039d023c54
:107704006c7a44247d28410f0000000085bf023cb0
:1077140044b6428c4000427cff0042300b004010d3
:1077240000000000039d023cf8764624039d023cc1
:10773400f8764524039d023cfc764424acf4400fc7
:10774400000000000900001000000000039d023c3e
:10775400f8764624039d023cf8764524039d023cba
:1077640000774424acf4400f0000000085bf023cc5
:1077740044b6428c4000427cff0042300500401079
:1077840000000000039d023c047742240300001023
:1077940000000000039d023c0c7742242528400091
:1077a400039d023c887a44247d28410f0000000098
:1077b40085bf023c44b6428c8000427cff004230cc
:1077c4000b00401000000000039d023cf8764624a4
:1077d400039d023cf8764524039d023cfc76442438
:1077e400acf4400f0000000009000010000000008d
:1077f400039d023cf8764624039d023cf87645241a
:10780400039d023c00774424acf4400f00000000c8
:1078140085bf023c44b6428c8000427cff0042306b
:107824000500401000000000039d023c0477422440
:107834000300001000000000039d023c0c7742246a
:1078440025284000039d023ca47a44247d28410f4e
:107854000000000085bf023c44b6428cc000427c5c
:10786400ff0042300b00401000000000039d023c6a
:10787400f8764624039d023cf8764524039d023c99
:10788400fc764424acf4400f000000000900001012
:1078940000000000039d023cf8764624039d023c50
:1078a400f8764524039d023c00774424acf4400f51
:1078b4000000000085bf023c44b6428cc000427cfc
:1078c400ff0042300500401000000000039d023c10
:1078d400047742240300001000000000039d023cd2
:1078e4000c77422425284000039d023cc07a44249e
:1078f4007d28410f0000000085bf023c44b6428c45
:107904000001427cff0042300b00401000000000e8
:10791400039d023cf8764624039d023cf8764524f8
:10792400039d023cfc764424acf4400f00000000ac
:107934000900001000000000039d023cf876462474
:10794400039d023cf8764524039d023c00774424c1
:10795400acf4400f0000000085bf023c44b6428cea
:107964000001427cff00423005004010000000008e
:10797400039d023c04774224030000100000000031
:10798400039d023c0c77422425284000039d023cc1
:10799400dc7a44247d28410f0000000085bf023cae
:1079a40044b6428c4001427cff0042300b00401040
:1079b40000000000039d023cf8764624039d023c2f
:1079c400f8764524039d023cfc764424acf4400f35
:1079d400000000000900001000000000039d023cac
:1079e400f8764624039d023cf8764524039d023c28
:1079f40000774424acf4400f0000000085bf023c33
:107a040044b6428c4001427cff00423005004010e5
:107a140000000000039d023c047742240300001090
:107a240000000000039d023c0c77422425284000fe
:107a3400039d023cf87a44247d28410f0000000095
:107a440085bf023c44b6428c8001427cff00423038
:107a54000b00401000000000039d023cf876462411
:107a6400039d023cf8764524039d023cfc764424a5
:107a7400acf4400f000000000900001000000000fa
:107a8400039d023cf8764624039d023cf876452487
:107a9400039d023c00774424acf4400f0000000036
:107aa40085bf023c44b6428c8001427cff004230d8
:107ab4000500401000000000039d023c04774224ae
:107ac4000300001000000000039d023c0c774224d8
:107ad40025284000039d023c147b44247d28410f4b
:107ae4000000000085bf023c44b6428cc001427cc9
:107af400ff0042300b00401000000000039d023cd8
:107b0400f8764624039d023cf8764524039d023c06
:107b1400fc764424acf4400f00000000090000107f
:107b240000000000039d023cf8764624039d023cbd
:107b3400f8764524039d023c00774424acf4400fbe
:107b44000000000085bf023c44b6428cc001427c68
:107b5400ff0042300500401000000000039d023c7d
:107b6400047742240300001000000000039d023c3f
:107b74000c77422425284000039d023c307b44249a
:107b84007d28410f0000000085bf023c44b6428cb2
:107b94000002427cff0042300b0040100000000055
:107ba400039d023cf8764624039d023cf876452466
:107bb400039d023cfc764424acf4400f000000001a
:107bc4000900001000000000039d023cf8764624e2
:107bd400039d023cf8764524039d023c007744242f
:107be400acf4400f0000000085bf023c44b6428c58
:107bf4000002427cff0042300500401000000000fb
:107c0400039d023c0477422403000010000000009e
:107c1400039d023c0c77422425284000039d023c2e
:107c24004c7b44247d28410f0000000085bf023caa
:107c340044b6428c4002427cff0042300b004010ac
:107c440000000000039d023cf8764624039d023c9c
:107c5400f8764524039d023cfc764424acf4400fa2
:107c6400000000000900001000000000039d023c19
:107c7400f8764624039d023cf8764524039d023c95
:107c840000774424acf4400f0000000085bf023ca0
:107c940044b6428c4002427cff0042300500401052
:107ca40000000000039d023c0477422403000010fe
:107cb40000000000039d023c0c774224252840006c
:107cc400039d023c687b44247d28410f0000000092
:107cd40085bf023c44b6428c8002427cff004230a5
:107ce4000b00401000000000039d023cf87646247f
:107cf400039d023cf8764524039d023cfc76442413
:107d0400acf4400f00000000090000100000000067
:107d1400039d023cf8764624039d023cf8764524f4
:107d2400039d023c00774424acf4400f00000000a3
:107d340085bf023c44b6428c8002427cff00423044
:107d44000500401000000000039d023c047742241b
:107d54000300001000000000039d023c0c77422445
:107d640025284000039d023c847b44247d28410f48
:107d74000000000085bf023c44b6428cc002427c35
:107d8400ff0042300b00401000000000039d023c45
:107d9400f8764624039d023cf8764524039d023c74
:107da400fc764424acf4400f0000000009000010ed
:107db40000000000039d023cf8764624039d023c2b
:107dc400f8764524039d023c00774424acf4400f2c
:107dd4000000000085bf023c44b6428cc002427cd5
:107de400ff0042300500401000000000039d023ceb
:107df400047742240300001000000000039d023cad
:107e04000c77422425284000039d023ca07b442497
:107e14007d28410f0000000085bf023c28b0428c41
:107e24000000427cff0042300b00401000000000c4
:107e3400039d023cf8764624039d023cf8764524d3
:107e4400039d023cfc764424acf4400f0000000087
:107e54000900001000000000039d023cf87646244f
:107e6400039d023cf8764524039d023c007744249c
:107e7400acf4400f0000000085bf023c28b0428ce7
:107e84000000427cff00423005004010000000006a
:107e9400039d023cbc7b4224030000100000000050
:107ea400039d023cc47b422425284000039d023ce0
:107eb400d07b44247d28410f0000000085bf023c94
:107ec40028b0428c4000427cff0042300b0040103e
:107ed40000000000039d023cf8764624039d023c0a
:107ee400f8764524039d023cfc764424acf4400f10
:107ef400000000000900001000000000039d023c87
:107f0400f8764624039d023cf8764524039d023c02
:107f140000774424acf4400f0000000085bf023c0d
:107f240028b0428c4000427cff00423005004010e3
:107f340000000000039d023cbc7b422403000010af
:107f440000000000039d023cc47b4224252840001d
:107f5400039d023cec7b44247d28410f000000007b
:107f640085bf023c28b0428c8000427cff00423036
:107f74000b00401000000000039d023cf8764624ec
:107f8400039d023cf8764524039d023cfc76442480
:107f9400acf4400f000000000900001000000000d5
:107fa400039d023cf8764624039d023cf876452462
:107fb400039d023c00774424acf4400f0000000011
:107fc40085bf023c28b0428c8000427cff004230d6
:107fd4000500401000000000039d023cbc7b4224cd
:107fe4000300001000000000039d023cc47b4224f7
:107ff40025284000039d023c087c44247d28410f31
:108004000000000085bf023c28b0428cc000427cc6
:10801400ff0042300b00401000000000039d023cb2
:10802400f8764624039d023cf8764524039d023ce1
:10803400fc764424acf4400f00000000090000105a
:1080440000000000039d023cf8764624039d023c98
:10805400f8764524039d023c00774424acf4400f99
:108064000000000085bf023c28b0428cc000427c66
:10807400ff0042300500401000000000039d023c58
:10808400bc7b42240300001000000000039d023c5e
:10809400c47b422425284000039d023c247c4424c4
:1080a4007d28410f0000000085bf023c28b0428caf
:1080b400c000427cff0042300b0040100000000072
:1080c400039d023cf8764624039d023cf876452441
:1080d400039d023cfc764424acf4400f00000000f5
:1080e4000900001000000000039d023cf8764624bd
:1080f400039d023cf8764524039d023c007744240a
:10810400acf4400f0000000085bf023c28b0428c54
:10811400c000427cff004230050040100000000017
:10812400039d023cbc7b42240300001000000000bd
:10813400039d023cc47b422425284000039d023c4d
:10814400247c44247d28410f0000000085bf023cac
:1081540028b0428c0001427cff0042300b004010ea
:1081640000000000039d023cf8764624039d023c77
:10817400f8764524039d023cfc764424acf4400f7d
:10818400000000000900001000000000039d023cf4
:10819400f8764624039d023cf8764524039d023c70
:1081a40000774424acf4400f0000000085bf023c7b
:1081b40028b0428c0001427cff0042300500401090
:1081c40000000000039d023cbc7b4224030000101d
:1081d40000000000039d023cc47b4224252840008b
:1081e400039d023c407c44247d28410f0000000094
:1081f40085bf023c28b0428c4001427cff004230e3
:108204000b00401000000000039d023cf876462459
:10821400039d023cf8764524039d023cfc764424ed
:10822400acf4400f00000000090000100000000042
:10823400039d023cf8764624039d023cf8764524cf
:10824400039d023c00774424acf4400f000000007e
:1082540085bf023c28b0428c4001427cff00423082
:108264000500401000000000039d023cbc7b42243a
:108274000300001000000000039d023cc47b422464
:1082840025284000039d023c5c7c44247d28410f4a
:108294000000000085bf023c28b0428c8001427c73
:1082a400ff0042300b00401000000000039d023c20
:1082b400f8764624039d023cf8764524039d023c4f
:1082c400fc764424acf4400f0000000009000010c8
:1082d40000000000039d023cf8764624039d023c06
:1082e400f8764524039d023c00774424acf4400f07
:1082f4000000000085bf023c28b0428c8001427c13
:10830400ff0042300500401000000000039d023cc5
:10831400bc7b42240300001000000000039d023ccb
:10832400c47b422425284000039d023c787c4424dd
:108334007d28410f0000000085bf023c28b0428c1c
:10834400c001427cff0042300b00401000000000de
:10835400039d023cf8764624039d023cf8764524ae
:10836400039d023cfc764424acf4400f0000000062
:108374000900001000000000039d023cf87646242a
:10838400039d023cf8764524039d023c0077442477
:10839400acf4400f0000000085bf023c28b0428cc2
:1083a400c001427cff004230050040100000000084
:1083b400039d023cbc7b422403000010000000002b
:1083c400039d023cc47b422425284000039d023cbb
:1083d400947c44247d28410f0000000085bf023caa
:1083e40028b0428c0002427cff0042300b00401057
:1083f40000000000039d023cf8764624039d023ce5
:10840400f8764524039d023cfc764424acf4400fea
:10841400000000000900001000000000039d023c61
:10842400f8764624039d023cf8764524039d023cdd
:1084340000774424acf4400f0000000085bf023ce8
:1084440028b0428c0002427cff00423005004010fc
:1084540000000000039d023cbc7b4224030000108a
:1084640000000000039d023cc47b422425284000f8
:10847400039d023cb07c44247d28410f0000000091
:1084840085bf023c28b0428c4002427cff0042304f
:108494000b00401000000000039d023cf8764624c7
:1084a400039d023cf8764524039d023cfc7644245b
:1084b400acf4400f000000000900001000000000b0
:1084c400039d023cf8764624039d023cf87645243d
:1084d400039d023c00774424acf4400f00000000ec
:1084e40085bf023c28b0428c4002427cff004230ef
:1084f4000500401000000000039d023cbc7b4224a8
:108504000300001000000000039d023cc47b4224d1
:1085140025284000039d023ccc7c44247d28410f47
:108524000000000085bf023c28b0428c8002427cdf
:10853400ff0042300b00401000000000039d023c8d
:10854400f8764624039d023cf8764524039d023cbc
:10855400fc764424acf4400f000000000900001035
:1085640000000000039d023cf8764624039d023c73
:10857400f8764524039d023c00774424acf4400f74
:108584000000000085bf023c28b0428c8002427c7f
:10859400ff0042300500401000000000039d023c33
:1085a400bc7b42240300001000000000039d023c39
:1085b400c47b422425284000039d023ce87c4424db
:1085c4007d28410f0000000085bf023c28b0428c8a
:1085d400c002427cff0042300b004010000000004b
:1085e400039d023cf8764624039d023cf87645241c
:1085f400039d023cfc764424acf4400f00000000d0
:108604000900001000000000039d023cf876462497
:10861400039d023cf8764524039d023c00774424e4
:10862400acf4400f0000000085bf023c28b0428c2f
:10863400c002427cff0042300500401000000000f0
:10864400039d023cbc7b4224030000100000000098
:10865400039d023cc47b422425284000039d023c28
:10866400047d44247d28410f0000000085bf023ca6
:1086740028b0428c0003427cff0042300b004010c3
:1086840000000000039d023cf8764624039d023c52
:10869400f8764524039d023cfc764424acf4400f58
:1086a400000000000900001000000000039d023ccf
:1086b400f8764624039d023cf8764524039d023c4b
:1086c40000774424acf4400f0000000085bf023c56
:1086d40028b0428c0003427cff0042300500401069
:1086e40000000000039d023cbc7b422403000010f8
:1086f40000000000039d023cc47b42242528400066
:10870400039d023c207d44247d28410f000000008d
:1087140085bf023c28b0428c4003427cff004230bb
:108724000b00401000000000039d023cf876462434
:10873400039d023cf8764524039d023cfc764424c8
:10874400acf4400f0000000009000010000000001d
:10875400039d023cf8764624039d023cf8764524aa
:10876400039d023c00774424acf4400f0000000059
:1087740085bf023c28b0428c4003427cff0042305b
:108784000500401000000000039d023cbc7b422415
:108794000300001000000000039d023cc47b42243f
:1087a40025284000039d023c3c7d44247d28410f44
:1087b4000000000085bf023c28b0428c8003427c4c
:1087c400ff0042300b00401000000000039d023cfb
:1087d400f8764624039d023cf8764524039d023c2a
:1087e400fc764424acf4400f0000000009000010a3
:1087f40000000000039d023cf8764624039d023ce1
:10880400f8764524039d023c00774424acf4400fe1
:108814000000000085bf023c28b0428c8003427ceb
:10882400ff0042300500401000000000039d023ca0
:10883400bc7b42240300001000000000039d023ca6
:10884400c47b422425284000039d023c587d4424d7
:108854007d28410f0000000085bf023c28b0428cf7
:10886400c003427cff0042300b00401000000000b7
:10887400039d023cf8764624039d023cf876452489
:10888400039d023cfc764424acf4400f000000003d
:108894000900001000000000039d023cf876462405
:1088a400039d023cf8764524039d023c0077442452
:1088b400acf4400f0000000085bf023c28b0428c9d
:1088c400c003427cff00423005004010000000005d
:1088d400039d023cbc7b4224030000100000000006
:1088e400039d023cc47b422425284000039d023c96
:1088f400747d44247d28410f0000000085bf023ca4
:1089040028b0428c0004427cff0042300b0040102f
:1089140000000000039d023cf8764624039d023cbf
:10892400f8764524039d023cfc764424acf4400fc5
:10893400000000000900001000000000039d023c3c
:10894400f8764624039d023cf8764524039d023cb8
:1089540000774424acf4400f0000000085bf023cc3
:1089640028b0428c0004427cff00423005004010d5
:1089740000000000039d023cbc7b42240300001065
:1089840000000000039d023cc47b422425284000d3
:10899400039d023c907d44247d28410f000000008b
:1089a40085bf023c28b0428c4004427cff00423028
:1089b4000b00401000000000039d023cf8764624a2
:1089c400039d023cf8764524039d023cfc76442436
:1089d400acf4400f0000000009000010000000008b
:1089e400039d023cf8764624039d023cf876452418
:1089f400039d023c00774424acf4400f00000000c7
:108a040085bf023c28b0428c4004427cff004230c7
:108a14000500401000000000039d023cbc7b422482
:108a24000300001000000000039d023cc47b4224ac
:108a340025284000039d023cac7d44247d28410f41
:108a44000000000085bf023c28b0428c8004427cb8
:108a5400ff0042300b00401000000000039d023c68
:108a6400f8764624039d023cf8764524039d023c97
:108a7400fc764424acf4400f000000000900001010
:108a840000000000039d023cf8764624039d023c4e
:108a9400f8764524039d023c00774424acf4400f4f
:108aa4000000000085bf023c28b0428c8004427c58
:108ab400ff0042300500401000000000039d023c0e
:108ac400bc7b42240300001000000000039d023c14
:108ad400c47b422425284000039d023cc87d4424d5
:108ae4007d28410f0000000085bf023c28b0428c65
:108af400c004427cff0042300b0040100000000024
:108b0400039d023cf8764624039d023cf8764524f6
:108b1400039d023cfc764424acf4400f00000000aa
:108b24000900001000000000039d023cf876462472
:108b3400039d023cf8764524039d023c00774424bf
:108b4400acf4400f0000000085bf023c28b0428c0a
:108b5400c004427cff0042300500401000000000c9
:108b6400039d023cbc7b4224030000100000000073
:108b7400039d023cc47b422425284000039d023c03
:108b8400e47d44247d28410f0000000085bf023ca1
:108b940028b0428c0005427cff0042300b0040109c
:108ba40000000000039d023cf8764624039d023c2d
:108bb400f8764524039d023cfc764424acf4400f33
:108bc400000000000900001000000000039d023caa
:108bd400f8764624039d023cf8764524039d023c26
:108be40000774424acf4400f0000000085bf023c31
:108bf40028b0428c0005427cff0042300500401042
:108c040000000000039d023cbc7b422403000010d2
:108c140000000000039d023cc47b42242528400040
:108c2400039d023c007e44247d28410f0000000087
:108c340085bf023c28b0428c4005427cff00423094
:108c44000b00401000000000039d023cf87646240f
:108c5400039d023cf8764524039d023cfc764424a3
:108c6400acf4400f000000000900001000000000f8
:108c7400039d023cf8764624039d023cf876452485
:108c8400039d023c00774424acf4400f0000000034
:108c940085bf023c28b0428c4005427cff00423034
:108ca4000500401000000000039d023cbc7b4224f0
:108cb4000300001000000000039d023cc47b42241a
:108cc40025284000039d023c1c7e44247d28410f3e
:108cd4000000000085bf023c28b0428c8005427c25
:108ce400ff0042300b00401000000000039d023cd6
:108cf400f8764624039d023cf8764524039d023c05
:108d0400fc764424acf4400f00000000090000107d
:108d140000000000039d023cf8764624039d023cbb
:108d2400f8764524039d023c00774424acf4400fbc
:108d34000000000085bf023c28b0428c8005427cc4
:108d4400ff0042300500401000000000039d023c7b
:108d5400bc7b42240300001000000000039d023c81
:108d6400c47b422425284000039d023c387e4424d1
:108d74007d28410f0000000085bf023c28b0428cd2
:108d8400c005427cff0042300b0040100000000090
:108d9400039d023cf8764624039d023cf876452464
:108da400039d023cfc764424acf4400f0000000018
:108db4000900001000000000039d023cf8764624e0
:108dc400039d023cf8764524039d023c007744242d
:108dd400acf4400f0000000085bf023c28b0428c78
:108de400c005427cff004230050040100000000036
:108df400039d023cbc7b42240300001000000000e1
:108e0400039d023cc47b422425284000039d023c70
:108e1400547e44247d28410f0000000085bf023c9d
:108e240028b0428c0006427cff0042300b00401008
:108e340000000000039d023cf8764624039d023c9a
:108e4400f8764524039d023cfc764424acf4400fa0
:108e5400000000000900001000000000039d023c17
:108e6400f8764624039d023cf8764524039d023c93
:108e740000774424acf4400f0000000085bf023c9e
:108e840028b0428c0006427cff00423005004010ae
:108e940000000000039d023cbc7b42240300001040
:108ea40000000000039d023cc47b422425284000ae
:108eb400039d023c707e44247d28410f0000000085
:108ec40085bf023c28b0428c4006427cff00423001
:108ed4000b00401000000000039d023cf87646247d
:108ee400039d023cf8764524039d023cfc76442411
:108ef400acf4400f00000000090000100000000066
:108f0400039d023cf8764624039d023cf8764524f2
:108f1400039d023c00774424acf4400f00000000a1
:108f240085bf023c28b0428c4006427cff004230a0
:108f34000500401000000000039d023cbc7b42245d
:108f44000300001000000000039d023cc47b422487
:108f540025284000039d023c8c7e44247d28410f3b
:108f64000000000085bf023c28b0428c8006427c91
:108f7400ff0042300b00401000000000039d023c43
:108f8400f8764624039d023cf8764524039d023c72
:108f9400fc764424acf4400f0000000009000010eb
:108fa40000000000039d023cf8764624039d023c29
:108fb400f8764524039d023c00774424acf4400f2a
:108fc4000000000085bf023c28b0428c8006427c31
:108fd400ff0042300500401000000000039d023ce9
:108fe400bc7b42240300001000000000039d023cef
:108ff400c47b422425284000039d023ca87e4424cf
:109004007d28410f0000000085bf023c28b0428c3f
:10901400c006427cff0042300b00401000000000fc
:10902400039d023cf8764624039d023cf8764524d1
:10903400039d023cfc764424acf4400f0000000085
:109044000900001000000000039d023cf87646244d
:10905400039d023cf8764524039d023c007744249a
:10906400acf4400f0000000085bf023c28b0428ce5
:10907400c006427cff0042300500401000000000a2
:10908400039d023cbc7b422403000010000000004e
:10909400039d023cc47b422425284000039d023cde
:1090a400c47e44247d28410f0000000085bf023c9b
:1090b40028b0428c0007427cff0042300b00401075
:1090c40000000000039d023cf8764624039d023c08
:1090d400f8764524039d023cfc764424acf4400f0e
:1090e400000000000900001000000000039d023c85
:1090f400f8764624039d023cf8764524039d023c01
:1091040000774424acf4400f0000000085bf023c0b
:1091140028b0428c0007427cff004230050040101a
:1091240000000000039d023cbc7b422403000010ad
:1091340000000000039d023cc47b4224252840001b
:10914400039d023ce07e44247d28410f0000000082
:1091540085bf023c28b0428c4007427cff0042306d
:109164000b00401000000000039d023cf8764624ea
:10917400039d023cf8764524039d023cfc7644247e
:10918400acf4400f000000000900001000000000d3
:10919400039d023cf8764624039d023cf876452460
:1091a400039d023c00774424acf4400f000000000f
:1091b40085bf023c28b0428c4007427cff0042300d
:1091c4000500401000000000039d023cbc7b4224cb
:1091d4000300001000000000039d023cc47b4224f5
:1091e40025284000039d023cfc7e44247d28410f39
:1091f4000000000085bf023c28b0428c8007427cfe
:10920400ff0042300b00401000000000039d023cb0
:10921400f8764624039d023cf8764524039d023cdf
:10922400fc764424acf4400f000000000900001058
:1092340000000000039d023cf8764624039d023c96
:10924400f8764524039d023c00774424acf4400f97
:109254000000000085bf023c28b0428c8007427c9d
:10926400ff0042300500401000000000039d023c56
:10927400bc7b42240300001000000000039d023c5c
:10928400c47b422425284000039d023c187f4424cb
:109294007d28410f0000000085bf023c28b0428cad
:1092a400c007427cff0042300b0040100000000069
:1092b400039d023cf8764624039d023cf87645243f
:1092c400039d023cfc764424acf4400f00000000f3
:1092d4000900001000000000039d023cf8764624bb
:1092e400039d023cf8764524039d023c0077442408
:1092f400acf4400f0000000085bf023c28b0428c53
:10930400c007427cff00423005004010000000000e
:10931400039d023cbc7b42240300001000000000bb
:10932400039d023cc47b422425284000039d023c4b
:10933400347f44247d28410f0000000085bf023c97
:109344002cb0428c0000427cff0042300b004010e5
:1093540000000000039d023cf8764624039d023c75
:10936400f8764524039d023cfc764424acf4400f7b
:10937400000000000900001000000000039d023cf2
:10938400f8764624039d023cf8764524039d023c6e
:1093940000774424acf4400f0000000085bf023c79
:1093a4002cb0428c0000427cff004230050040108b
:1093b40000000000039d023cbc7b4224030000101b
:1093c40000000000039d023cc47b42242528400089
:1093d400039d023c507f44247d28410f000000007f
:1093e40085bf023c2cb0428c4000427cff004230de
:1093f4000b00401000000000039d023cf876462458
:10940400039d023cf8764524039d023cfc764424eb
:10941400acf4400f00000000090000100000000040
:10942400039d023cf8764624039d023cf8764524cd
:10943400039d023c00774424acf4400f000000007c
:1094440085bf023c2cb0428c4000427cff0042307d
:109454000500401000000000039d023cbc7b422438
:109464000300001000000000039d023cc47b422462
:1094740025284000039d023c6c7f44247d28410f35
:109484000000000085bf023c2cb0428c8000427c6e
:10949400ff0042300b00401000000000039d023c1e
:1094a400f8764624039d023cf8764524039d023c4d
:1094b400fc764424acf4400f0000000009000010c6
:1094c40000000000039d023cf8764624039d023c04
:1094d400f8764524039d023c00774424acf4400f05
:1094e4000000000085bf023c2cb0428c8000427c0e
:1094f400ff0042300500401000000000039d023cc4
:10950400bc7b42240300001000000000039d023cc9
:10951400c47b422425284000039d023c887f4424c8
:109524007d28410f0000000085bf023c2cb0428c16
:10953400c000427cff0042300b00401000000000dd
:10954400039d023cf8764624039d023cf8764524ac
:10955400039d023cfc764424acf4400f0000000060
:109564000900001000000000039d023cf876462428
:10957400039d023cf8764524039d023c0077442475
:10958400acf4400f0000000085bf023c2cb0428cbc
:10959400c000427cff004230050040100000000083
:1095a400039d023cbc7b4224030000100000000029
:1095b400039d023cc47b422425284000039d023cb9
:1095c400a47f44247d28410f0000000085bf023c95
:1095d4002cb0428c0001427cff0042300b00401052
:1095e40000000000039d023cf8764624039d023ce3
:1095f400f8764524039d023cfc764424acf4400fe9
:10960400000000000900001000000000039d023c5f
:10961400f8764624039d023cf8764524039d023cdb
:1096240000774424acf4400f0000000085bf023ce6
:109634002cb0428c0001427cff00423005004010f7
:1096440000000000039d023cbc7b42240300001088
:1096540000000000039d023cc47b422425284000f6
:10966400039d023cc07f44247d28410f000000007c
:1096740085bf023c2cb0428c4001427cff0042304a
:109684000b00401000000000039d023cf8764624c5
:10969400039d023cf8764524039d023cfc76442459
:1096a400acf4400f000000000900001000000000ae
:1096b400039d023cf8764624039d023cf87645243b
:1096c400039d023c00774424acf4400f00000000ea
:1096d40085bf023c2cb0428c4001427cff004230ea
:1096e4000500401000000000039d023cbc7b4224a6
:1096f4000300001000000000039d023cc47b4224d0
:1097040025284000039d023cdc7f44247d28410f32
:109714000000000085bf023c2cb0428c8001427cda
:10972400ff0042300b00401000000000039d023c8b
:10973400f8764624039d023cf8764524039d023cba
:10974400fc764424acf4400f000000000900001033
:1097540000000000039d023cf8764624039d023c71
:10976400f8764524039d023c00774424acf4400f72
:109774000000000085bf023c2cb0428c8001427c7a
:10978400ff0042300500401000000000039d023c31
:10979400bc7b42240300001000000000039d023c37
:1097a400c47b422425284000039d023cf87f4424c6
:1097b4007d28410f0000000085bf023c2cb0428c84
:1097c400c001427cff0042300b004010000000004a
:1097d400039d023cf8764624039d023cf87645241a
:1097e400039d023cfc764424acf4400f00000000ce
:1097f4000900001000000000039d023cf876462496
:10980400039d023cf8764524039d023c00774424e2
:10981400acf4400f0000000085bf023c2cb0428c29
:10982400c001427cff0042300500401000000000ef
:10983400039d023cbc7b4224030000100000000096
:10984400039d023cc47b422425284000049d023c25
:10985400148044247d28410f0000000085bf023c91
:109864002cb0428c0002427cff0042300b004010be
:1098740000000000039d023cf8764624039d023c50
:10988400f8764524039d023cfc764424acf4400f56
:10989400000000000900001000000000039d023ccd
:1098a400f8764624039d023cf8764524039d023c49
:1098b40000774424acf4400f0000000085bf023c54
:1098c4002cb0428c0002427cff0042300500401064
:1098d40000000000039d023cbc7b422403000010f6
:1098e40000000000039d023cc47b42242528400064
:1098f400049d023c308044247d28410f0000000078
:1099040085bf023c2cb0428c4002427cff004230b6
:109914000b00401000000000039d023cf876462432
:10992400039d023cf8764524039d023cfc764424c6
:10993400acf4400f0000000009000010000000001b
:10994400039d023cf8764624039d023cf8764524a8
:10995400039d023c00774424acf4400f0000000057
:1099640085bf023c2cb0428c4002427cff00423056
:109974000500401000000000039d023cbc7b422413
:109984000300001000000000039d023cc47b42243d
:1099940025284000049d023c4c8044247d28410f2e
:1099a4000000000085bf023c2cb0428c8002427c47
:1099b400ff0042300b00401000000000039d023cf9
:1099c400f8764624039d023cf8764524039d023c28
:1099d400fc764424acf4400f0000000009000010a1
:1099e40000000000039d023cf8764624039d023cdf
:1099f400f8764524039d023c00774424acf4400fe0
:109a04000000000085bf023c2cb0428c8002427ce6
:109a1400ff0042300500401000000000039d023c9e
:109a2400bc7b42240300001000000000039d023ca4
:109a3400c47b422425284000049d023c68804424c1
:109a44007d28410f0000000085bf023c2cb0428cf1
:109a5400c002427cff0042300b00401000000000b6
:109a6400039d023cf8764624039d023cf876452487
:109a7400039d023cfc764424acf4400f000000003b
:109a84000900001000000000039d023cf876462403
:109a9400039d023cf8764524039d023c0077442450
:109aa400acf4400f0000000085bf023c2cb0428c97
:109ab400c002427cff00423005004010000000005c
:109ac400039d023cbc7b4224030000100000000004
:109ad400039d023cc47b422425284000049d023c93
:109ae400848044247d28410f0000000085bf023c8f
:109af40028b0428c0000427cff0042300b00401032
:109b040000000000039d023cf8764624039d023cbd
:109b1400f8764524039d023cfc764424acf4400fc3
:109b2400000000000900001000000000039d023c3a
:109b3400f8764624039d023cf8764524039d023cb6
:109b440000774424acf4400f0000000085bf023cc1
:109b540020b0428c0000427cff00423005004010df
:109b640000000000039d023cbc7b42240300001063
:109b740000000000039d023cc47b422425284000d1
:109b8400049d023ca08044247d28410f0000000075
:109b940085bf023c20b0428c4000427cff00423032
:109ba4000b00401000000000039d023cf8764624a0
:109bb400039d023cf8764524039d023cfc76442434
:109bc400acf4400f00000000090000100000000089
:109bd400039d023cf8764624039d023cf876452416
:109be400039d023c00774424acf4400f00000000c5
:109bf40085bf023c20b0428c4000427cff004230d2
:109c04000500401000000000039d023cbc7b422480
:109c14000300001000000000039d023cc47b4224aa
:109c240025284000049d023cc48044247d28410f23
:109c34000000000085bf023c20b0428c8000427cc2
:109c4400ff0042300b00401000000000039d023c66
:109c5400f8764624039d023cf8764524039d023c95
:109c6400fc764424acf4400f00000000090000100e
:109c740000000000039d023cf8764624039d023c4c
:109c8400f8764524039d023c00774424acf4400f4d
:109c94000000000085bf023c20b0428c8000427c62
:109ca400ff0042300500401000000000039d023c0c
:109cb400bc7b42240300001000000000039d023c12
:109cc400c47b422425284000049d023ce8804424af
:109cd4007d28410f0000000085bf023c20b0428c6b
:109ce400c000427cff0042300b0040100000000026
:109cf400039d023cf8764624039d023cf8764524f5
:109d0400039d023cfc764424acf4400f00000000a8
:109d14000900001000000000039d023cf876462470
:109d2400039d023cf8764524039d023c00774424bd
:109d3400acf4400f0000000085bf023c20b0428c10
:109d4400c000427cff0042300500401000000000cb
:109d5400039d023cbc7b4224030000100000000071
:109d6400039d023cc47b422425284000049d023c00
:109d74000c8144247d28410f0000000085bf023c73
:109d840020b0428cc000427cff0042300b004010e7
:109d940000000000039d023cf8764624039d023c2b
:109da400f8764524039d023cfc764424acf4400f31
:109db400000000000900001000000000039d023ca8
:109dc400f8764624039d023cf8764524039d023c24
:109dd40000774424acf4400f0000000085bf023c2f
:109de40020b0428cc000427cff004230050040108d
:109df40000000000039d023cbc7b422403000010d1
:109e040000000000039d023cc47b4224252840003e
:109e1400049d023c0c8144247d28410f0000000075
:109e240085bf023c20b0428c0001427cff004230de
:109e34000b00401000000000039d023cf87646240d
:109e4400039d023cf8764524039d023cfc764424a1
:109e5400acf4400f000000000900001000000000f6
:109e6400039d023cf8764624039d023cf876452483
:109e7400039d023c00774424acf4400f0000000032
:109e840085bf023c20b0428c0001427cff0042307e
:109e94000500401000000000039d023cbc7b4224ee
:109ea4000300001000000000039d023cc47b422418
:109eb40025284000049d023c308144247d28410f24
:109ec4000000000085bf023c20b0428c4001427c6f
:109ed400ff0042300b00401000000000039d023cd4
:109ee400f8764624039d023cf8764524039d023c03
:109ef400fc764424acf4400f00000000090000107c
:109f040000000000039d023cf8764624039d023cb9
:109f1400f8764524039d023c00774424acf4400fba
:109f24000000000085bf023c20b0428c4001427c0e
:109f3400ff0042300500401000000000039d023c79
:109f4400bc7b42240300001000000000039d023c7f
:109f5400c47b422425284000049d023c54814424af
:109f64007d28410f0000000085bf023c20b0428cd8
:109f74008001427cff0042300b00401000000000d2
:109f8400039d023cf8764624039d023cf876452462
:109f9400039d023cfc764424acf4400f0000000016
:109fa4000900001000000000039d023cf8764624de
:109fb400039d023cf8764524039d023c007744242b
:109fc400acf4400f0000000085bf023c20b0428c7e
:109fd4008001427cff004230050040100000000078
:109fe400039d023cbc7b42240300001000000000df
:109ff400039d023cc47b422425284000049d023c6e
:10a00400788144247d28410f0000000085bf023c74
:10a0140020b0428cc001427cff0042300b00401053
:10a0240000000000039d023cf8764624039d023c98
:10a03400f8764524039d023cfc764424acf4400f9e
:10a04400000000000900001000000000039d023c15
:10a05400f8764624039d023cf8764524039d023c91
:10a0640000774424acf4400f0000000085bf023c9c
:10a0740020b0428cc001427cff00423005004010f9
:10a0840000000000039d023cbc7b4224030000103e
:10a0940000000000039d023cc47b422425284000ac
:10a0a400049d023c9c8144247d28410f0000000053
:10a0b40085bf023c20b0428c0002427cff0042304b
:10a0c4000b00401000000000039d023cf87646247b
:10a0d400039d023cf8764524039d023cfc7644240f
:10a0e400acf4400f00000000090000100000000064
:10a0f400039d023cf8764624039d023cf8764524f1
:10a10400039d023c00774424acf4400f000000009f
:10a1140085bf023c20b0428c0002427cff004230ea
:10a124000500401000000000039d023cbc7b42245b
:10a134000300001000000000039d023cc47b422485
:10a1440025284000049d023cc08144247d28410f01
:10a154000000000085bf023c20b0428c4002427cdb
:10a16400ff0042300b00401000000000039d023c41
:10a17400f8764624039d023cf8764524039d023c70
:10a18400fc764424acf4400f0000000009000010e9
:10a1940000000000039d023cf8764624039d023c27
:10a1a400f8764524039d023c00774424acf4400f28
:10a1b4000000000085bf023c20b0428c4002427c7b
:10a1c400ff0042300500401000000000039d023ce7
:10a1d400bc7b42240300001000000000039d023ced
:10a1e400c47b422425284000049d023ce48144248d
:10a1f4007d28410f0000000085bf023c20b0428c46
:10a204008002427cff0042300b004010000000003e
:10a21400039d023cf8764624039d023cf8764524cf
:10a22400039d023cfc764424acf4400f0000000083
:10a234000900001000000000039d023cf87646244b
:10a24400039d023cf8764524039d023c0077442498
:10a25400acf4400f0000000085bf023c20b0428ceb
:10a264008002427cff0042300500401000000000e4
:10a27400039d023cbc7b422403000010000000004c
:10a28400039d023cc47b422425284000049d023cdb
:10a29400088244247d28410f0000000085bf023c51
:10a2a40020b0428cc002427cff0042300b004010c0
:10a2b40000000000039d023cf8764624039d023c06
:10a2c400f8764524039d023cfc764424acf4400f0c
:10a2d400000000000900001000000000039d023c83
:10a2e400f8764624039d023cf8764524039d023cff
:10a2f40000774424acf4400f0000000085bf023c0a
:10a3040020b0428cc002427cff0042300500401065
:10a3140000000000039d023cbc7b422403000010ab
:10a3240000000000039d023cc47b42242528400019
:10a33400049d023c308244247d28410f000000002b
:10a3440085bf023c20b0428c0003427cff004230b7
:10a354000b00401000000000039d023cf8764624e8
:10a36400039d023cf8764524039d023cfc7644247c
:10a37400acf4400f000000000900001000000000d1
:10a38400039d023cf8764624039d023cf87645245e
:10a39400039d023c00774424acf4400f000000000d
:10a3a40085bf023c20b0428c0003427cff00423057
:10a3b4000500401000000000039d023cbc7b4224c9
:10a3c4000300001000000000039d023cc47b4224f3
:10a3d40025284000049d023c588244247d28410fd6
:10a3e4000000000085bf023c20b0428c4003427c48
:10a3f400ff0042300b00401000000000039d023caf
:10a40400f8764624039d023cf8764524039d023cdd
:10a41400fc764424acf4400f000000000900001056
:10a4240000000000039d023cf8764624039d023c94
:10a43400f8764524039d023c00774424acf4400f95
:10a444000000000085bf023c20b0428c4003427ce7
:10a45400ff0042300500401000000000039d023c54
:10a46400bc7b42240300001000000000039d023c5a
:10a47400c47b422425284000049d023c808244245d
:10a484007d28410f0000000085bf023c20b0428cb3
:10a494008003427cff0042300b00401000000000ab
:10a4a400039d023cf8764624039d023cf87645243d
:10a4b400039d023cfc764424acf4400f00000000f1
:10a4c4000900001000000000039d023cf8764624b9
:10a4d400039d023cf8764524039d023c0077442406
:10a4e400acf4400f0000000085bf023c20b0428c59
:10a4f4008003427cff004230050040100000000051
:10a50400039d023cbc7b42240300001000000000b9
:10a51400039d023cc47b422425284000049d023c48
:10a52400a88244247d28410f0000000085bf023c1e
:10a5340020b0428cc003427cff0042300b0040102c
:10a5440000000000039d023cf8764624039d023c73
:10a55400f8764524039d023cfc764424acf4400f79
:10a56400000000000900001000000000039d023cf0
:10a57400f8764624039d023cf8764524039d023c6c
:10a5840000774424acf4400f0000000085bf023c77
:10a5940020b0428cc003427cff00423005004010d2
:10a5a40000000000039d023cbc7b42240300001019
:10a5b40000000000039d023cc47b42242528400087
:10a5c400049d023cd08244247d28410f00000000f9
:10a5d40085bf023c20b0428c0004427cff00423024
:10a5e4000b00401000000000039d023cf876462456
:10a5f400039d023cf8764524039d023cfc764424ea
:10a60400acf4400f0000000009000010000000003e
:10a61400039d023cf8764624039d023cf8764524cb
:10a62400039d023c00774424acf4400f000000007a
:10a6340085bf023c20b0428c0004427cff004230c3
:10a644000500401000000000039d023cbc7b422436
:10a654000300001000000000039d023cc47b422460
:10a6640025284000049d023cf88244247d28410fa3
:10a674000000000085bf023c20b0428c4004427cb4
:10a68400ff0042300b00401000000000039d023c1c
:10a69400f8764624039d023cf8764524039d023c4b
:10a6a400fc764424acf4400f0000000009000010c4
:10a6b40000000000039d023cf8764624039d023c02
:10a6c400f8764524039d023c00774424acf4400f03
:10a6d4000000000085bf023c20b0428c4004427c54
:10a6e400ff0042300500401000000000039d023cc2
:10a6f400bc7b42240300001000000000039d023cc8
:10a70400c47b422425284000049d023c2083442429
:10a714007d28410f0000000085bf023c20b0428c20
:10a724008004427cff0042300b0040100000000017
:10a73400039d023cf8764624039d023cf8764524aa
:10a74400039d023cfc764424acf4400f000000005e
:10a754000900001000000000039d023cf876462426
:10a76400039d023cf8764524039d023c0077442473
:10a77400acf4400f0000000085bf023c20b0428cc6
:10a784008004427cff0042300500401000000000bd
:10a79400039d023cbc7b4224030000100000000027
:10a7a400039d023cc47b422425284000049d023cb6
:10a7b400488344247d28410f0000000085bf023ceb
:10a7c40020b0428cc004427cff0042300b00401099
:10a7d40000000000039d023cf8764624039d023ce1
:10a7e400f8764524039d023cfc764424acf4400fe7
:10a7f400000000000900001000000000039d023c5e
:10a80400f8764624039d023cf8764524039d023cd9
:10a8140000774424acf4400f0000000085bf023ce4
:10a8240020b0428cc004427cff004230050040103e
:10a8340000000000039d023cbc7b42240300001086
:10a8440000000000039d023cc47b422425284000f4
:10a85400049d023c708344247d28410f00000000c5
:10a8640085bf023c20b0428c0005427cff00423090
:10a874000b00401000000000039d023cf8764624c3
:10a88400039d023cf8764524039d023cfc76442457
:10a89400acf4400f000000000900001000000000ac
:10a8a400039d023cf8764624039d023cf876452439
:10a8b400039d023c00774424acf4400f00000000e8
:10a8c40085bf023c20b0428c0005427cff00423030
:10a8d4000500401000000000039d023cbc7b4224a4
:10a8e4000300001000000000039d023cc47b4224ce
:10a8f40025284000049d023c988344247d28410f70
:10a904000000000085bf023c20b0428c4005427c20
:10a91400ff0042300b00401000000000039d023c89
:10a92400f8764624039d023cf8764524039d023cb8
:10a93400fc764424acf4400f000000000900001031
:10a9440000000000039d023cf8764624039d023c6f
:10a95400f8764524039d023c00774424acf4400f70
:10a964000000000085bf023c20b0428c4005427cc0
:10a97400ff0042300500401000000000039d023c2f
:10a98400bc7b42240300001000000000039d023c35
:10a99400c47b422425284000049d023cc0834424f7
:10a9a4007d28410f0000000085bf023c20b0428c8e
:10a9b4008005427cff0042300b0040100000000084
:10a9c400039d023cf8764624039d023cf876452418
:10a9d400039d023cfc764424acf4400f00000000cc
:10a9e4000900001000000000039d023cf876462494
:10a9f400039d023cf8764524039d023c00774424e1
:10aa0400acf4400f0000000085bf023c20b0428c33
:10aa14008005427cff004230050040100000000029
:10aa2400039d023cbc7b4224030000100000000094
:10aa3400039d023cc47b422425284000049d023c23
:10aa4400e88344247d28410f0000000085bf023cb8
:10aa540020b0428cc005427cff0042300b00401005
:10aa640000000000039d023cf8764624039d023c4e
:10aa7400f8764524039d023cfc764424acf4400f54
:10aa8400000000000900001000000000039d023ccb
:10aa9400f8764624039d023cf8764524039d023c47
:10aaa40000774424acf4400f0000000085bf023c52
:10aab40020b0428cc005427cff00423005004010ab
:10aac40000000000039d023cbc7b422403000010f4
:10aad40000000000039d023cc47b42242528400062
:10aae400049d023c108444247d28410f0000000092
:10aaf40085bf023c20b0428c0006427cff004230fd
:10ab04000b00401000000000039d023cf876462430
:10ab1400039d023cf8764524039d023cfc764424c4
:10ab2400acf4400f00000000090000100000000019
:10ab3400039d023cf8764624039d023cf8764524a6
:10ab4400039d023c00774424acf4400f0000000055
:10ab540085bf023c20b0428c0006427cff0042309c
:10ab64000500401000000000039d023cbc7b422411
:10ab74000300001000000000039d023cc47b42243b
:10ab840025284000049d023c388444247d28410f3c
:10ab94000000000085bf023c20b0428c4006427c8d
:10aba400ff0042300b00401000000000039d023cf7
:10abb400f8764624039d023cf8764524039d023c26
:10abc400fc764424acf4400f00000000090000109f
:10abd40000000000039d023cf8764624039d023cdd
:10abe400f8764524039d023c00774424acf4400fde
:10abf4000000000085bf023c20b0428c4006427c2d
:10ac0400ff0042300500401000000000039d023c9c
:10ac1400bc7b42240300001000000000039d023ca2
:10ac2400c47b422425284000049d023c60844424c3
:10ac34007d28410f0000000085bf023c20b0428cfb
:10ac44008006427cff0042300b00401000000000f0
:10ac5400039d023cf8764624039d023cf876452485
:10ac6400039d023cfc764424acf4400f0000000039
:10ac74000900001000000000039d023cf876462401
:10ac8400039d023cf8764524039d023c007744244e
:10ac9400acf4400f0000000085bf023c20b0428ca1
:10aca4008006427cff004230050040100000000096
:10acb400039d023cbc7b4224030000100000000002
:10acc400039d023cc47b422425284000049d023c91
:10acd400888444247d28410f0000000085bf023c85
:10ace40020b0428cc006427cff0042300b00401072
:10acf40000000000039d023cf8764624039d023cbc
:10ad0400f8764524039d023cfc764424acf4400fc1
:10ad1400000000000900001000000000039d023c38
:10ad2400f8764624039d023cf8764524039d023cb4
:10ad340000774424acf4400f0000000085bf023cbf
:10ad440020b0428cc006427cff0042300500401017
:10ad540000000000039d023cbc7b42240300001061
:10ad640000000000039d023cc47b422425284000cf
:10ad7400049d023cb08444247d28410f000000005f
:10ad840085bf023c20b0428c0007427cff00423069
:10ad94000b00401000000000039d023cf87646249e
:10ada400039d023cf8764524039d023cfc76442432
:10adb400acf4400f00000000090000100000000087
:10adc400039d023cf8764624039d023cf876452414
:10add400039d023c00774424acf4400f00000000c3
:10ade40085bf023c20b0428c0007427cff00423009
:10adf4000500401000000000039d023cbc7b42247f
:10ae04000300001000000000039d023cc47b4224a8
:10ae140025284000049d023cd88444247d28410f09
:10ae24000000000085bf023c20b0428c4007427cf9
:10ae3400ff0042300b00401000000000039d023c64
:10ae4400f8764624039d023cf8764524039d023c93
:10ae5400fc764424acf4400f00000000090000100c
:10ae640000000000039d023cf8764624039d023c4a
:10ae7400f8764524039d023c00774424acf4400f4b
:10ae84000000000085bf023c20b0428c4007427c99
:10ae9400ff0042300500401000000000039d023c0a
:10aea400bc7b42240300001000000000039d023c10
:10aeb400c47b422425284000049d023c0085442490
:10aec4007d28410f0000000085bf023c20b0428c69
:10aed4008007427cff0042300b004010000000005d
:10aee400039d023cf8764624039d023cf8764524f3
:10aef400039d023cfc764424acf4400f00000000a7
:10af04000900001000000000039d023cf87646246e
:10af1400039d023cf8764524039d023c00774424bb
:10af2400acf4400f0000000085bf023c20b0428c0e
:10af34008007427cff004230050040100000000002
:10af4400039d023cbc7b422403000010000000006f
:10af5400039d023cc47b422425284000049d023cfe
:10af6400288544247d28410f0000000085bf023c51
:10af740020b0428cc007427cff0042300b004010de
:10af840000000000039d023cf8764624039d023c29
:10af9400f8764524039d023cfc764424acf4400f2f
:10afa400000000000900001000000000039d023ca6
:10afb400f8764624039d023cf8764524039d023c22
:10afc40000774424acf4400f0000000085bf023c2d
:10afd40020b0428cc007427cff0042300500401084
:10afe40000000000039d023cbc7b422403000010cf
:10aff40000000000039d023cc47b4224252840003d
:10b00400049d023c508544247d28410f000000002b
:10b0140085bf023c24b0428c0000427cff004230d9
:10b024000b00401000000000039d023cf87646240b
:10b03400039d023cf8764524039d023cfc7644249f
:10b04400acf4400f000000000900001000000000f4
:10b05400039d023cf8764624039d023cf876452481
:10b06400039d023c00774424acf4400f0000000030
:10b0740085bf023c24b0428c0000427cff00423079
:10b084000500401000000000039d023cbc7b4224ec
:10b094000300001000000000039d023cc47b422416
:10b0a40025284000049d023c788544247d28410fd6
:10b0b4000000000085bf023c24b0428c4000427c6a
:10b0c400ff0042300b00401000000000039d023cd2
:10b0d400f8764624039d023cf8764524039d023c01
:10b0e400fc764424acf4400f00000000090000107a
:10b0f40000000000039d023cf8764624039d023cb8
:10b10400f8764524039d023c00774424acf4400fb8
:10b114000000000085bf023c24b0428c4000427c09
:10b12400ff0042300500401000000000039d023c77
:10b13400bc7b42240300001000000000039d023c7d
:10b14400c47b422425284000049d023ca08544245d
:10b154007d28410f0000000085bf023c24b0428cd2
:10b164008000427cff0042300b00401000000000d1
:10b17400039d023cf8764624039d023cf876452460
:10b18400039d023cfc764424acf4400f0000000014
:10b194000900001000000000039d023cf8764624dc
:10b1a400039d023cf8764524039d023c0077442429
:10b1b400acf4400f0000000085bf023c24b0428c78
:10b1c4008000427cff004230050040100000000077
:10b1d400039d023cbc7b42240300001000000000dd
:10b1e400039d023cc47b422425284000049d023c6c
:10b1f400c88544247d28410f0000000085bf023c1f
:10b2040024b0428cc000427cff0042300b0040104e
:10b2140000000000039d023cf8764624039d023c96
:10b22400f8764524039d023cfc764424acf4400f9c
:10b23400000000000900001000000000039d023c13
:10b24400f8764624039d023cf8764524039d023c8f
:10b2540000774424acf4400f0000000085bf023c9a
:10b2640024b0428cc000427cff00423005004010f4
:10b2740000000000039d023cbc7b4224030000103c
:10b2840000000000039d023cc47b422425284000aa
:10b29400049d023cf08544247d28410f00000000f9
:10b2a40085bf023c24b0428c0001427cff00423046
:10b2b4000b00401000000000039d023cf876462479
:10b2c400039d023cf8764524039d023cfc7644240d
:10b2d400acf4400f00000000090000100000000062
:10b2e400039d023cf8764624039d023cf8764524ef
:10b2f400039d023c00774424acf4400f000000009e
:10b3040085bf023c24b0428c0001427cff004230e5
:10b314000500401000000000039d023cbc7b422459
:10b324000300001000000000039d023cc47b422483
:10b3340025284000049d023c188644247d28410fa2
:10b344000000000085bf023c24b0428c4001427cd6
:10b35400ff0042300b00401000000000039d023c3f
:10b36400f8764624039d023cf8764524039d023c6e
:10b37400fc764424acf4400f0000000009000010e7
:10b3840000000000039d023cf8764624039d023c25
:10b39400f8764524039d023c00774424acf4400f26
:10b3a4000000000085bf023c24b0428c4001427c76
:10b3b400ff0042300500401000000000039d023ce5
:10b3c400bc7b42240300001000000000039d023ceb
:10b3d400c47b422425284000049d023c408644242a
:10b3e4007d28410f0000000085bf023c24b0428c40
:10b3f4008001427cff0042300b004010000000003e
:10b40400039d023cf8764624039d023cf8764524cd
:10b41400039d023cfc764424acf4400f0000000081
:10b424000900001000000000039d023cf876462449
:10b43400039d023cf8764524039d023c0077442496
:10b44400acf4400f0000000085bf023c24b0428ce5
:10b454008001427cff0042300500401000000000e3
:10b46400039d023cbc7b422403000010000000004a
:10b47400039d023cc47b422425284000049d023cd9
:10b48400688644247d28410f0000000085bf023ceb
:10b4940024b0428cc001427cff0042300b004010bb
:10b4a40000000000039d023cf8764624039d023c04
:10b4b400f8764524039d023cfc764424acf4400f0a
:10b4c400000000000900001000000000039d023c81
:10b4d400f8764624039d023cf8764524039d023cfd
:10b4e40000774424acf4400f0000000085bf023c08
:10b4f40024b0428cc001427cff0042300500401061
:10b5040000000000039d023cbc7b422403000010a9
:10b5140000000000039d023cc47b42242528400017
:10b52400049d023c908644247d28410f00000000c5
:10b5340085bf023c24b0428c0002427cff004230b2
:10b544000b00401000000000039d023cf8764624e6
:10b55400039d023cf8764524039d023cfc7644247a
:10b56400acf4400f000000000900001000000000cf
:10b57400039d023cf8764624039d023cf87645245c
:10b58400039d023c00774424acf4400f000000000b
:10b5940085bf023c24b0428c0002427cff00423052
:10b5a4000500401000000000039d023cbc7b4224c7
:10b5b4000300001000000000039d023cc47b4224f1
:10b5c40025284000049d023cb88644247d28410f70
:10b5d4000000000085bf023c24b0428c4002427c43
:10b5e400ff0042300b00401000000000039d023cad
:10b5f400f8764624039d023cf8764524039d023cdc
:10b60400fc764424acf4400f000000000900001054
:10b6140000000000039d023cf8764624039d023c92
:10b62400f8764524039d023c00774424acf4400f93
:10b634000000000085bf023c24b0428c4002427ce2
:10b64400ff0042300500401000000000039d023c52
:10b65400bc7b42240300001000000000039d023c58
:10b66400c47b422425284000049d023ce0864424f7
:10b674007d28410f0000000085bf023c24b0428cad
:10b684008002427cff0042300b00401000000000aa
:10b69400039d023cf8764624039d023cf87645243b
:10b6a400039d023cfc764424acf4400f00000000ef
:10b6b4000900001000000000039d023cf8764624b7
:10b6c400039d023cf8764524039d023c0077442404
:10b6d400acf4400f0000000085bf023c24b0428c53
:10b6e4008002427cff004230050040100000000050
:10b6f400039d023cbc7b42240300001000000000b8
:10b70400039d023cc47b422425284000049d023c46
:10b71400088744247d28410f0000000085bf023cb7
:10b7240024b0428cc002427cff0042300b00401027
:10b7340000000000039d023cf8764624039d023c71
:10b74400f8764524039d023cfc764424acf4400f77
:10b75400000000000900001000000000039d023cee
:10b76400f8764624039d023cf8764524039d023c6a
:10b7740000774424acf4400f0000000085bf023c75
:10b7840024b0428cc002427cff00423005004010cd
:10b7940000000000039d023cbc7b42240300001017
:10b7a40000000000039d023cc47b42242528400085
:10b7b400049d023c308744247d28410f0000000092
:10b7c40001f5400f000000000000000025e8c00360
:10b7d4001400bf8f1000be8f1800bd270800e003bf
:10b7e40000000000e8ffbd271400bfaf1000beaf8b
:10b7f40025f0a003860004241e3a400f0000000038
:10b80400860004242e3a400f0000000081bf033c50
:10b8140000106294c47b027c001062a481bf033ccc
:10b824003010628cc439027c301062ac81bf033c9e
:10b834006010628cc439027c601062ac81bf033c2e
:10b844006010628c020004240408827c601062ace4
:10b8540081bf033c6010628c4429027c601062ac9e
:10b8640081bf023c70104224b5ff0324010043a0b1
:10b8740081bf033c7010628c010004240421827c8b
:10b88400701062ac81bf033c7010628c0100042410
:10b894004429827c701062ac81bf033c6010628cce
:10b8a400c45a027c601062ac81bf023c101140acef
:10b8b40000a0023cc000422400e0437c81bf023c63
:10b8c400901043ac82bf023c2028422400e0437c19
:10b8d40081bf023ca01043ac81bf023c0040032462
:10b8e400b01043ac81bf023c01000324c01043ac40
:10b8f40081bf023c01000324f01043ac81bf023c31
:10b90400841040ac81bf033c8010628cc418027c5c
:10b91400801062ac81bf033c8010628c010004245f
:10b92400c49c827c801062ac81bf033c8010628c1a
:10b934000400027c801062ac81bf033c8010628ce6
:10b94400010004240484827c801062ac010005247c
:10b95400860004249c1d400f000000000300052401
:10b9640086000424f725400f00000000860004240c
:10b974002e3a400f00000000860004240e3a400fc7
:10b984000000000081bf033c001062940100042405
:10b99400c47b827c001062a40000000025e8c00380
:10b9a4001400bf8f1000be8f1800bd270800e003ed
:10b9b40000000000e8ffbd271400bfaf1000beafb9
:10b9c40025f0a003870004241e3a400f0000000065
:10b9d400870004242e3a400f0000000081bf033c7e
:10b9e40000106294c47b027c001062a481bf033cfb
:10b9f4003010628cc439027c301062ac81bf033ccd
:10ba04002011628cc439027c201162ac81bf033cda
:10ba14002011628c030004240408827c201162ac8f
:10ba240081bf033c2011628c4429027c201162ac4a
:10ba340081bf023c30114224abff0324010043a028
:10ba440081bf033c3011628c010004240421827cf8
:10ba5400301162ac81bf033c3011628c01000424bc
:10ba64004429827c301162ac81bf033c2011628c7a
:10ba7400c45a027c201162ac81bf023c0d00032435
:10ba8400d01143ac82bf023c3026422400e0437c08
:10ba940081bf023c501143ac01a0023c90234224dc
:10baa40000e0437c81bf023c601143ac81bf023c97
:10bab40001000324701143ac81bf023c0010032435
:10bac400801143ac81bf023c01000324b01143ac9c
:10bad40081bf023c441140ac81bf033c4011628ce5
:10bae400c418027c401162ac81bf033c4011628cdb
:10baf40001000424c49c827c401162ac81bf033cdd
:10bb04004011628c0400027c401162ac81bf033c92
:10bb14004011628c010004240484827c401162acd4
:10bb240002000524870004249c1d400f000000002f
:10bb34000300052487000424f725400f00000000bb
:10bb4400870004242e3a400f0000000087000424dc
:10bb54000e3a400f0000000081bf033c2011628cac
:10bb640001000424c439827c201162ac81bf033cef
:10bb74002011628c010004240421827c201162ac17
:10bb840081bf033c0010629401000424c47b827cc6
:10bb9400001062a40000000025e8c0031400bf8f59
:10bba4001000be8f1800bd270800e003000000004d
:10bbb400e8ffbd271400bfaf1000beaf25f0a003ff
:10bbc400b50004241e3a400f00000000b300042412
:10bbd4001e3a400f0000000082bf033c0028628c24
:10bbe400c47b027c002862ac82bf033c0028628cc8
:10bbf4000463027c002862ac82bf033c0028628c90
:10bc0400044a027c002862ac82bf033c0028628c98
:10bc14008431027c002862ac82bf033c0028628c21
:10bc24004429027c002862ac82bf033c0028628c59
:10bc3400c418027c002862ac82bf033c0028628cda
:10bc44004410027c002862ac82bf033c0028628c52
:10bc54000400027c002862ac82bf033c1028628c82
:10bc640001000424847b827c102862ac82bf033ce4
:10bc74001028628c446b027c102862ac82bf033ca7
:10bc84001028628cc45a027c102862ac82bf023c29
:10bc940023000324402843ac01000524b3000424fa
:10bca4009c1d400f0000000001000524b300042483
:10bcb400f725400f00000000b30004242e3a400f83
:10bcc40000000000b50004242e3a400f00000000dc
:10bcd40082bf033c0028628c01000424c47b827c64
:10bce400002862ac82bf033c1028628c010004244b
:10bcf4008452827c102862acb30004240e3a400fb4
:10bd0400000000000000000025e8c0031400bf8ffd
:10bd14001000be8f1800bd270800e00300000000db
:10bd2400e8ffbd271400bfaf1000beaf25f0a0038d
:10bd3400ab0004241e3a400f00000000aa000424b3
:10bd44001e3a400f0000000082bf033c0026628cb4
:10bd5400c47b027c002662ac82bf033c0026628c5a
:10bd64000463027c002662ac82bf033c0026628c22
:10bd7400044a027c002662ac82bf033c0026628c2b
:10bd84008431027c002662ac82bf033c0026628cb4
:10bd94004429027c002662ac82bf033c0026628cec
:10bda4000421027c002662ac82bf033c0026628c24
:10bdb400c418027c002662ac82bf033c0026628c5d
:10bdc4004410027c002662ac82bf033c0026628cd5
:10bdd4000400027c002662ac82bf033c1026628c05
:10bde4004429027c102662ac82bf033c1026628c7c
:10bdf4008439027c102662ac82bf023c23000324f7
:10be0400402643ac01000524aa0004249c1d400fd5
:10be14000000000001000524aa000424f725400fb7
:10be240000000000aa0004242e3a400f0000000085
:10be340082bf033c1026628c8410027c102662ac04
:10be440082bf033c1026628cc418027c102662acac
:10be540082bf033c1026628c4408027c102662ac2c
:10be640082bf033c0026628c01000424c47b827cd4
:10be7400002662ac82bf033c1026628c01000424bd
:10be84000463827c102662acaa0004240e3a400f9c
:10be9400000000000000000025e8c0031400bf8f6c
:10bea4001000be8f1800bd270800e003000000004a
:10beb400e0ffbd271c00bfaf1800beaf25f0a003f4
:10bec400ed6e400f00000000496f400f00000000bd
:10bed400fa6d400f000000006e6e400f000000007d
:10bee400009d023c780342241000c2af08000010f9
:10bef400000000001000c28f0000428c09f84000ce
:10bf0400000000001000c28f040042241000c2afe1
:10bf14001000c38f009d023cb80342242b10620022
:10bf2400f4ff40140000000082bf023c0028428c51
:10bf3400c003427cff0042301200401000000000a9
:10bf440082bf023c0026428cc003427cff00423088
:10bf54000c004010000000005c80828f090040103b
:10bf6400000000005c80828f2402428c0c00428c12
:10bf74000400401000000000010002240200001030
:10bf8400000000002510000001004230ff00423094
:10bf940025e8c0031c00bf8f1800be8f2000bd27fa
:10bfa4000800e0030000000000e85d4100701a4052
:10bfb40000601b40c0ffbd273c00baaf02601a40be
:10bfc4003800bbaf3400baaf44781b7c00047b3725
:10bfd40000609b40121000002c00a2af101800005b
:10bfe4002800a3af121020002400a2af10182000d4
:10bff4002000a3af121040001c00a2af1018400094
:10c004001800a3af121060001400a2af1018600053
:10c014001000a3afb81c3f7c3000a3af25f0a003f1
:10c0240001a0023c3c44422401000324010043a03b
:10c0340082bf023c1028428c8000427cff004230c8
:10c04400050040100000000001a0023c3c444224d2
:10c0540001000324020043a082bf023c1028428c4a
:10c064004000427cff004230050040100000000008
:10c0740001a0023c3c44422401000324040043a0e8
:10c0840082bf023c1028428cc000427cff00423038
:10c09400050040100000000001a0023c3c44422482
:10c0a40001000324030043a082bf033c1028628cd8
:10c0b400c418027c102862ac82bf033c1028628c36
:10c0c4008410027c102862ac82bf033c1028628c6e
:10c0d4004408027c102862acb30004242e3a400fba
:10c0e400000000000000000025e8c0033000a38f1a
:10c0f400f8fc617c2c00a28f130040002800a38f61
:10c10400110060002400a58f1308a0002000a58f53
:10c114001108a0001c00a58f1310a0001800a58f03
:10c124001110a0001400a58f1318a0001000a58ff3
:10c134001118a00000606041c00000003400bb8ff3
:10c144003c00ba8f02609b403800bb8f00709a405d
:10c154004000bd2700e8dd4100609b40180000421c
:10c1640000e85d4100701a4000601b40c0ffbd271d
:10c174003c00baaf02601a403800bbaf3400baaf1b
:10c1840044781b7c00047b3700609b401210000045
:10c194002c00a2af101800002800a3af121020003a
:10c1a4002400a2af101820002000a3af12104000fa
:10c1b4001c00a2af101840001800a3af12106000ba
:10c1c4001400a2af101860001000a3afb81c3f7c8d
:10c1d4003000a3af25f0a00301a0023c3c4442245c
:10c1e40001000324010043a082bf023c1026428cbc
:10c1f4008000427cff004230050040100000000037
:10c2040001a0023c3c44422401000324020043a058
:10c2140082bf023c1026428c4000427cff00423028
:10c22400050040100000000001a0023c3c444224f0
:10c2340001000324040043a082bf023c1026428c68
:10c24400c000427cff0042300500401000000000a6
:10c2540001a0023c3c44422401000324030043a007
:10c2640082bf033c1026628cc418027c102662ac88
:10c2740082bf033c1026628c8410027c102662acc0
:10c2840082bf033c1026628c4408027c102662acf8
:10c29400aa0004242e3a400f000000000000000011
:10c2a40025e8c0033000a38ff8fc617c2c00a28f2a
:10c2b400130040002800a38f110060002400a58f04
:10c2c4001308a0002000a58f1108a0001c00a58f52
:10c2d4001310a0001800a58f1110a0001400a58f42
:10c2e4001318a0001000a58f1118a0000060604171
:10c2f400c00000003400bb8f3c00ba8f02609b403a
:10c304003800bb8f00709a404000bd2700e8dd4133
:10c3140000609b401800004200e85d4100701a4034
:10c3240000601b40c0ffbd273c00baaf02601a404a
:10c334003800bbaf3400baaf44781b7c00047b37b1
:10c3440000609b40121000002c00a2af10180000e7
:10c354002800a3af121020002400a2af1018200060
:10c364002000a3af121040001c00a2af1018400020
:10c374001800a3af121060001400a2af10186000e0
:10c384001000a3afb81c3f7c3000a3af25f0a0037e
:10c3940081bf023c8010428cc000427cff004230ce
:10c3a4000c004010000000005880828f01004224dd
:10c3b400253040002528000000a0023cc000442491
:10c3c400a029410f00000000588080af1800001021
:10c3d4000000000081bf023c8010428c0000427cbf
:10c3e400ff004230120040100000000001a0023c97
:10c3f4003c44422401000324050043a05880828f5a
:10c4040001004224253040002528000000a0023c01
:10c41400c0004424a029410f00000000588080afd0
:10c4240081bf033c6010628cc439027c601062ac32
:10c4340081bf023cff000324841043ac8600042423
:10c444002e3a400f000000000000000025e8c00361
:10c454003000a38ff8fc617c2c00a28f13004000f5
:10c464002800a38f110060002400a58f1308a000ea
:10c474002000a58f1108a0001c00a58f1310a00098
:10c484001800a58f1110a0001400a58f1318a00088
:10c494001000a58f1118a00000606041c0000000ca
:10c4a4003400bb8f3c00ba8f02609b403800bb8fc6
:10c4b40000709a404000bd2700e8dd4100609b40c9
:10c4c4001800004200e85d4100701a4000601b4003
:10c4d400c0ffbd273c00baaf02601a403800bbafb2
:10c4e4003400baaf44781b7c00087b3700609b4063
:10c4f400121000002c00a2af101800002800a3aff7
:10c50400121020002400a2af101820002000a3afb6
:10c51400121040001c00a2af101840001800a3af76
:10c52400121060001400a2af101860001000a3af36
:10c53400b81c3f7c3000a3af25f0a00381bf023cb0
:10c544004011428cc000427cff0042300900401080
:10c5540000000000870004242e3a400f0000000071
:10c5640001a0023c01000324b54343a00b000010ca
:10c574000000000081bf023c4011428c0000427c5c
:10c58400ff004230050040100000000001a0023c02
:10c594003c44422401000324060043a081bf023c22
:10c5a400ff000324441143ac870004242e3a400fb7
:10c5b400000000000000000025e8c0033000a38f45
:10c5c400f8fc617c2c00a28f130040002800a38f8c
:10c5d400110060002400a58f1308a0002000a58f7f
:10c5e4001108a0001c00a58f1310a0001800a58f2f
:10c5f4001110a0001400a58f1318a0001000a58f1f
:10c604001118a00000606041c00000003400bb8f1e
:10c614003c00ba8f02609b403800bb8f00709a4088
:10c624004000bd2700e8dd4100609b401800004247
:10c63400e8ffbd271400bfaf1000beaf25f0a00374
:10c64400251080001800c2a3860004241e3a400f5f
:10c65400000000005880828fff3f422c0a004014e3
:10c664000000000001a0023c3c44422401000324d9
:10c67400050043a0860004240e3a400f0000000089
:10c6840021000010000000005880838f00a0023cad
:10c69400c0004224211062001800c393000043a08c
:10c6a4005880828f01004224588082af860004247f
:10c6b4000e3a400f0000000082bf023c1028428c5a
:10c6c4004002427cff0042300500401000000000a0
:10c6d4005880838f010002240b00621400000000c4
:10c6e40081bf033c6010628c01000424c439827c45
:10c6f400601062ac81bf033c7010628c01000424a2
:10c70400c439827c701062ac25e8c0031400bf8f6a
:10c714001000be8f1800bd270800e00300000000d1
:10c7240080ffbd277c00bfaf7800beaf7400b0af00
:10c7340025f0a0038000c4af8400c5af8800c6af55
:10c744008000c48f1b29410f000000004400c2afc9
:10c754001000c0af5c80828f000240100000000017
:10c764008000c28f2400c2afedfe023cefbe423413
:10c774001400c2af379e023cb97942341c00c2afe8
:10c784001c00c28f1800c2af4400c28f2000c2af89
:10c79400bd000010000000002400c28f0000429081
:10c7a400251840002400c28f01004224000042905a
:10c7b40000120200211862002400c28f02004224e9
:10c7c4000000429000140200211862002400c28f6d
:10c7d400030042240000429000160200211062006f
:10c7e4001800c38f211062001800c2af2400c28f4a
:10c7f4000400422400004290251840002400c28f07
:10c804000500422400004290001202002118620038
:10c814002400c28f0600422400004290001402004b
:10c82400211862002400c28f0700422400004290b5
:10c8340000160200211062001c00c38f2110620048
:10c844001c00c2af2400c28f0800422400004290a2
:10c85400251840002400c28f0900422400004290a1
:10c8640000120200211862002400c28f0a00422430
:10c874000000429000140200211862002400c28fbc
:10c884000b004224000042900016020021106200b6
:10c894001400c38f211062001400c2af1800c38fac
:10c8a4001c00c28f231062001800c2af1800c38f8f
:10c8b4001400c28f231062001800c2af1400c28f8c
:10c8c400421302001800c38f261062001800c2af82
:10c8d4001c00c38f1400c28f231062001c00c2af5f
:10c8e4001c00c38f1800c28f231062001c00c2af4b
:10c8f4001800c28f001202001c00c38f26106200b1
:10c904001c00c2af1400c38f1800c28f2310620032
:10c914001400c2af1400c38f1c00c28f2310620026
:10c924001400c2af1c00c28f421302001400c38f54
:10c93400261062001400c2af1800c38f1c00c28fff
:10c94400231062001800c2af1800c38f1400c28ff6
:10c95400231062001800c2af1400c28f0213020039
:10c964001800c38f261062001800c2af1c00c38fca
:10c974001400c28f231062001c00c2af1c00c38fbe
:10c984001800c28f231062001c00c2af1800c28faf
:10c99400001402001c00c38f261062001c00c2afea
:10c9a4001400c38f1800c28f231062001400c2af9a
:10c9b4001400c38f1c00c28f231062001400c2af86
:10c9c4001c00c28f421102001400c38f26106200a3
:10c9d4001400c2af1800c38f1c00c28f2310620062
:10c9e4001800c2af1800c38f1400c28f2310620056
:10c9f4001800c2af1400c28fc21002001800c38f07
:10ca0400261062001800c2af1c00c38f1400c28f2e
:10ca1400231062001c00c2af1c00c38f1800c28f19
:10ca2400231062001c00c2af1800c28f80120200e3
:10ca34001c00c38f261062001c00c2af1400c38ff9
:10ca44001800c28f231062001400c2af1400c38ff9
:10ca54001c00c28f231062001400c2af1c00c28fde
:10ca6400c21302001400c38f261062001400c2af68
:10ca74002400c28f0c0042242400c2af2000c28fc5
:10ca8400f4ff42242000c2af2000c28f0c00422ccd
:10ca940041ff4010000000001400c38f4400c28f07
:10caa400211062001400c2af2000c28f0c00422c7f
:10cab40061004010000000002000c28f80180200b6
:10cac400029d023cdcca4224211062000000428c18
:10cad40008004000000000003ccc019d24cc019dd6
:10cae40008cc019deccb019dd0cb019db4cb019d25
:10caf40098cb019d7ccb019d60cb019d44cb019dd6
:10cb040028cb019d0ccb019d2400c28f0a00422436
:10cb140000004290001602001400c38f211062002e
:10cb24001400c2af2400c28f0900422400004290c6
:10cb3400001402001400c38f211062001400c2af5d
:10cb44002400c28f08004224000042900012020018
:10cb54001400c38f211062001400c2af2400c28fde
:10cb64000700422400004290001602001c00c38ffc
:10cb7400211062001c00c2af2400c28f06004224b0
:10cb840000004290001402001c00c38f21106200b8
:10cb94001c00c2af2400c28f050042240000429052
:10cba400001202001c00c38f211062001c00c2afdf
:10cbb4002400c28f04004224000042902518400043
:10cbc4001c00c28f211043001c00c2af2400c28f7e
:10cbd4000300422400004290001602001800c38f94
:10cbe400211062001800c2af2400c28f0200422448
:10cbf40000004290001402001800c38f211062004c
:10cc04001800c2af2400c28f0100422400004290e9
:10cc1400001202001800c38f211062001800c2af76
:10cc24002400c28f00004290251840001800c28fd3
:10cc3400211043001800c2af1800c38f1c00c28f1c
:10cc4400231062001800c2af1800c38f1400c28ff3
:10cc5400231062001800c2af1400c28f42130200f6
:10cc64001800c38f261062001800c2af1c00c38fc7
:10cc74001400c28f231062001c00c2af1c00c38fbb
:10cc84001800c28f231062001c00c2af1800c28fac
:10cc9400001202001c00c38f261062001c00c2afe9
:10cca4001400c38f1800c28f231062001400c2af97
:10ccb4001400c38f1c00c28f231062001400c2af83
:10ccc4001c00c28f421302001400c38f261062009e
:10ccd4001400c2af1800c38f1c00c28f231062005f
:10cce4001800c2af1800c38f1400c28f2310620053
:10ccf4001800c2af1400c28f021302001800c38fc1
:10cd0400261062001800c2af1c00c38f1400c28f2b
:10cd1400231062001c00c2af1c00c38f1800c28f16
:10cd2400231062001c00c2af1800c28f001402005e
:10cd34001c00c38f261062001c00c2af1400c38ff6
:10cd44001800c28f231062001400c2af1400c38ff6
:10cd54001c00c28f231062001400c2af1c00c28fdb
:10cd6400421102001400c38f261062001400c2afe7
:10cd74001800c38f1c00c28f231062001800c2afba
:10cd84001800c38f1400c28f231062001800c2afb2
:10cd94001400c28fc21002001800c38f2610620054
:10cda4001800c2af1c00c38f1400c28f231062008e
:10cdb4001c00c2af1c00c38f1800c28f2310620076
:10cdc4001c00c2af1800c28f801202001c00c38f67
:10cdd400261062001c00c2af1400c38f1800c28f5b
:10cde400231062001400c2af1400c38f1c00c28f52
:10cdf400231062001400c2af1c00c28fc2130200d1
:10ce04001400c38f261062001400c2af1000c0af1c
:10ce14005c80828f51004010000000005c80828f93
:10ce24002402428c0400428cffff42241400c38f6e
:10ce3400241062004800c2af5c80828f2402428cbe
:10ce44000000448c4800c38f25106000401002008d
:10ce54002110430080100200211082000000428c47
:10ce640013004010000000005c80828f2402428c7a
:10ce74000000448c4800c38f25106000401002005d
:10ce84002110430080100200211082000000438c16
:10ce94005c80828f2402428c1400428c2310020096
:10cea400211062001000c2af260000100000000034
:10ceb4001000c0af23000010000000001000c28f5b
:10cec4004002428c1400c38f0f0062140000000063
:10ced4001000c28f3c02428c4400c38f0a006214cb
:10cee400000000001000c28f3802428c4400c68f3c
:10cef4008000c58f25204000d728410f0000000086
:10cf040015004010000000001000c28f3402428c53
:10cf14000b004010000000001000c28f3402438c4c
:10cf24005c80828f2402428c1400428c2310020005
:10cf3400211062001000c2af0200001000000000c7
:10cf44001000c0af1000c28fdcff401400000000ce
:10cf54000200001000000000000000001000c28f5a
:10cf6400480340140000000044020424ad22410f91
:10cf7400000000004c00c2af4c00c28f8000c58f7f
:10cf840025204000aa29410f000000004c00c28f58
:10cf9400200042248400c58f25204000aa29410f87
:10cfa400000000004c00c28f8800c38f200243acf5
:10cfb4004c00c28f252040001b29410f00000000b7
:10cfc4005000c2af4c00c28f3800c2afedfe023c2d
:10cfd400efbe42342800c2af379e023cb9794234d6
:10cfe4003000c2af3000c28f2c00c2af5000c28fdd
:10cff4003400c2afbd000010000000003800c28f32
:10d0040000004290251840003800c28f01004224dd
:10d014000000429000120200211862003800c28f02
:10d024000200422400004290001402002118620011
:10d034003800c28f03004224000042900016020010
:10d04400211062002c00c38f211062002c00c2af9b
:10d054003800c28f0400422400004290251840008a
:10d064003800c28f050042240000429000120200e2
:10d07400211862003800c28f06004224000042904a
:10d0840000140200211862003800c28f07004224f5
:10d094000000429000160200211062003000c38f8d
:10d0a400211062003000c2af3800c28f0800422451
:10d0b40000004290251840003800c28f0900422425
:10d0c4000000429000120200211862003800c28f52
:10d0d4000a00422400004290001402002118620059
:10d0e4003800c28f0b004224000042900016020058
:10d0f400211062002800c38f211062002800c2aff3
:10d104002c00c38f3000c28f231062002c00c2afea
:10d114002c00c38f2800c28f231062002c00c2afe2
:10d124002800c28f421302002c00c38f2610620015
:10d134002c00c2af3000c38f2800c28f23106200be
:10d144003000c2af3000c38f2c00c28f23106200a6
:10d154003000c2af2c00c28f001202003000c38f17
:10d16400261062003000c2af2800c38f2c00c28f8b
:10d17400231062002800c2af2800c38f3000c28f82
:10d18400231062002800c2af3000c28f4213020095
:10d194002800c38f261062002800c2af2c00c38f62
:10d1a4003000c28f231062002c00c2af2c00c38f4a
:10d1b4002800c28f231062002c00c2af2800c28f47
:10d1c400021302002c00c38f261062002c00c2af91
:10d1d4003000c38f2800c28f231062003000c2af1a
:10d1e4003000c38f2c00c28f231062003000c2af06
:10d1f4002c00c28f001402003000c38f261062007e
:10d204003000c2af2800c38f2c00c28f23106200ed
:10d214002800c2af2800c38f3000c28f23106200e1
:10d224002800c2af3000c28f421102002800c38f11
:10d23400261062002800c2af2c00c38f3000c28fba
:10d24400231062002c00c2af2c00c38f2800c28fb1
:10d25400231062002c00c2af2800c28fc21002004b
:10d264002c00c38f261062002c00c2af3000c38f85
:10d274002800c28f231062003000c2af3000c38f79
:10d284002c00c28f231062003000c2af2c00c28f6a
:10d29400801202003000c38f261062003000c2af3b
:10d2a4002800c38f2c00c28f231062002800c2af55
:10d2b4002800c38f3000c28f231062002800c2af41
:10d2c4003000c28fc21302002800c38f26106200f0
:10d2d4002800c2af3800c28f0c0042243800c2af0d
:10d2e4003400c28ff4ff42243400c2af3400c28f32
:10d2f4000c00422c41ff4010000000002800c38fa6
:10d304005000c28f211062002800c2af3400c28fc7
:10d314000c00422c61004010000000003400c28f59
:10d3240080180200029d023c40d342242110620076
:10d334000000428c0800400000000000a0d4019dc1
:10d3440088d4019d6cd4019d50d4019d34d4019d99
:10d3540018d4019dfcd3019de0d3019dc4d3019d4c
:10d36400a8d3019d8cd3019d70d3019d3800c28f39
:10d374000a00422400004290001602002800c38fd5
:10d38400211062002800c2af3800c28f0900422475
:10d3940000004290001402002800c38f2110620094
:10d3a4002800c2af3800c28f080042240000429017
:10d3b400001202002800c38f211062002800c2afaf
:10d3c4003800c28f07004224000042900016020079
:10d3d4003000c38f211062003000c2af3800c28f0a
:10d3e4000600422400004290001402003000c38f63
:10d3f400211062003000c2af3800c28f0500422401
:10d4040000004290001202003000c38f211062001d
:10d414003000c2af3800c28f0400422400004290a2
:10d42400251840003000c28f211043003000c2afe5
:10d434003800c28f0300422400004290001602000c
:10d444002c00c38f211062002c00c2af3800c28fa1
:10d454000200422400004290001402002c00c38ffa
:10d46400211062002c00c2af3800c28f0100422498
:10d4740000004290001202002c00c38f21106200b1
:10d484002c00c2af3800c28f000042902518400023
:10d494002c00c28f211043002c00c2af2c00c38f7c
:10d4a4003000c28f231062002c00c2af2c00c38f47
:10d4b4002800c28f231062002c00c2af2800c28f44
:10d4c400421302002c00c38f261062002c00c2af4e
:10d4d4003000c38f2800c28f231062003000c2af17
:10d4e4003000c38f2c00c28f231062003000c2af03
:10d4f4002c00c28f001202003000c38f261062007d
:10d504003000c2af2800c38f2c00c28f23106200ea
:10d514002800c2af2800c38f3000c28f23106200de
:10d524002800c2af3000c28f421302002800c38f0c
:10d53400261062002800c2af2c00c38f3000c28fb7
:10d54400231062002c00c2af2c00c38f2800c28fae
:10d55400231062002c00c2af2800c28f0213020005
:10d564002c00c38f261062002c00c2af3000c38f82
:10d574002800c28f231062003000c2af3000c38f76
:10d584002c00c28f231062003000c2af2c00c28f67
:10d59400001402003000c38f261062003000c2afb6
:10d5a4002800c38f2c00c28f231062002800c2af52
:10d5b4002800c38f3000c28f231062002800c2af3e
:10d5c4003000c28f421102002800c38f261062006f
:10d5d4002800c2af2c00c38f3000c28f231062001a
:10d5e4002c00c2af2c00c38f2800c28f231062000e
:10d5f4002c00c2af2800c28fc21002002c00c38fbf
:10d60400261062002c00c2af3000c38f2800c28fe6
:10d61400231062003000c2af3000c38f2c00c28fd1
:10d62400231062003000c2af2c00c28f80120200af
:10d634003000c38f261062003000c2af2800c38fb1
:10d644002c00c28f231062002800c2af2800c38fb1
:10d654003000c28f231062002800c2af3000c28f96
:10d66400c21302002800c38f261062002800c2af34
:10d674004c00c28f2800c38f400243ac4c00c38fc0
:10d684004c00c28f380243ac4c00c28f5000c38f91
:10d694003c0243ac5c80828f4900401400000000cf
:10d6a4004c00c28f2c0240ac4c00c28f280240ac0c
:10d6b4002c000424ad22410f000000002518400076
:10d6c4004c00c28f240243ac4c00c28f2402428c13
:10d6d4000400401400000000ffff04243d29410f12
:10d6e400000000004c00c28f2402428c2c0006244f
:10d6f4002528000025204000a029410f000000003b
:10d704004c00c28f2402428c4c00c38f2402632439
:10d71400100043ac4c00c28f2402428c200003242e
:10d72400040043ac4c00c28f2402428c0500032445
:10d73400080043ac4c00c28f2402428c2402032410
:10d74400140043ac4c00c28f2402508c800104248a
:10d75400ad22410f00000000000002ae4c00c28f59
:10d764002402428c11a0033ce11f6334280043ac23
:10d774004c00c28f2402428c0000428c04004014ee
:10d7840000000000ffff04243d29410f00000000b9
:10d794004c00c28f2402428c0000428c800106247b
:10d7a4002528000025204000a029410f000000008a
:10d7b4004c00c28f5c8082af1b0000100000000090
:10d7c4005c80828f2402438c4c00c28f240243acc1
:10d7d4004c00c28f2c0240ac5c80828f2402428cad
:10d7e4001000438c5c80828f2402428c1400428c93
:10d7f40023100200211862004c00c28f280243ac9f
:10d804005c80828f2402428c1000428c4c00c38fb7
:10d81400080043ac5c80828f2402428c4c00c38f8e
:10d8240024026324100043ac5c80828f2402428c67
:10d834000c00438c010063240c0043ac5c80828f99
:10d844002402428c0400428cffff42242800c38f30
:10d85400241062005400c2af5c80828f2402428c88
:10d864000000448c5400c38f251060004010020057
:10d874002110430080100200211082005800c2af22
:10d884005800c28f0400428c010043245800c28f08
:10d89400040043ac5800c28f0000438c4c00c28f7c
:10d8a400340243ac4c00c28f300240ac5800c28feb
:10d8b4000000428c06004010000000005800c28f97
:10d8c4000000428c4c00c38f240263240c0043ac40
:10d8d4004c00c28f240243245800c28f000043ac82
:10d8e4005800c28f0400448c5800c28f0800428c38
:10d8f4000100432425106000801002002110430021
:10d90400401002002b108200df00401400000000d1
:10d914004c00c28f2402428c2400428cda00401452
:10d92400000000004c00c28f2402428c0400438c8f
:10d93400251060004010020021104300c0100200b6
:10d9440025204000ad22410f000000005c00c2af62
:10d954005c00c28f0400401400000000ffff042498
:10d964003d29410f000000004c00c28f2402428c6c
:10d974000400438c25106000401002002110430075
:10d98400c010020025304000252800005c00c48f30
:10d99400a029410f000000004c00c28f2402428cd9
:10d9a4000c00438c4c00c28f2402428c0800428c31
:10d9b40001004224062043004c00c28f2402428c02
:10d9c4000c00438c4c00c28f2402428c0400428c15
:10d9d40040100200ffff42242410620004004010a3
:10d9e40000000000010002240200001000000000fa
:10d9f400251000004c00c38f2402638c21104400c6
:10da0400180062ac4c00c28f2402428c1c0040ac53
:10da14003c00c0af5e000010000000004c00c28f4c
:10da24002402428c0000448c3c00c38f251060000b
:10da340040100200211043008010020021108200d7
:10da44000000428c4000c2af4b00001000000000f8
:10da54004000c28f1000428c6000c2af4000c28ff1
:10da64001c00438c4c00c28f2402428c0400428c64
:10da740040100200ffff4224241062006400c2af81
:10da84006400c38f25106000401002002110430081
:10da940080100200251840005c00c28f2110430052
:10daa4006800c2af6800c28f0400428c01004324a6
:10dab4006800c28f040043ac6800c28f0400438c2a
:10dac4004c00c28f2402428c1800428c2b1043005d
:10dad40016004010000000004c00c28f2402428c4b
:10dae4001c00438c010063241c0043ac6800c28ffb
:10daf4000400438c6800c28f0800448c4c00c28f21
:10db04002402428c1800428c021082702b104300b5
:10db140006004010000000006800c28f0800428c1c
:10db2400010043246800c28f080043ac4000c28f48
:10db34000c0040ac6800c28f0000438c4000c28fd0
:10db4400100043ac6800c28f0000428c05004010f6
:10db5400000000006800c28f0000428c4000c38fa8
:10db64000c0043ac6800c28f4000c38f000043ac7c
:10db74006000c28f4000c2af4000c28fb4ff4014a7
:10db8400000000003c00c28f010042243c00c2aff0
:10db94004c00c28f2402428c0400428c3c00c38f90
:10dba4002b1062009dff4014000000004c00c28f47
:10dbb4002402428c0000428c252040004400400f87
:10dbc400000000004c00c28f2402428c0400438ced
:10dbd4004c00c28f2402428c40180300040043ac62
:10dbe4004c00c28f2402428c0800438c0100632441
:10dbf400080043ac4c00c28f2402428c5c00c38feb
:10dc0400000043ac4c00c28f2402428c1c00438ca5
:10dc14004c00c28f2402428c0c00428c4210020041
:10dc24002b10430007004010000000004c00c28f7e
:10dc34002402428c2000428c010042240200001085
:10dc440000000000251000004c00c38f2402638ce8
:10dc5400200062ac4c00c28f2402428c2000428c13
:10dc64000200422c08004014000000004c00c28f47
:10dc74002402428c01000324240043ac020000105f
:10dc8400000000000000000025e8c0037c00bf8ff6
:10dc94007800be8f7400b08f8000bd270800e003b9
:10dca40000000000b0ffbd274c00bfaf4800beaf6e
:10dcb40025f0a0035000c4af01a0023cb54340a02e
:10dcc400049d023ce04e45245000c48f8423410f40
:10dcd40000000000049d023ce44e45245000c48f23
:10dce4008423410f000000001000c0a35000c48f23
:10dcf4001b29410f000000003000c2af6800023c45
:10dd0400202d42344000c2af4000c22725204000ed
:10dd14001b29410f000000003400c2af3000c38f44
:10dd24003400c28f2b106200150040140000000064
:10dd34003000c38f3400c28f231062005000c38fa1
:10dd4400211062004000c3272528600025204000e0
:10dd54003229410f000000000900401400000000b7
:10dd64003000c38f3400c28f231062005000c38f71
:10dd740021106200000040a0010002241000c2a390
:10dd84005000c48f1b29410f000000003800c2afaf
:10dd94001400c0af5c80828f0002401000000000bd
:10dda4005000c28f2800c2afedfe023cefbe4234e9
:10ddb4001800c2af379e023cb97942342000c2af8a
:10ddc4002000c28f1c00c2af3800c28f2400c2af33
:10ddd400bd000010000000002800c28f0000429027
:10dde400251840002800c28f010042240000429000
:10ddf40000120200211862002800c28f020042248f
:10de04000000429000140200211862002800c28f12
:10de14000300422400004290001602002110620018
:10de24001c00c38f211062001c00c2af2800c28fe7
:10de34000400422400004290251840002800c28fac
:10de440005004224000042900012020021186200e2
:10de54002800c28f060042240000429000140200f1
:10de6400211862002800c28f07004224000042905b
:10de740000160200211062002000c38f21106200ee
:10de84002000c2af2800c28f080042240000429044
:10de9400251840002800c28f090042240000429047
:10dea40000120200211862002800c28f0a004224d6
:10deb4000000429000140200211862002800c28f62
:10dec4000b00422400004290001602002110620060
:10ded4001800c38f211062001800c2af1c00c38f4a
:10dee4002000c28f231062001c00c2af1c00c38f2d
:10def4001800c28f231062001c00c2af1800c28f2a
:10df0400421302001c00c38f261062001c00c2af23
:10df14002000c38f1800c28f231062002000c2affc
:10df24002000c38f1c00c28f231062002000c2afe8
:10df34001c00c28f001202002000c38f2610620052
:10df44002000c2af1800c38f1c00c28f23106200d0
:10df54001800c2af1800c38f2000c28f23106200c4
:10df64001800c2af2000c28f421302001800c38ff2
:10df7400261062001800c2af1c00c38f2000c28f9d
:10df8400231062001c00c2af1c00c38f1800c28f94
:10df9400231062001c00c2af1800c28f02130200db
:10dfa4001c00c38f261062001c00c2af2000c38f68
:10dfb4001800c28f231062002000c2af2000c38f5c
:10dfc4001c00c28f231062002000c2af1c00c28f4d
:10dfd400001402002000c38f261062002000c2af8c
:10dfe4001800c38f1c00c28f231062001800c2af38
:10dff4001800c38f2000c28f231062001800c2af24
:10e004002000c28f421102001800c38f2610620044
:10e014001800c2af1c00c38f2000c28f23106200ff
:10e024001c00c2af1c00c38f1800c28f23106200f3
:10e034001c00c2af1800c28fc21002001c00c38fa4
:10e04400261062001c00c2af2000c38f1800c28fcc
:10e05400231062002000c2af2000c38f1c00c28fb7
:10e06400231062002000c2af1c00c28f8012020085
:10e074002000c38f261062002000c2af1800c38f97
:10e084001c00c28f231062001800c2af1800c38f97
:10e094002000c28f231062001800c2af2000c28f7c
:10e0a400c21302001800c38f261062001800c2af0a
:10e0b4002800c28f0c0042242800c2af2400c28f63
:10e0c400f4ff42242400c2af2400c28f0c00422c6f
:10e0d40041ff4010000000001800c38f3800c28fb9
:10e0e400211062001800c2af2400c28f0c00422c21
:10e0f40061004010000000002400c28f801802005c
:10e10400029d023c1ce14224211062000000428c6a
:10e1140008004000000000007ce2019d64e2019dd3
:10e1240048e2019d2ce2019d10e2019df4e1019d74
:10e13400d8e1019dbce1019da0e1019d84e1019d27
:10e1440068e1019d4ce1019d2800c28f0a00422430
:10e1540000004290001602001800c38f21106200d4
:10e164001800c2af2800c28f090042240000429068
:10e17400001402001800c38f211062001800c2afff
:10e184002800c28f080042240000429000120200be
:10e194001800c38f211062001800c2af2800c28f7c
:10e1a4000700422400004290001602002000c38fa2
:10e1b400211062002000c2af2800c28f0600422452
:10e1c40000004290001402002000c38f211062005e
:10e1d4002000c2af2800c28f0500422400004290f4
:10e1e400001202002000c38f211062002000c2af81
:10e1f4002800c28f040042240000429025184000e9
:10e204002000c28f211043002000c2af2800c28f1b
:10e214000300422400004290001602001c00c38f39
:10e22400211062001c00c2af2800c28f02004224e9
:10e2340000004290001402001c00c38f21106200f1
:10e244001c00c2af2800c28f01004224000042908b
:10e25400001202001c00c38f211062001c00c2af18
:10e264002800c28f00004290251840001c00c28f75
:10e27400211043001c00c2af1c00c38f2000c28fba
:10e28400231062001c00c2af1c00c38f1800c28f91
:10e29400231062001c00c2af1800c28f4213020098
:10e2a4001c00c38f261062001c00c2af2000c38f65
:10e2b4001800c28f231062002000c2af2000c38f59
:10e2c4001c00c28f231062002000c2af1c00c28f4a
:10e2d400001202002000c38f261062002000c2af8b
:10e2e4001800c38f1c00c28f231062001800c2af35
:10e2f4001800c38f2000c28f231062001800c2af21
:10e304002000c28f421302001800c38f261062003f
:10e314001800c2af1c00c38f2000c28f23106200fc
:10e324001c00c2af1c00c38f1800c28f23106200f0
:10e334001c00c2af1800c28f021302001c00c38f5e
:10e34400261062001c00c2af2000c38f1800c28fc9
:10e35400231062002000c2af2000c38f1c00c28fb4
:10e36400231062002000c2af1c00c28f0014020000
:10e374002000c38f261062002000c2af1800c38f94
:10e384001c00c28f231062001800c2af1800c38f94
:10e394002000c28f231062001800c2af2000c28f79
:10e3a400421102001800c38f261062001800c2af89
:10e3b4001c00c38f2000c28f231062001c00c2af58
:10e3c4001c00c38f1800c28f231062001c00c2af50
:10e3d4001800c28fc21002001c00c38f26106200f6
:10e3e4001c00c2af2000c38f1800c28f231062002c
:10e3f4002000c2af2000c38f1c00c28f2310620014
:10e404002000c2af1c00c28f801202002000c38f04
:10e41400261062002000c2af1800c38f1c00c28ff8
:10e42400231062001800c2af1800c38f2000c28fef
:10e43400231062001800c2af2000c28fc213020072
:10e444001800c38f261062001800c2af1400c0afba
:10e454005c80828f51004010000000005c80828f3d
:10e464002402428c0400428cffff42241800c38f14
:10e47400241062003c00c2af5c80828f2402428c74
:10e484000000448c3c00c38f251060004010020043
:10e494002110430080100200211082000000428cf1
:10e4a40013004010000000005c80828f2402428c24
:10e4b4000000448c3c00c38f251060004010020013
:10e4c4002110430080100200211082000000438cc0
:10e4d4005c80828f2402428c1400428c2310020040
:10e4e400211062001400c2af2600001000000000da
:10e4f4001400c0af23000010000000001400c28ffd
:10e504004002428c1800c38f0f0062140000000008
:10e514001400c28f3c02428c3800c38f0a0062147c
:10e52400000000001400c28f3802428c3800c68fed
:10e534005000c58f25204000d728410f000000005f
:10e5440015004010000000001400c28f3402428cf9
:10e554000b004010000000001400c28f3402438cf2
:10e564005c80828f2402428c1400428c23100200af
:10e57400211062001400c2af02000010000000006d
:10e584001400c0af1400c28fdcff40140000000070
:10e594000200001000000000000000001400c28f00
:10e5a40027004014000000005c80828f1400c2af7a
:10e5b4005c80828f05004010000000005c80828f28
:10e5c4002c02428c02000010000000002510000004
:10e5d4002c00c2af14000010000000001400c28f11
:10e5e400252840005000c48fba7a400f0000000074
:10e5f40012004010000000001400c0af2c00c28fb5
:10e604001400c2af2c00c28f0500401000000000af
:10e614002c00c28f2c02428c02000010000000006b
:10e62400251000002c00c2af1400c28febff401471
:10e6340000000000020000100000000000000000c4
:10e644001400c28f20004010000000001000c2938c
:10e654001600401000000000049d023ce84e4624d1
:10e66400049d023ce84e4524049d023cec4e4424a7
:10e67400acf4400f000000001400c38f1400c28fdc
:10e68400200042242530400025286000049d023cdf
:10e69400f04e44247d28410f0000000001f5400f96
:10e6a4000000000009000010000000001400c28fe8
:10e6b4002002428c5000c48f09f840000000000082
:10e6c40002000010000000000000000025e8c00364
:10e6d4004c00bf8f4800be8f5000bd270800e003e8
:10e6e40000000000b8ffbd274400bfaf4000beaf2c
:10e6f40025f0a0034800c4af1000c0af090000100b
:10e70400000000000180023cf44b43241000c28f3f
:10e7140021106200000040a01000c28f01004224ba
:10e724001000c2af0180023cf44b44241b29410f6a
:10e7340000000000251840001000c28f2b10430079
:10e74400f0ff4014000000004800c38f1844023c4e
:10e754007ba442341900620010100000c2150200ac
:10e764001400c2af1400c38f2510600040120200d1
:10e77400211043008010020021104300c010020049
:10e78400211043000019020023186200c011030085
:10e79400251840004800c28f231043004800c2af30
:10e7a4004800c38f2ec2023c074542341900620060
:10e7b40010100000021402001800c2af1800c38f2a
:10e7c40025106000401002002110430000190200cf
:10e7d400231862000011030023104300c01102003b
:10e7e400251840004800c28f231043004800c2afe0
:10e7f4004800c38fa291023cc5b3423419006200a1
:10e8040010100000c21202001c00c2af1c00c38f13
:10e8140025106000c01002002310430040110200c4
:10e824002110430000110200251840004800c28f47
:10e83400231043004800c2af4800c38f8888023cbd
:10e84400898842341900620010100000421102004d
:10e854002000c2af2000c38f251060000011020009
:10e864002310430080100200251840004800c28f86
:10e87400231043004800c2af4800c28f2400c2af37
:10e884001400c28f1b004010000000001400c38f4e
:10e89400010002240a006214000000002800c327bb
:10e8a4001400c68f049d023cfc4e452425206000c4
:10e8b400dc29410f000000000800001000000000e7
:10e8c4002800c3271400c68f049d023c084f45242a
:10e8d40025206000dc29410f000000002800c22729
:10e8e400252840000180023cf44b4424e528410fd4
:10e8f400000000001800c28f1b0040100000000040
:10e904001800c38f010002240a00621400000000f2
:10e914002800c3271800c68f049d023c144f4524c9
:10e9240025206000dc29410f0000000008000010d1
:10e93400000000002800c3271800c68f049d023c75
:10e94400204f452425206000dc29410f00000000f1
:10e954002800c227252840000180023cf44b4424af
:10e96400e528410f000000001c00c28f1b0040106e
:10e97400000000001c00c38f010002240a0062147e
:10e98400000000002800c3271c00c68f049d023c21
:10e994002c4f452425206000dc29410f0000000095
:10e9a40008000010000000002800c3271c00c68fc8
:10e9b400049d023c384f452425206000dc29410f8a
:10e9c400000000002800c227252840000180023ce6
:10e9d400f44b4424e528410f000000002000c28fbe
:10e9e4001b004010000000002000c38f010002241f
:10e9f4000a006214000000002800c3272000c68f0c
:10ea0400049d023c444f452425206000dc29410f2d
:10ea14000000000008000010000000002800c327c8
:10ea24002000c68f049d023c504f452425206000e1
:10ea3400dc29410f000000002800c22725284000df
:10ea44000180023cf44b4424e528410f00000000ff
:10ea54002400c28f1b004010000000002400c38f5c
:10ea6400010002240a006214000000002800c327e9
:10ea74002400c68f049d023c604f4524252060007d
:10ea8400dc29410f00000000080000100000000015
:10ea94002800c3272400c68f049d023c6c4f4524e4
:10eaa40025206000dc29410f000000002800c22757
:10eab400252840000180023cf44b4424e528410f02
:10eac400000000000180023cf44b422425e8c0030e
:10ead4004400bf8f4000be8f4800bd270800e003fc
:10eae40000000000f8ffbd270400beaf25f0a0031e
:10eaf4000800c4af0c00c5af1000001000000000f7
:10eb04000c00c28f000043800800c28f00004280c6
:10eb14000400621000000000010002240c00001038
:10eb2400000000000c00c28f010042240c00c2afa0
:10eb34000800c28f010042240800c2af0c00c28f3b
:10eb440000004280eeff4014000000002510000089
:10eb540025e8c0030400be8f0800bd270800e003b9
:10eb640000000000f8ffbd270400beaf25f0a0039d
:10eb740081bf023c6010428cc003427cff004230e3
:10eb840025e8c0030400be8f0800bd270800e00389
:04eb9400000000007d
:020000040000fa
:020000041d01dc
:10eb9800e8ffbd271400bfaf1000beaf25f0a003eb
:10eba800653e400f0000000080bf033c4000628cbf
:10ebb8000400027c400062ac80bf033c4000628cd1
:10ebc800010004240463827c400062ac80bf033ce3
:10ebd8004000628c010004240442827c400062ac44
:10ebe80080bf033c4000628c04a5027c400062acfc
:10ebf80080bf033c50006290010004240400827c22
:10ec0800500062a080bf033c5000629001000424c1
:10ec18004408827c500062a080bf033c6000628c84
:10ec2800010004240400827c600062ac80bf033cc5
:10ec38006000628c010004244408827c600062ac9d
:10ec480080bf033c6000628c010004248410827c35
:10ec5800600062ac80bf033c6000628c0100042449
:10ec6800c418827c600062ac80bf033c6000628c88
:10ec7800010004240421827c600062ac80bf033c54
:10ec88006000628c010004244429827c600062ac2c
:10ec980080bf033c6000628c010004248431827cc4
:10eca800600062ac80bf033c6000628c01000424f9
:10ecb800c439827c600062ac80bf033c6000628c17
:10ecc800010004240442827c600062ac80bf033ce3
:10ecd8006000628c0484027c600062ac80bf033cec
:10ece8006000628c448c027c600062ac80bf033c94
:10ecf8006000628c8494027c600062ac80bf033c3c
:10ed08006000628cc49c027c600062ac80bf033ce3
:10ed18006000628c04a5027c600062ac80bf033c8a
:10ed28006000628c44ad027c600062ac80bf033c32
:10ed38006000628c84b5027c600062ac80bf033cda
:10ed48006000628cc4bd027c600062ac80bf033c82
:10ed58006000628c04c6027c600062ac80bf033c29
:10ed6800700062940400027c700062a480bf033cbf
:10ed7800700062944408027c700062a480bf033c67
:10ed8800700062948410027c700062a480bf033c0f
:10ed980070006294c418027c700062a480bf033cb7
:10eda800700062940421027c700062a480bf033c5e
:10edb800700062944429027c700062a480bf033c06
:10edc800700062948431027c700062a480bf033cae
:10edd80070006294c439027c700062a480bf033c56
:10ede800700062940442027c700062a480bf033cfd
:10edf8008000628c0400027c800062ac80bf033c0f
:10ee08008000628c4408027c800062ac80bf033cb6
:10ee18008000628c8410027c800062ac80bf033c5e
:10ee28008000628cc418027c800062ac80bf033c06
:10ee38008000628c0421027c800062ac80bf033cad
:10ee48008000628c4429027c800062ac80bf033c55
:10ee58008000628c010004240442827c800062ac41
:10ee680080bf033c8000628c01000424444a827cf9
:10ee7800800062ac80bf033c8000628c01000424e7
:10ee88008452827c800062ac80bf033c8000628c2c
:10ee980001000424c45a827c800062ac80bf033c19
:10eea8008000628c010004240463827c800062acd0
:10eeb80080bf033c8000628c01000424446b827c88
:10eec800800062ac80bf033c8000628c0484027cba
:10eed800800062ac80bf033c8000628c0100042487
:10eee800448c827c800062ac80bf033c8000628cd2
:10eef800010004248494827c800062ac80bf033cbf
:10ef08008000628c01000424c49c827c800062ac76
:10ef180080bf033c8000628c0100042404a5827c2d
:10ef2800800062ac80bf033c8000628c0100042436
:10ef380004c6827c800062ac80bf033c8000628c87
:10ef48000100042404e7827c800062ac80bf033c9b
:10ef58008000628c0100042444ef827c800062ac53
:10ef680080bf033c9000628c0442027c900062ac3b
:10ef780080bf033c9000628c444a027c900062ace3
:10ef880080bf033c9000628c8452027c900062ac8b
:10ef980080bf033c9000628cc45a027c900062ac33
:10efa80080bf033c9000628c0463027c900062acda
:10efb80080bf033c9000628c010004240484827c9e
:10efc800900062ac80bf033c9000628c0100042476
:10efd800448c827c900062ac80bf033c9000628cc1
:10efe800010004248494827c900062ac80bf033cbe
:10eff8009000628c0100042404a5827c900062ac1d
:10f0080080bf033c9000628c0100042444ad827ce4
:10f01800900062ac80bf033c9000628c0100042425
:10f02800c4bd827c900062ac80bf033c9000628cbf
:10f038000100042404e7827c900062ac80bf033c9a
:10f04800a000628c0421027ca00062ac80bf033c5b
:10f05800a000628c0100042404a5827ca00062ac9c
:10f0680080bf033ca000628c04e7027ca00062ac75
:10f07800783e400f0000000080bf023ca000428c98
:10f088000007427cff00423001004238ff00423056
:10f0980025e8c0031400bf8f1000be8f1800bd27dd
:10f0a8000800e00300000000e8ffbd271400bfaf20
:10f0b8001000beaf25f0a00301f5400f00000000ce
:10f0c800049d023cd0954624049d023cd4954524d9
:10f0d800049d023cd8954424acf4400f0000000085
:10f0e800049d023cdc9544247d28410f000000006b
:10f0f80080bf023c4000428c0000427cff0042304e
:10f108000b00401000000000049d023cd4954624ea
:10f11800049d023cd4954524049d023cd09544248a
:10f12800acf4400f000000000900001000000000cf
:10f13800049d023cd4954624049d023cd495452464
:10f14800049d023cd8954424acf4400f0000000014
:10f1580080bf023c4000428c0000427cff004230ed
:10f168000500401000000000049d023c0096422467
:10f178000300001000000000049d023c0496422495
:10f1880025284000049d023c089644247d28410f10
:10f198000000000080bf023c4000428c0003427c1b
:10f1a800ff0042300b00401000000000049d023cac
:10f1b8003c964624049d023cd4954524049d023c7b
:10f1c800d0954424acf4400f000000000900001062
:10f1d80000000000049d023c3c964624049d023c2d
:10f1e800d4954524049d023cd8954424acf4400fa2
:10f1f8000000000080bf023c4000428c0003427cbb
:10f20800ff0042300500401000000000049d023c51
:10f21800009642240300001000000000049d023cf8
:10f228000496422425284000049d023c409644242c
:10f238007d28410f0000000080bf023c4000428c46
:10f248000002427cff0042300b004010000000002a
:10f25800049d023cd4954624049d023cd495452443
:10f26800049d023cd0954424acf4400f00000000fb
:10f278000900001000000000049d023cd4954624bb
:10f28800049d023cd4954524049d023cd895442411
:10f29800acf4400f0000000080bf023c4000428cec
:10f2a8000002427cff0042300500401000000000d0
:10f2b800049d023c00964224030000100000000058
:10f2c800049d023c0496422425284000049d023ceb
:10f2d800749644247d28410f0000000080bf023c42
:10f2e8004000428c0005427cff0042300b00401079
:10f2f80000000000049d023c3c964624049d023c0c
:10f30800d4954524049d023cd0954424acf4400f88
:10f31800000000000900001000000000049d023ced
:10f328003c964624049d023cd4954524049d023c09
:10f33800d8954424acf4400f0000000080bf023c84
:10f348004000428c0005427cff004230050040101e
:10f3580000000000049d023c0096422403000010b7
:10f3680000000000049d023c049642242528400029
:10f37800049d023ca89644247d28410f000000000b
:10f3880080bf023c5000428c0000427cff004230ab
:10f398000b00401000000000049d023cd495462458
:10f3a800049d023cd4954524049d023cd0954424f8
:10f3b800acf4400f0000000009000010000000003d
:10f3c800049d023cd4954624049d023cd4954524d2
:10f3d800049d023cd8954424acf4400f0000000082
:10f3e80080bf023c5000428c0000427cff0042304b
:10f3f8000500401000000000049d023c00964224d5
:10f408000300001000000000049d023c0496422402
:10f4180025284000049d023cdc9644247d28410fa9
:10f428000000000080bf023c5000428c4000427c3b
:10f43800ff0042300b00401000000000049d023c19
:10f448003c964624049d023cd4954524049d023ce8
:10f45800d0954424acf4400f0000000009000010cf
:10f4680000000000049d023c3c964624049d023c9a
:10f47800d4954524049d023cd8954424acf4400f0f
:10f488000000000080bf023c5000428c4000427cdb
:10f49800ff0042300500401000000000049d023cbf
:10f4a800009642240300001000000000049d023c66
:10f4b8000496422425284000049d023c10974424c9
:10f4c8007d28410f0000000080bf023c6000428c94
:10f4d8000000427cff0042300b004010000000009a
:10f4e800049d023cd4954624049d023cd4954524b1
:10f4f800049d023cd0954424acf4400f0000000069
:10f508000900001000000000049d023cd495462428
:10f51800049d023cd4954524049d023cd89544247e
:10f52800acf4400f0000000080bf023c6000428c39
:10f538000000427cff00423005004010000000003f
:10f54800049d023c009642240300001000000000c5
:10f55800049d023c0496422425284000049d023c58
:10f56800449744247d28410f0000000080bf023cde
:10f578006000428c4000427cff0042300b0040108b
:10f5880000000000049d023c3c964624049d023c79
:10f59800d4954524049d023cd0954424acf4400ff6
:10f5a800000000000900001000000000049d023c5b
:10f5b8003c964624049d023cd4954524049d023c77
:10f5c800d8954424acf4400f0000000080bf023cf2
:10f5d8006000428c4000427cff0042300500401031
:10f5e80000000000049d023c009642240300001025
:10f5f80000000000049d023c049642242528400097
:10f60800049d023c789744247d28410f00000000a7
:10f6180080bf023c6000428c8000427cff00423088
:10f628000b00401000000000049d023cd4954624c5
:10f63800049d023cd4954524049d023cd095442465
:10f64800acf4400f000000000900001000000000aa
:10f65800049d023cd4954624049d023cd49545243f
:10f66800049d023cd8954424acf4400f00000000ef
:10f6780080bf023c6000428c8000427cff00423028
:10f688000500401000000000049d023c0096422442
:10f698000300001000000000049d023c0496422470
:10f6a80025284000049d023cac9744247d28410f46
:10f6b8000000000080bf023c6000428cc000427c19
:10f6c800ff0042300b00401000000000049d023c87
:10f6d8003c964624049d023cd4954524049d023c56
:10f6e800d0954424acf4400f00000000090000103d
:10f6f80000000000049d023c3c964624049d023c08
:10f70800d4954524049d023cd8954424acf4400f7c
:10f718000000000080bf023c6000428cc000427cb8
:10f72800ff0042300500401000000000049d023c2c
:10f73800009642240300001000000000049d023cd3
:10f748000496422425284000049d023ce097442466
:10f758007d28410f0000000080bf023c6000428c01
:10f768000001427cff0042300b0040100000000006
:10f77800049d023cd4954624049d023cd49545241e
:10f78800049d023cd0954424acf4400f00000000d6
:10f798000900001000000000049d023cd495462496
:10f7a800049d023cd4954524049d023cd8954424ec
:10f7b800acf4400f0000000080bf023c6000428ca7
:10f7c8000001427cff0042300500401000000000ac
:10f7d800049d023c00964224030000100000000033
:10f7e800049d023c0496422425284000049d023cc6
:10f7f800149844247d28410f0000000080bf023c7b
:10f808006000428c4001427cff0042300b004010f7
:10f8180000000000049d023c3c964624049d023ce6
:10f82800d4954524049d023cd0954424acf4400f63
:10f83800000000000900001000000000049d023cc8
:10f848003c964624049d023cd4954524049d023ce4
:10f85800d8954424acf4400f0000000080bf023c5f
:10f868006000428c4001427cff004230050040109d
:10f8780000000000049d023c009642240300001092
:10f8880000000000049d023c049642242528400004
:10f89800049d023c489844247d28410f0000000044
:10f8a80080bf023c6000428c8001427cff004230f5
:10f8b8000b00401000000000049d023cd495462433
:10f8c800049d023cd4954524049d023cd0954424d3
:10f8d800acf4400f00000000090000100000000018
:10f8e800049d023cd4954624049d023cd4954524ad
:10f8f800049d023cd8954424acf4400f000000005d
:10f9080080bf023c6000428c8001427cff00423094
:10f918000500401000000000049d023c00964224af
:10f928000300001000000000049d023c04964224dd
:10f9380025284000049d023c7c9844247d28410fe2
:10f948000000000080bf023c6000428cc001427c85
:10f95800ff0042300b00401000000000049d023cf4
:10f968003c964624049d023cd4954524049d023cc3
:10f97800d0954424acf4400f0000000009000010aa
:10f9880000000000049d023c3c964624049d023c75
:10f99800d4954524049d023cd8954424acf4400fea
:10f9a8000000000080bf023c6000428cc001427c25
:10f9b800ff0042300500401000000000049d023c9a
:10f9c800009642240300001000000000049d023c41
:10f9d8000496422425284000049d023cb098442403
:10f9e8007d28410f0000000080bf023c6000428c6f
:10f9f8000002427cff0042300b0040100000000073
:10fa0800049d023cd4954624049d023cd49545248b
:10fa1800049d023cd0954424acf4400f0000000043
:10fa28000900001000000000049d023cd495462403
:10fa3800049d023cd4954524049d023cd895442459
:10fa4800acf4400f0000000080bf023c6000428c14
:10fa58000002427cff004230050040100000000018
:10fa6800049d023c009642240300001000000000a0
:10fa7800049d023c0496422425284000049d023c33
:10fa8800e49844247d28410f0000000080bf023c18
:10fa98006000428c0004427cff0042300b004010a2
:10faa80000000000049d023c3c964624049d023c54
:10fab800d4954524049d023cd0954424acf4400fd1
:10fac800000000000900001000000000049d023c36
:10fad8003c964624049d023cd4954524049d023c52
:10fae800d8954424acf4400f0000000080bf023ccd
:10faf8006000428c0004427cff0042300500401048
:10fb080000000000049d023c0096422403000010ff
:10fb180000000000049d023c049642242528400071
:10fb2800049d023c189944247d28410f00000000e0
:10fb380080bf023c6000428c4004427cff0042309f
:10fb48000b00401000000000049d023cd4954624a0
:10fb5800049d023cd4954524049d023cd095442440
:10fb6800acf4400f00000000090000100000000085
:10fb7800049d023cd4954624049d023cd49545241a
:10fb8800049d023cd8954424acf4400f00000000ca
:10fb980080bf023c6000428c4004427cff0042303f
:10fba8000500401000000000049d023c009642241d
:10fbb8000300001000000000049d023c049642244b
:10fbc80025284000049d023c4c9944247d28410f7f
:10fbd8000000000080bf023c6000428c8004427c30
:10fbe800ff0042300b00401000000000049d023c62
:10fbf8003c964624049d023cd4954524049d023c31
:10fc0800d0954424acf4400f000000000900001017
:10fc180000000000049d023c3c964624049d023ce2
:10fc2800d4954524049d023cd8954424acf4400f57
:10fc38000000000080bf023c6000428c8004427ccf
:10fc4800ff0042300500401000000000049d023c07
:10fc5800009642240300001000000000049d023cae
:10fc68000496422425284000049d023c809944249f
:10fc78007d28410f0000000080bf023c6000428cdc
:10fc8800c004427cff0042300b004010000000001e
:10fc9800049d023cd4954624049d023cd4954524f9
:10fca800049d023cd0954424acf4400f00000000b1
:10fcb8000900001000000000049d023cd495462471
:10fcc800049d023cd4954524049d023cd8954424c7
:10fcd800acf4400f0000000080bf023c6000428c82
:10fce800c004427cff0042300500401000000000c4
:10fcf800049d023c0096422403000010000000000e
:10fd0800049d023c0496422425284000049d023ca0
:10fd1800b49944247d28410f0000000080bf023cb4
:10fd28006000428c0005427cff0042300b0040100e
:10fd380000000000049d023c3c964624049d023cc1
:10fd4800d4954524049d023cd0954424acf4400f3e
:10fd5800000000000900001000000000049d023ca3
:10fd68003c964624049d023cd4954524049d023cbf
:10fd7800d8954424acf4400f0000000080bf023c3a
:10fd88006000428c0005427cff00423005004010b4
:10fd980000000000049d023c00964224030000106d
:10fda80000000000049d023c0496422425284000df
:10fdb800049d023ce89944247d28410f000000007e
:10fdc80080bf023c6000428c4005427cff0042300c
:10fdd8000b00401000000000049d023cd49546240e
:10fde800049d023cd4954524049d023cd0954424ae
:10fdf800acf4400f000000000900001000000000f3
:10fe0800049d023cd4954624049d023cd495452487
:10fe1800049d023cd8954424acf4400f0000000037
:10fe280080bf023c6000428c4005427cff004230ab
:10fe38000500401000000000049d023c009642248a
:10fe48000300001000000000049d023c04964224b8
:10fe580025284000049d023c1c9a44247d28410f1b
:10fe68000000000080bf023c6000428c8005427c9c
:10fe7800ff0042300b00401000000000049d023ccf
:10fe88003c964624049d023cd4954524049d023c9e
:10fe9800d0954424acf4400f000000000900001085
:10fea80000000000049d023c3c964624049d023c50
:10feb800d4954524049d023cd8954424acf4400fc5
:10fec8000000000080bf023c6000428c8005427c3c
:10fed800ff0042300500401000000000049d023c75
:10fee800009642240300001000000000049d023c1c
:10fef8000496422425284000049d023c509a44243c
:10ff08007d28410f0000000080bf023c6000428c49
:10ff1800c005427cff0042300b004010000000008a
:10ff2800049d023cd4954624049d023cd495452466
:10ff3800049d023cd0954424acf4400f000000001e
:10ff48000900001000000000049d023cd4954624de
:10ff5800049d023cd4954524049d023cd895442434
:10ff6800acf4400f0000000080bf023c6000428cef
:10ff7800c005427cff004230050040100000000030
:10ff8800049d023c0096422403000010000000007b
:10ff9800049d023c0496422425284000049d023c0e
:10ffa800849a44247d28410f0000000080bf023c51
:10ffb8006000428c0006427cff0042300b0040107b
:10ffc80000000000049d023c3c964624049d023c2f
:10ffd800d4954524049d023cd0954424acf4400fac
:10ffe800000000000900001000000000049d023c11
:10fff8003c964624049d023cd4954524049d023c2d
:020000041d02db
:10000800d8954424acf4400f0000000080bf023ca7
:100018006000428c0006427cff0042300500401020
:1000280000000000049d023c0096422403000010da
:1000380000000000049d023c04964224252840004c
:10004800049d023cb89a44247d28410f000000001a
:1000580080bf023c7000428c0000427cff004230ae
:100068000b00401000000000049d023cd49546247b
:10007800049d023cd4954524049d023cd09544241b
:10008800acf4400f00000000090000100000000060
:10009800049d023cd4954624049d023cd4954524f5
:1000a800049d023cd8954424acf4400f00000000a5
:1000b80080bf023c7000428c0000427cff0042304e
:1000c8000500401000000000049d023c00964224f8
:1000d8000300001000000000049d023c0496422426
:1000e80025284000049d023cec9a44247d28410fb9
:1000f8000000000080bf023c7000428c4000427c3f
:10010800ff0042300b00401000000000049d023c3c
:100118003c964624049d023cd4954524049d023c0b
:10012800d0954424acf4400f0000000009000010f2
:1001380000000000049d023c3c964624049d023cbd
:10014800d4954524049d023cd8954424acf4400f32
:100158000000000080bf023c7000428c4000427cde
:10016800ff0042300500401000000000049d023ce2
:10017800009642240300001000000000049d023c89
:100188000496422425284000049d023c209b4424d8
:100198007d28410f0000000080bf023c7000428ca7
:1001a8008000427cff0042300b004010000000003d
:1001b800049d023cd4954624049d023cd4954524d4
:1001c800049d023cd0954424acf4400f000000008c
:1001d8000900001000000000049d023cd49546244c
:1001e800049d023cd4954524049d023cd8954424a2
:1001f800acf4400f0000000080bf023c7000428c4d
:100208008000427cff0042300500401000000000e2
:10021800049d023c009642240300001000000000e8
:10022800049d023c0496422425284000049d023c7b
:10023800549b44247d28410f0000000080bf023ced
:100248007000428cc000427cff0042300b0040101e
:1002580000000000049d023c3c964624049d023c9c
:10026800d4954524049d023cd0954424acf4400f19
:10027800000000000900001000000000049d023c7e
:100288003c964624049d023cd4954524049d023c9a
:10029800d8954424acf4400f0000000080bf023c15
:1002a8007000428cc000427cff00423005004010c4
:1002b80000000000049d023c009642240300001048
:1002c80000000000049d023c0496422425284000ba
:1002d800049d023c889b44247d28410f00000000b7
:1002e80080bf023c7000428c0001427cff0042301b
:1002f8000b00401000000000049d023cd4954624e9
:10030800049d023cd4954524049d023cd095442488
:10031800acf4400f000000000900001000000000cd
:10032800049d023cd4954624049d023cd495452462
:10033800049d023cd8954424acf4400f0000000012
:1003480080bf023c7000428c0001427cff004230ba
:100358000500401000000000049d023c0096422465
:100368000300001000000000049d023c0496422493
:1003780025284000049d023cbc9b44247d28410f55
:100388000000000080bf023c7000428c4001427cab
:10039800ff0042300b00401000000000049d023caa
:1003a8003c964624049d023cd4954524049d023c79
:1003b800d0954424acf4400f000000000900001060
:1003c80000000000049d023c3c964624049d023c2b
:1003d800d4954524049d023cd8954424acf4400fa0
:1003e8000000000080bf023c7000428c4001427c4b
:1003f800ff0042300500401000000000049d023c50
:10040800009642240300001000000000049d023cf6
:100418000496422425284000049d023cf09b442475
:100428007d28410f0000000080bf023c7000428c14
:100438008001427cff0042300b00401000000000a9
:10044800049d023cd4954624049d023cd495452441
:10045800049d023cd0954424acf4400f00000000f9
:100468000900001000000000049d023cd4954624b9
:10047800049d023cd4954524049d023cd89544240f
:10048800acf4400f0000000080bf023c7000428cba
:100498008001427cff00423005004010000000004f
:1004a800049d023c00964224030000100000000056
:1004b800049d023c0496422425284000049d023ce9
:1004c800249c44247d28410f0000000080bf023c8a
:1004d8007000428cc001427cff0042300b0040108b
:1004e80000000000049d023c3c964624049d023c0a
:1004f800d4954524049d023cd0954424acf4400f87
:10050800000000000900001000000000049d023ceb
:100518003c964624049d023cd4954524049d023c07
:10052800d8954424acf4400f0000000080bf023c82
:100538007000428cc001427cff0042300500401030
:1005480000000000049d023c0096422403000010b5
:1005580000000000049d023c049642242528400027
:10056800049d023c589c44247d28410f0000000053
:1005780080bf023c7000428c0002427cff00423087
:100588000b00401000000000049d023cd495462456
:10059800049d023cd4954524049d023cd0954424f6
:1005a800acf4400f0000000009000010000000003b
:1005b800049d023cd4954624049d023cd4954524d0
:1005c800049d023cd8954424acf4400f0000000080
:1005d80080bf023c7000428c0002427cff00423027
:1005e8000500401000000000049d023c00964224d3
:1005f8000300001000000000049d023c0496422401
:1006080025284000049d023c8c9c44247d28410ff1
:100618000000000080bf023c8000428c0000427c49
:10062800ff0042300b00401000000000049d023c17
:100638003c964624049d023cd4954524049d023ce6
:10064800d0954424acf4400f0000000009000010cd
:1006580000000000049d023c3c964624049d023c98
:10066800d4954524049d023cd8954424acf4400f0d
:100678000000000080bf023c8000428c0000427ce9
:10068800ff0042300500401000000000049d023cbd
:10069800009642240300001000000000049d023c64
:1006a8000496422425284000049d023cc09c442412
:1006b8007d28410f0000000080bf023c8000428c72
:1006c8004000427cff0042300b0040100000000058
:1006d800049d023cd4954624049d023cd4954524af
:1006e800049d023cd0954424acf4400f0000000067
:1006f8000900001000000000049d023cd495462427
:10070800049d023cd4954524049d023cd89544247c
:10071800acf4400f0000000080bf023c8000428c17
:100728004000427cff0042300500401000000000fd
:10073800049d023c009642240300001000000000c3
:10074800049d023c0496422425284000049d023c56
:10075800f49c44247d28410f0000000080bf023c27
:100768008000428c8000427cff0042300b00401029
:1007780000000000049d023c3c964624049d023c77
:10078800d4954524049d023cd0954424acf4400ff4
:10079800000000000900001000000000049d023c59
:1007a8003c964624049d023cd4954524049d023c75
:1007b800d8954424acf4400f0000000080bf023cf0
:1007c8008000428c8000427cff00423005004010cf
:1007d80000000000049d023c009642240300001023
:1007e80000000000049d023c049642242528400095
:1007f800049d023c289d44247d28410f00000000f0
:1008080080bf023c8000428cc000427cff00423026
:100818000b00401000000000049d023cd4954624c3
:10082800049d023cd4954524049d023cd095442463
:10083800acf4400f000000000900001000000000a8
:10084800049d023cd4954624049d023cd49545243d
:10085800049d023cd8954424acf4400f00000000ed
:1008680080bf023c8000428cc000427cff004230c6
:100878000500401000000000049d023c0096422440
:100888000300001000000000049d023c049642246e
:1008980025284000049d023c5c9d44247d28410f8e
:1008a8000000000080bf023c8000428c0001427cb6
:1008b800ff0042300b00401000000000049d023c85
:1008c8003c964624049d023cd4954524049d023c54
:1008d800d0954424acf4400f00000000090000103b
:1008e80000000000049d023c3c964624049d023c06
:1008f800d4954524049d023cd8954424acf4400f7b
:100908000000000080bf023c8000428c0001427c55
:10091800ff0042300500401000000000049d023c2a
:10092800009642240300001000000000049d023cd1
:100938000496422425284000049d023c909d4424ae
:100948007d28410f0000000080bf023c8000428cdf
:100958004001427cff0042300b00401000000000c4
:10096800049d023cd4954624049d023cd49545241c
:10097800049d023cd0954424acf4400f00000000d4
:100988000900001000000000049d023cd495462494
:10099800049d023cd4954524049d023cd8954424ea
:1009a800acf4400f0000000080bf023c8000428c85
:1009b8004001427cff00423005004010000000006a
:1009c800049d023c00964224030000100000000031
:1009d800049d023c0496422425284000049d023cc4
:1009e800c49d44247d28410f0000000080bf023cc4
:1009f8008000428c0002427cff0042300b00401015
:100a080000000000049d023c3c964624049d023ce4
:100a1800d4954524049d023cd0954424acf4400f61
:100a2800000000000900001000000000049d023cc6
:100a38003c964624049d023cd4954524049d023ce2
:100a4800d8954424acf4400f0000000080bf023c5d
:100a58008000428c0002427cff00423005004010ba
:100a680000000000049d023c009642240300001090
:100a780000000000049d023c049642242528400002
:100a8800049d023cf89d44247d28410f000000008d
:100a980080bf023c8000428c4002427cff00423012
:100aa8000b00401000000000049d023cd495462431
:100ab800049d023cd4954524049d023cd0954424d1
:100ac800acf4400f00000000090000100000000016
:100ad800049d023cd4954624049d023cd4954524ab
:100ae800049d023cd8954424acf4400f000000005b
:100af80080bf023c8000428c4002427cff004230b2
:100b08000500401000000000049d023c00964224ad
:100b18000300001000000000049d023c04964224db
:100b280025284000049d023c2c9e44247d28410f2a
:100b38000000000080bf023c8000428c8002427ca2
:100b4800ff0042300b00401000000000049d023cf2
:100b58003c964624049d023cd4954524049d023cc1
:100b6800d0954424acf4400f0000000009000010a8
:100b780000000000049d023c3c964624049d023c73
:100b8800d4954524049d023cd8954424acf4400fe8
:100b98000000000080bf023c8000428c8002427c42
:100ba800ff0042300500401000000000049d023c98
:100bb800009642240300001000000000049d023c3f
:100bc8000496422425284000049d023c609e44244b
:100bd8007d28410f0000000080bf023c8000428c4d
:100be800c002427cff0042300b00401000000000b1
:100bf800049d023cd4954624049d023cd49545248a
:100c0800049d023cd0954424acf4400f0000000041
:100c18000900001000000000049d023cd495462401
:100c2800049d023cd4954524049d023cd895442457
:100c3800acf4400f0000000080bf023c8000428cf2
:100c4800c002427cff004230050040100000000056
:100c5800049d023c0096422403000010000000009e
:100c6800049d023c0496422425284000049d023c31
:100c7800949e44247d28410f0000000080bf023c60
:100c88008000428c0003427cff0042300b00401081
:100c980000000000049d023c3c964624049d023c52
:100ca800d4954524049d023cd0954424acf4400fcf
:100cb800000000000900001000000000049d023c34
:100cc8003c964624049d023cd4954524049d023c50
:100cd800d8954424acf4400f0000000080bf023ccb
:100ce8008000428c0003427cff0042300500401027
:100cf80000000000049d023c0096422403000010fe
:100d080000000000049d023c04964224252840006f
:100d1800049d023cc89e44247d28410f0000000029
:100d280080bf023c8000428c4003427cff0042307e
:100d38000b00401000000000049d023cd49546249e
:100d4800049d023cd4954524049d023cd09544243e
:100d5800acf4400f00000000090000100000000083
:100d6800049d023cd4954624049d023cd495452418
:100d7800049d023cd8954424acf4400f00000000c8
:100d880080bf023c8000428c4003427cff0042301e
:100d98000500401000000000049d023c009642241b
:100da8000300001000000000049d023c0496422449
:100db80025284000049d023cfc9e44247d28410fc8
:100dc8000000000080bf023c8000428c0004427c8e
:100dd800ff0042300b00401000000000049d023c60
:100de8003c964624049d023cd4954524049d023c2f
:100df800d0954424acf4400f000000000900001016
:100e080000000000049d023c3c964624049d023ce0
:100e1800d4954524049d023cd8954424acf4400f55
:100e28000000000080bf023c8000428c0004427c2d
:100e3800ff0042300500401000000000049d023c05
:100e4800009642240300001000000000049d023cac
:100e58000496422425284000049d023c309f4424e7
:100e68007d28410f0000000080bf023c8000428cba
:100e78004004427cff0042300b004010000000009c
:100e8800049d023cd4954624049d023cd4954524f7
:100e9800049d023cd0954424acf4400f00000000af
:100ea8000900001000000000049d023cd49546246f
:100eb800049d023cd4954524049d023cd8954424c5
:100ec800acf4400f0000000080bf023c8000428c60
:100ed8004004427cff004230050040100000000042
:100ee800049d023c0096422403000010000000000c
:100ef800049d023c0496422425284000049d023c9f
:100f0800649f44247d28410f0000000080bf023cfc
:100f18008000428c8004427cff0042300b0040106d
:100f280000000000049d023c3c964624049d023cbf
:100f3800d4954524049d023cd0954424acf4400f3c
:100f4800000000000900001000000000049d023ca1
:100f58003c964624049d023cd4954524049d023cbd
:100f6800d8954424acf4400f0000000080bf023c38
:100f78008000428c8004427cff0042300500401013
:100f880000000000049d023c00964224030000106b
:100f980000000000049d023c0496422425284000dd
:100fa800049d023c989f44247d28410f00000000c6
:100fb80080bf023c8000428cc004427cff0042306b
:100fc8000b00401000000000049d023cd49546240c
:100fd800049d023cd4954524049d023cd0954424ac
:100fe800acf4400f000000000900001000000000f1
:100ff800049d023cd4954624049d023cd495452486
:10100800049d023cd8954424acf4400f0000000035
:1010180080bf023c8000428cc004427cff0042300a
:101028000500401000000000049d023c0096422488
:101038000300001000000000049d023c04964224b6
:1010480025284000049d023ccc9f44247d28410f64
:101058000000000080bf023c8000428c0005427cfa
:10106800ff0042300b00401000000000049d023ccd
:101078003c964624049d023cd4954524049d023c9c
:10108800d0954424acf4400f000000000900001083
:1010980000000000049d023c3c964624049d023c4e
:1010a800d4954524049d023cd8954424acf4400fc3
:1010b8000000000080bf023c8000428c0005427c9a
:1010c800ff0042300500401000000000049d023c73
:1010d800009642240300001000000000049d023c1a
:1010e8000496422425284000049d023c00a0442484
:1010f8007d28410f0000000080bf023c8000428c28
:101108000006427cff0042300b0040100000000047
:10111800049d023cd4954624049d023cd495452464
:10112800049d023cd0954424acf4400f000000001c
:101138000900001000000000049d023cd4954624dc
:10114800049d023cd4954524049d023cd895442432
:10115800acf4400f0000000080bf023c8000428ccd
:101168000006427cff0042300500401000000000ed
:10117800049d023c00964224030000100000000079
:10118800049d023c0496422425284000049d023c0c
:1011980034a044247d28410f0000000080bf023c99
:1011a8008000428c0007427cff0042300b00401058
:1011b80000000000049d023c3c964624049d023c2d
:1011c800d4954524049d023cd0954424acf4400faa
:1011d800000000000900001000000000049d023c0f
:1011e8003c964624049d023cd4954524049d023c2b
:1011f800d8954424acf4400f0000000080bf023ca6
:101208008000428c0007427cff00423005004010fd
:1012180000000000049d023c0096422403000010d8
:1012280000000000049d023c04964224252840004a
:10123800049d023c68a044247d28410f0000000062
:1012480080bf023c8000428c4007427cff00423055
:101258000b00401000000000049d023cd495462479
:10126800049d023cd4954524049d023cd095442419
:10127800acf4400f0000000009000010000000005e
:10128800049d023cd4954624049d023cd4954524f3
:10129800049d023cd8954424acf4400f00000000a3
:1012a80080bf023c8000428c4007427cff004230f5
:1012b8000500401000000000049d023c00964224f6
:1012c8000300001000000000049d023c0496422424
:1012d80025284000049d023c9ca044247d28410f01
:1012e8000000000080bf023c9000428c0002427c5b
:1012f800ff0042300b00401000000000049d023c3b
:10130800d4954624049d023cd4954524049d023c72
:10131800d0954424acf4400f0000000009000010f0
:1013280000000000049d023cd4954624049d023c24
:10133800d4954524049d023cd8954424acf4400f30
:101348000000000080bf023c9000428c0002427cfa
:10135800ff0042300500401000000000049d023ce0
:10136800009642240300001000000000049d023c87
:101378000496422425284000049d023cd0a0442421
:101388007d28410f0000000080bf023c9000428c85
:101398000002427cff0042300b00401000000000b9
:1013a800049d023c3c964624049d023cd495452469
:1013b800049d023cd0954424acf4400f000000008a
:1013c8000900001000000000049d023c3c964624e1
:1013d800049d023cd4954524049d023cd8954424a0
:1013e800acf4400f0000000080bf023c9000428c2b
:1013f8004002427cff00423005004010000000001f
:10140800049d023c009642240300001000000000e6
:10141800049d023c0496422425284000049d023c79
:1014280004a144247d28410f0000000080bf023c35
:101438009000428c8002427cff0042300b0040103a
:1014480000000000049d023cd4954624049d023c03
:10145800d4954524049d023cd0954424acf4400f17
:10146800000000000900001000000000049d023c7c
:10147800d4954624049d023cd4954524049d023c01
:10148800d8954424acf4400f0000000080bf023c13
:101498009000428c8002427cff00423005004010e0
:1014a80000000000049d023c009642240300001046
:1014b80000000000049d023c0496422425284000b8
:1014c800049d023c38a144247d28410f00000000ff
:1014d80080bf023c9000428cc002427cff00423038
:1014e8000b00401000000000049d023c3c9646247e
:1014f800049d023cd4954524049d023cd095442487
:10150800acf4400f000000000900001000000000cb
:10151800049d023c3c964624049d023cd4954524f7
:10152800049d023cd8954424acf4400f0000000010
:1015380080bf023c9000428cc002427cff004230d7
:101548000500401000000000049d023c0096422463
:101558000300001000000000049d023c0496422491
:1015680025284000049d023c6ca144247d28410f9d
:101578000000000080bf023c9000428c0003427cc7
:10158800ff0042300b00401000000000049d023ca8
:10159800d4954624049d023cd4954524049d023ce0
:1015a800d0954424acf4400f00000000090000105e
:1015b80000000000049d023cd4954624049d023c92
:1015c800d4954524049d023cd8954424acf4400f9e
:1015d8000000000080bf023c9000428c0003427c67
:1015e800ff0042300500401000000000049d023c4e
:1015f800009642240300001000000000049d023cf5
:101608000496422425284000049d023ca0a14424bd
:101618007d28410f0000000080bf023c9000428cf2
:101628000004427cff0042300b0040100000000024
:10163800049d023cd4954624049d023cd49545243f
:10164800049d023cd0954424acf4400f00000000f7
:101658000900001000000000049d023cd4954624b7
:10166800049d023cd4954524049d023cd89544240d
:10167800acf4400f0000000080bf023c9000428c98
:101688000004427cff0042300500401000000000ca
:10169800049d023c00964224030000100000000054
:1016a800049d023c0496422425284000049d023ce7
:1016b800d4a144247d28410f0000000080bf023cd3
:1016c8009000428c4004427cff0042300b004010e6
:1016d80000000000049d023c3c964624049d023c08
:1016e800d4954524049d023cd0954424acf4400f85
:1016f800000000000900001000000000049d023cea
:101708003c964624049d023cd4954524049d023c05
:10171800d8954424acf4400f0000000080bf023c80
:101728009000428c4004427cff004230050040108b
:1017380000000000049d023c0096422403000010b3
:1017480000000000049d023c049642242528400025
:10175800049d023c08a244247d28410f000000009b
:1017680080bf023c9000428c8004427cff004230e3
:101778000b00401000000000049d023cd495462454
:10178800049d023cd4954524049d023cd0954424f4
:10179800acf4400f00000000090000100000000039
:1017a800049d023cd4954624049d023cd4954524ce
:1017b800049d023cd8954424acf4400f000000007e
:1017c80080bf023c9000428c8004427cff00423083
:1017d8000500401000000000049d023c00964224d1
:1017e8000300001000000000049d023c04964224ff
:1017f80025284000049d023c3ca244247d28410f3a
:101808000000000080bf023c9000428c0005427c32
:10181800ff0042300b00401000000000049d023c15
:101828003c964624049d023cd4954524049d023ce4
:10183800d0954424acf4400f0000000009000010cb
:1018480000000000049d023c3c964624049d023c96
:10185800d4954524049d023cd8954424acf4400f0b
:101868000000000080bf023c9000428c0005427cd2
:10187800ff0042300500401000000000049d023cbb
:10188800009642240300001000000000049d023c62
:101898000496422425284000049d023c70a244245a
:1018a8007d28410f0000000080bf023c9000428c60
:1018b8004005427cff0042300b0040100000000051
:1018c800049d023cd4954624049d023cd4954524ad
:1018d800049d023cd0954424acf4400f0000000065
:1018e8000900001000000000049d023cd495462425
:1018f800049d023cd4954524049d023cd89544247b
:10190800acf4400f0000000080bf023c9000428c05
:101918004005427cff0042300500401000000000f6
:10192800049d023c009642240300001000000000c1
:10193800049d023c0496422425284000049d023c54
:10194800a4a244247d28410f0000000080bf023c6f
:101958009000428cc005427cff0042300b004010d2
:1019680000000000049d023cd4954624049d023cde
:10197800d4954524049d023cd0954424acf4400ff2
:10198800000000000900001000000000049d023c57
:10199800d4954624049d023cd4954524049d023cdc
:1019a800d8954424acf4400f0000000080bf023cee
:1019b8009000428cc005427cff0042300500401078
:1019c80000000000049d023c009642240300001021
:1019d80000000000049d023c049642242528400093
:1019e800049d023cd8a244247d28410f0000000039
:1019f80080bf023c9000428c0007427cff004230ce
:101a08000b00401000000000049d023c3c96462458
:101a1800049d023cd4954524049d023cd095442461
:101a2800acf4400f000000000900001000000000a6
:101a3800049d023c3c964624049d023cd4954524d2
:101a4800049d023cd8954424acf4400f00000000eb
:101a580080bf023c9000428c0007427cff0042306d
:101a68000500401000000000049d023c009642243e
:101a78000300001000000000049d023c049642246c
:101a880025284000049d023c0ca344247d28410fd6
:101a98000000000080bf023ca000428c0001427c94
:101aa800ff0042300b00401000000000049d023c83
:101ab800d4954624049d023cd4954524049d023cbb
:101ac800d0954424acf4400f000000000900001039
:101ad80000000000049d023cd4954624049d023c6d
:101ae800d4954524049d023cd8954424acf4400f79
:101af8000000000080bf023ca000428c0001427c34
:101b0800ff0042300500401000000000049d023c28
:101b1800009642240300001000000000049d023ccf
:101b28000496422425284000049d023c40a34424f6
:101b38007d28410f0000000080bf023ca000428cbd
:101b48000005427cff0042300b00401000000000fe
:101b5800049d023c3c964624049d023cd4954524b1
:101b6800049d023cd0954424acf4400f00000000d2
:101b78000900001000000000049d023c3c96462429
:101b8800049d023cd4954524049d023cd8954424e8
:101b9800acf4400f0000000080bf023ca000428c63
:101ba8000005427cff0042300500401000000000a4
:101bb800049d023c0096422403000010000000002f
:101bc800049d023c0496422425284000049d023cc2
:101bd80074a344247d28410f0000000080bf023c0c
:101be800a000428c0007427cff0042300b004010ee
:101bf80000000000049d023cd4954624049d023c4c
:101c0800d4954524049d023cd0954424acf4400f5f
:101c1800000000000900001000000000049d023cc4
:101c2800d4954624049d023cd4954524049d023c49
:101c3800d8954424acf4400f0000000080bf023c5b
:101c4800a000428c0007427cff0042300500401093
:101c580000000000049d023c00964224030000108e
:101c680000000000049d023c049642242528400000
:101c7800049d023ca8a344247d28410f00000000d5
:101c880080bf023c0000428c0003427cff004230cf
:101c98000b00401000000000049d023cd49546242f
:101ca800049d023cd4954524049d023cd8954424c7
:101cb800acf4400f00000000090000100000000014
:101cc800049d023cd4954624049d023cd4954524a9
:101cd800049d023cd0954424acf4400f0000000061
:101ce80080bf023c0000428c0003427cff0042306f
:101cf8000500401000000000049d023c04964224a8
:101d08000300001000000000049d023c00964224dd
:101d180025284000049d023cdca344247d28410f73
:101d28000000000001f5400f000000000000000066
:101d380025e8c0031400bf8f1000be8f1800bd2710
:101d48000800e00300000000d8ffbd272400bfaf53
:101d58002000beaf25f0a0038480829304004010c9
:101d680000000000010002245a00001000000000da
:101d7800d487400f0000000001004238ff004230c5
:101d88000400401000000000251000005100001061
:101d9800000000000300023c400d4434708a400fec
:101da800000000005e88400f000000003089400fee
:101db800000000009489400f000000008fbf033c22
:101dc80010806290010004240400827c108062a0cc
:101dd8000a0002241400c2aff505023c00e14334b6
:101de8001400c28f1b006200f401400010100000b4
:101df800121000001800c2af004802401c00c2af19
:101e0800010002241000c2a30b0000100000000013
:101e1800004803401c00c28f231062001800c38fc3
:101e28002b10430004004014000000001000c0a361
:101e380007000010000000008fbf023c4880428c61
:101e48000001427cff004230f1ff40140000000016
:101e58001000c29301004238ff00423008004010d1
:101e68000000000001a0023c3c444224010003247d
:101e7800140043a025100000160000100000000008
:101e88008fbf033c10806290010004244408827cc8
:101e9800108062a0f589400f000000000100423860
:101ea800ff004230080040100000000001a0023c82
:101eb8003c44422401000324150043a025100000df
:101ec800040000100000000001000224848082a3a6
:101ed8000100022425e8c0032400bf8f2000be8f24
:101ee8002800bd270800e00300000000f8ffbd2718
:101ef8000400beaf25f0a003848082930a0040103e
:101f0800000000008fbf023c1080428c4000427ce1
:101f1800ff004230040040100000000001000224cd
:101f280002000010000000002510000001004230ef
:101f3800ff00423025e8c0030400be8f0800bd271b
:101f48000800e00300000000c8ffbd273400bfaf51
:101f58003000beaf25f0a0039c3b400f00000000fe
:101f680080bf033c0001628c010004240428827ca9
:101f7800000162ac80bf023c000142241900032426
:101f8800010043a080bf033c0001628c03000424cd
:101f980004d6827c000162ac80bf033c0001628ce5
:101fa80001000424c4ee827c000162ac80bf033cc3
:101fb8000001628c8439027c000162ac80bf033c62
:101fc8000001628c84b5027c000162ac0a00022424
:101fd8001400c2aff505023c00e143341400c28f7f
:101fe8001b006200f40140001010000012100000f5
:101ff8001800c2af004802401c00c2af0100022412
:102008001000c2a30b0000100000000000480340ad
:102018001c00c28f231062001800c38f2b104300ce
:1020280004004014000000001000c0a307000010c6
:102038000000000080bf023c0001428cc005427cc9
:10204800ff004230f1ff4010000000001000c29372
:1020580001004238ff0042300a0040100000000032
:10206800af3b400f0000000001a0023c3c4442246a
:1020780001000324120043a02510000036000010c0
:102088000000000080bf033c0001628c84f7027ce2
:10209800000162ac0a0002242000c2aff505023c30
:1020a80000e143342000c28f1b006200f4014000ad
:1020b80010100000121000002400c2af00480240b7
:1020c8002800c2af010002241000c2a30b000010b8
:1020d80000000000004803402800c28f231062005f
:1020e8002400c38f2b10430004004014000000009c
:1020f8001000c0a3070000100000000080bf023cd1
:102108000001428cc007427cff004230f1ff4010c2
:10211800000000001000c29301004238ff00423066
:102128000a00401000000000af3b400f0000000014
:1021380001a0023c3c44422401000324130043a0b4
:10214800251000000400001000000000af3b400f05
:10215800000000000100022425e8c0033400bf8ffe
:102168003000be8f3800bd270800e00300000000e3
:10217800f8ffbd270400beaf25f0a0038fbf033cc6
:102188001480628c04e6027c148062ac8fbf023c2f
:102198001c8040ac8fbf023cff010324208043ac6d
:1021a8008fbf033c1480628c090004240462827c83
:1021b800148062ac8fbf033c1480628c0b00042433
:1021c8000420827c148062ac8fbf023cff1f032472
:1021d800188043ac8fbf033c1480628c1800042421
:1021e80004a4827c148062ac8fbf023c03000324e9
:1021f800248043ac8fbf033c1480628c84f7027c3c
:10220800148062ac8fbf023c16060324288043a4c6
:102218008fbf023c2880422418000324020043a0f8
:102228008fbf033c2880628c0700042404d6827c7c
:10223800288062ac8fbf023c2c8040ac8fbf033c2f
:102248002c80628c1100042404ab827c2c8062ac4c
:102258008fbf033c2c80628c080004240459827cc4
:102268002c8062ac8fbf033c3080628c0800042451
:102278000418827c308062ac8fbf033c3080628c53
:10228800070004240439827c308062ac8fbf033c91
:102298003080628c01000424045a827c308062ac55
:1022a8008fbf033c3080628c02000424047b827c54
:1022b800308062ac8fbf033c3080628c0100042404
:1022c800049c827c308062ac8fbf033c3080628c7f
:1022d8000100042404bd827c308062ac8fbf033cc3
:1022e8003080628c0400042404de827c308062ac7e
:1022f8008fbf033c3080628c0400042404ff827c7e
:10230800308062ac8fbf023c02000324348043a0bb
:102318008fbf023c3480422462000324010043a0a2
:102328008fbf033c3480628c84f7027c348062acbb
:102338008fbf033c3480628c02000424049c827c9e
:10234800348062ac8fbf033c3480628c0300042469
:1023580004cd827c348062ac8fbf033c3480628cb5
:1023680084d6027c348062ac8fbf033c3480628c9c
:10237800c4de027c348062ac8fbf033c3480628c44
:1023880004e7027c348062ac8fbf033c3480628ceb
:1023980044ef027c348062ac8fbf033c3880628c8f
:1023a800030004240418827c388062ac8fbf033c8d
:1023b8003880628c02000424045a827c388062ac23
:1023c8008fbf033c3880628c09000424047b827c24
:1023d800388062ac8fbf033c3880628c01000424d3
:1023e800049c827c388062ac8fbf033c3880628c4e
:1023f8000200042404bd827c388062ac8fbf033c99
:102408003880628c0200042404de827c388062ac4e
:102418008fbf033c3880628c0800042404ff827c50
:10242800388062ac8fbf033c3c80628c0800042477
:102438000420827c3c8062ac8fbf033c3c80628c71
:102448000b000424046a827c3c8062ac8fbf033c8e
:102458003c80628c0600042404ac827c3c8062ac24
:102468008fbf023c3000033c00106334408043ac13
:102478008fbf023c0100033c4c8043ac8fbf023c41
:102488000203033c42006334448043ac8fbf033ce7
:102498005080629001000424c418827c508062a09d
:1024a8000000000025e8c0030400be8f0800bd2717
:1024b8000800e00300000000f8ffbd270400beafdd
:1024c80025f0a0038fbf033c2091628c01000424f7
:1024d8008473827c209162ac8fbf033c2091628c14
:1024e80001000424444a827c209162ac8fbf033ce3
:1024f8002091628c01000424446b827c209162aca0
:102508008fbf033c2091628c0100042404e7827c85
:10251800209162ac8fbf033c2091628c020004249e
:1025280044f7827c209162ac8fbf033c2091628c7f
:10253800010004244408827c209162ac8fbf033cd4
:102548002091628c010004240400827c209162acfa
:102558008fbf033c2091628c030004248439827c61
:10256800209162ac8fbf033c2091628c020004244e
:102578000429827c209162ac8fbf033c2091628c3d
:10258800c418027c209162ac8fbf033c2091628cfe
:102598008410027c209162ac8fbf033c2091628c36
:1025a8000e000424049c827c209162ac8fbf033c03
:1025b8002091628c0e00042404bd827c209162acc0
:1025c8008fbf033c2491628c0300042404ff827ca7
:1025d800249162ac8fbf033c2491628c84d6027c28
:1025e800249162ac8fbf033c2491628c10000424b8
:1025f80004ca827c249162ac8fbf023c430003244e
:102608000c9143ac8fbf023c0001033c5300633480
:10261800189143ac8fbf023c010403241c9143acc6
:102628008fbf023c6c9140ac8fbf023c889140ac9c
:102638000000000025e8c0030400be8f0800bd2785
:102648000800e00300000000e0ffbd271c00beaf4b
:1026580025f0a0038fbf023c808042240400c2af53
:102668008fbf023cc08042240800c2af0000c0a354
:1026780042000010000000000000c3932510600015
:10268800801002002110430040100200039d033c0b
:10269800ac666324211043000c00c2af0c00c28f4b
:1026a800030042900400401000000000fe000224d5
:1026b8000200001000000000ff0002241000c2af5a
:1026c8001000c28f401802000c00c28f0000429018
:1026d80040120200251862000c00c28f01004290cf
:1026e80080120200251862000c00c28f020042907e
:1026f800c0120200251862000c00c28f0600429426
:1027080000160200252062000000c293801002001b
:102718000400c38f21106200ff00033c01f0633402
:1027280025188300000043ac0c00c28f06004294b9
:1027380002120200ffff4230ff0043300c00c28f3c
:102748000400429000120200252062000c00c28f93
:1027580008004294c01a02000000c29380100200d0
:102768000800c58f2110a20025188300000043ac83
:102778000000c293010042240000c2a30000c293db
:102788000c00422cbcff4014000000008fbf033c2b
:10279800488062900b0004240418827c488062a060
:1027a8008fbf033c48806290010004240421827c8e
:1027b800488062a00000000025e8c0031c00be8f0e
:1027c8002000bd270800e00300000000d8ffbd2757
:1027d8002400bfaf2000beaf25f0a0030100c0a3b6
:1027e8006a000010000000008fbf023c0030033c6c
:1027f800009143ac0a0002240400c2aff505023c74
:1028080000e143340400c28f1b006200f401400061
:1028180010100000121000000800c2af004802406b
:102828000c00c2af010002240000c2a30b0000107c
:1028380000000000004803400c00c28f2310620013
:102848000800c38f2b104300040040140000000050
:102858000000c0a307000010000000008fbf023c6a
:102868000091438c0010023c24106200f1ff4014d8
:10287800000000000000c29301004238ff0042300f
:1028880006004010000000008fbf023c1000032427
:10289800409143ac3a000010000000008fbf023c9a
:1028a8000010033c009143ac0a0002241000c2afa0
:1028b800f505023c00e143341000c28f1b006200a2
:1028c800f401400010100000121000001400c2af04
:1028d800004802401800c2af010002240000c2a351
:1028e8000b00001000000000004803401800c28fd1
:1028f800231062001400c38f2b10430004004014ff
:10290800000000000000c0a3070000100000000045
:102918008fbf023c0091438c0010023c24106200df
:10292800f1ff4014000000000000c293010042388b
:10293800ff00423006004010000000008fbf023c3c
:1029480010000324409143ac0d000010000000006b
:102958008fbf023c0091428c0300433003000224e5
:102968000400621400000000010002240c000010a2
:10297800000000008fbf023c10000324409143accc
:102988000100c293010042240100c2a30100c293c6
:102998002000422c94ff4014000000002510000085
:1029a80025e8c0032400bf8f2000be8f2800bd2764
:1029b8000800e00300000000e8ffbd271400bfafd7
:1029c8001000beaf25f0a0031800c4af0a0002240f
:1029d8000000c2af1800c38f0000c28f2110620030
:1029e800ffff43240000c28f1b006200f401400077
:1029f80010100000121000000400c2af004802408e
:102a08000800c2af00000000004803400800c28f61
:102a1800231062000400c38f2b104300faff4014f8
:102a2800000000000000000025e8c0031400bf8f6c
:102a38001000be8f1800bd270800e003000000004a
:102a4800e8ffbd271400bfaf1000beaf25f0a003fc
:102a58001800c4af1c00c5af2000c6af1800c38f54
:102a68000002023c2b10620016004010000000001b
:102a78000002033c1800c28f231062002000c38f9d
:102a88002b10430005004010000000000002033c2a
:102a98001800c28f231062002000c2af1800c38f35
:102aa80000a8023c211062002000c68f25284000a3
:102ab8001c00c48f2729410f0000000002000010ed
:102ac800000000000000000025e8c0031400bf8fcc
:102ad8001000be8f1800bd270800e00300000000aa
:102ae800e8ffbd271400bfaf1000beaf25f0a0035c
:102af8001800c4af1c00c5af2000c6af1800c38fb4
:102b08000002023c2b10620016004010000000007a
:102b18000002033c1800c28f231062002000c38ffc
:102b28002b10430005004010000000000002033c89
:102b38001800c28f231062002000c2af1800c38f94
:102b480000a8023c211062002000c68f1c00c58f1f
:102b5800252040002729410f000000000200001036
:102b6800000000000000000025e8c0031400bf8f2b
:102b78001000be8f1800bd270800e0030000000009
:102b880068ffbd279400bfaf9000beaf25f0a0033b
:102b980000a8023c5000c2af8000023c5400c2af03
:102ba800a5a5023ca5a542345800c2af01000224e5
:102bb8001800c2a301f5400f00000000039d023c6d
:102bc80024674624039d023c28674524039d023c54
:102bd8002c674424acf4400f00000000039d023c25
:102be80030674424bf27410f00000000bd87400f15
:102bf8000000000001004238ff004230120040107f
:102c080000000000039d023c28674624039d023c07
:102c180028674524039d023c24674424acf4400ff4
:102c280000000000039d023c48674424bf27410f71
:102c38000000000001f5400f000000002510000012
:102c48000903001000000000039d023c2867462489
:102c5800039d023c28674524039d023c7867442471
:102c6800acf4400f00000000039d023c7c67442444
:102c7800bf27410f00000000039d023c286746243f
:102c8800039d023c28674524039d023c2c6744248d
:102c9800acf4400f00000000039d023cec674424a4
:102ca800bf27410f000000002000c0af0f00001038
:102cb800000000002000c28f801002005000c38f67
:102cc80021106200039d033c2000c48f8020040073
:102cd800a8766324211883000000638c000043acad
:102ce8002000c28f010042242000c2af2000c28f02
:102cf8001000422cefff4014000000002000c0af7d
:102d080085000010000000002000c28f8010020023
:102d18005000c38f211062000000428c5c00c2afdb
:102d2800039d023c2000c38f80180300a87642242c
:102d3800211062000000428c5c00c38f1c006214ea
:102d480000000000039d023c28674624039d023cc6
:102d580028674524039d023c2c674424acf4400fab
:102d6800000000002000c28f80200200039d023c6a
:102d78002000c38f80180300a87642242110620027
:102d88000000438c5c00c28f1000a2af25386000a1
:102d9800253080002000c58f039d023c2468442410
:102da8007d28410f000000005800001000000000be
:102db800ffff02242400c2af2800c0af1500001096
:102dc800000000002800c38f2000c28f0e00621090
:102dd80000000000039d023c2800c38f80180300f8
:102de800a8764224211062000000428c5c00c38f48
:102df80005006214000000002800c28f2400c2af42
:102e080008000010000000002800c28f01004224c2
:102e18002800c2af2800c28f1000422ce9ff4014de
:102e280000000000039d023c28674624039d023ce5
:102e380028674524039d023c24674424acf4400fd2
:102e4800000000002400c28f1600400400000000ab
:102e58002000c28f80200200039d023c2000c38f07
:102e680080180300a8764224211062000000438cd9
:102e78002400c28f1400a2af5c00c28f1000a2af62
:102e880025386000253080002000c58f039d023c56
:102e9800606844247d28410f000000001b000010da
:102ea800000000002000c28f80200200039d023c29
:102eb8002000c38f80180300a876422421106200e6
:102ec8000000458c039d023c2000c38f801803003e
:102ed800a8764224211062000000438c5c00c28f57
:102ee800261062001400a2af5c00c28f1000a2afcf
:102ef8002538a000253080002000c58f039d023ca6
:102f0800c06844247d28410f000000002000c28fc3
:102f1800010042242000c2af2000c28f1000422cc2
:102f280079ff4014000000005000c28f08004224be
:102f38001111033c11116334000043ac5000c28fdf
:102f48002222033c22226334000043ac5000c28f8b
:102f58000800428c6000c2af039d023c28674624eb
:102f6800039d023c28674524039d023c786744245e
:102f7800acf4400f000000006000c58f039d023cc8
:102f8800106944247d28410f000000006000c38fb1
:102f98001111023c111142340700621400000000b4
:102fa800039d023c6c694424bf27410f00000000c8
:102fb80010000010000000006000c38f2222023cb5
:102fc800222242340700621400000000039d023ce4
:102fd800bc694424bf27410f000000000500001011
:102fe80000000000039d023c106a4424bf27410fe3
:102ff800000000000100023c6400c2af6400c38fff
:1030080000a8023c211062006800c2af6400c38fb0
:103018000088023c211062006c00c2af2c00c0afd7
:103028000f000010000000002c00c28f801002006a
:103038006800c38f21106200039d033c2c00c48fdd
:1030480080200400e8766324211883000000638c44
:10305800000043ac2c00c28f010042242c00c2aff8
:103068002c00c28f0400422cefff40140000000027
:10307800039d023c28674624039d023c286745249b
:10308800039d023c78674424acf4400f0000000024
:10309800039d023c446a4424bf27410f00000000fe
:1030a8002c00c0af1c00001000000000039d023c73
:1030b8002c00c38f80180300e87642242110620098
:1030c8000000448c2c00c28f801002006800c38f5f
:1030d800211062000000458c2c00c28f8010020075
:1030e8006c00c38f211062000000428c1000a2af58
:1030f8002538a000253080002c00c58f039d023c98
:10310800806a44247d28410f000000002c00c28ff3
:10311800010042242c00c2af2c00c28f0400422cb4
:10312800e2ff401400000000039d023c286746248b
:10313800039d023c28674524039d023c2c674424d8
:10314800acf4400f00000000039d023cc46a442414
:103158007d28410f000000003000c0af3400c0a33c
:1031680012000010000000003400c2930100032484
:10317800041043007000c2af5000c28f7000c38fac
:10318800000043ac5000c28f0000438c7000c28f17
:10319800261062003000c38f251062003000c2afd5
:1031a8003400c293010042243400c2a33400c29305
:1031b8002000422cecff4014000000003000c28fb9
:1031c8000f00401400000000039d023c28674624bd
:1031d800039d023c28674524039d023c2c67442438
:1031e800acf4400f00000000039d023cf06a442448
:1031f800bf27410f000000000f0000100000000072
:10320800039d023c28674624039d023c2867452409
:10321800039d023c24674424acf4400f00000000e6
:103228003000c58f039d023cf86a44247d28410f75
:10323800000000001800c0a3039d023c2867462434
:10324800039d023c28674524039d023c2c674424c7
:10325800acf4400f00000000039d023c1c6b4424aa
:103268007d28410f00000000aaaa023caaaa423405
:103278007400c2af5555023c555542347800c2af70
:10328800010002244000c2a3010002243800c2af9a
:103298000a000010000000003800c28f80100200f1
:1032a8005000c38f211062007400c38f000043ac2c
:1032b8003800c28f401002003800c2af3800c38ff8
:1032c8005400c28f2b106200f3ff4014000000006e
:1032d8005000c28f7800c38f000043ac0100022465
:1032e8003800c2af0f000010000000003800c28f85
:1032f800801002005000c38f211062000000428c31
:103308007400c38f04006210000000004000c0a3d6
:1033180009000010000000003800c28f40100200b1
:103328003800c2af3800c38f5400c28f2b10620020
:10333800eeff4014000000005000c28f7400c38fdd
:10334800000043ac010002243c00c2af330000106f
:10335800000000003c00c28f801002005000c38fa4
:10336800211062007800c38f000043ac5000c28f68
:103378000000428c7400c38f04006210000000003b
:103388004000c0a32d00001000000000010002242e
:103398003800c2af13000010000000003800c38fcf
:1033a8003c00c28f0c006210000000003800c28f81
:1033b800801002005000c38f211062000000428c70
:1033c8007400c38f04006210000000004000c0a316
:1033d80009000010000000003800c28f40100200f1
:1033e8003800c2af3800c38f5400c28f2b10620060
:1033f800eaff4014000000003c00c28f8010020069
:103408005000c38f211062007400c38f000043acca
:103418003c00c28f401002003c00c2af4000c29383
:1034280006004010000000003c00c38f5400c28f0b
:103438002b106200c7ff4014000000004000c29338
:103448000f00401000000000039d023c286746243e
:10345800039d023c28674524039d023c2c674424b5
:10346800acf4400f00000000039d023cf06a4424c5
:10347800bf27410f000000000e00001000000000f0
:10348800039d023c28674624039d023c2867452487
:10349800039d023c24674424acf4400f0000000064
:1034a800039d023c486b4424bf27410f00000000e5
:1034b8001800c0a3039d023c28674624039d023cd4
:1034c80028674524039d023c2c674424acf4400f34
:1034d80000000000039d023c686b44247d28410fd6
:1034e80000000000010002244100c2a34400c0af54
:1034f8004800c0af4c00c0af1c00c0af190000109e
:10350800000000001c00c28f801002005000c38f12
:10351800211062001c00c48f5800c38f2618830036
:10352800000043ac1c00c28fffff42300300401470
:103538000000000038e9400f000000001c00c28fa6
:103548000088427c04004014000000002e0004247f
:10355800fa29410f000000001c00c28f010042241c
:103568001c00c2af1c00c38f5400c28f2b10620016
:10357800e4ff4014000000001c00c0af2f00001042
:10358800000000001c00c38f5800c28f2610620084
:103598007c00c2af1c00c28f801002005000c38f95
:1035a800211062000000428c8000c2af8000c38fef
:1035b8007c00c28f0a006210000000004100c0a316
:1035c8001c00c28f4400c2af7c00c28f4800c2af4b
:1035d8008000c28f4c00c2af200000100000000025
:1035e8001c00c28f801002005000c38f211062009f
:1035f8007c00c38f27180300000043ac1c00c28f57
:10360800ffff4230030040140000000038e9400f7b
:10361800000000001c00c28f0088427c0400401497
:10362800000000002e000424fa29410f00000000c9
:103638001c00c28f010042241c00c2af4100c2938b
:1036480006004010000000001c00c38f5400c28f09
:103658002b106200cbff4014000000001c00c0af1c
:1036680029000010000000001c00c38f5800c28f02
:1036780026106200271002008400c2af1c00c28f0f
:10368800801002005000c38f211062000000428c9d
:103698008800c2af8800c38f8400c28f0a006210fe
:1036a800000000004100c0a31c00c28f4400c2af4c
:1036b8008400c28f4800c2af8800c28f4c00c2afde
:1036c80019000010000000001c00c28fffff4230ec
:1036d800030040140000000038e9400f000000001b
:1036e8001c00c28f0088427c0400401400000000c7
:1036f8002e000424fa29410f000000001c00c28f8c
:10370800010042241c00c2af4100c29306004010d1
:10371800000000001c00c38f5400c28f2b106200f1
:10372800d1ff401400000000039d023ca46b442418
:10373800bf27410f000000004100c2931000401055
:1037480000000000039d023c28674624039d023cbc
:1037580028674524039d023c2c674424acf4400fa1
:10376800000000005400c58f039d023ca86b442450
:103778007d28410f00000000150000100000000027
:10378800039d023c28674624039d023c2867452484
:10379800039d023c24674424acf4400f0000000061
:1037a8004400c28f801802004c00c28f1000a2afe4
:1037b8004800c78f253060004400c58f039d023c38
:1037c800d46b44247d28410f000000001800c0a3da
:1037d8001800c2930b00401000000000039d023c3b
:1037e80024674624039d023c28674524039d023c28
:1037f8002c674424acf4400f0000000009000010be
:1038080000000000039d023c24674624039d023cff
:1038180028674524039d023c24674424acf4400fe8
:10382800000000001800c2930500401000000000ce
:10383800039d023c206c422403000010000000009d
:10384800039d023c286c422425284000039d023c2d
:10385800306c44247d28410f0000000001f5400f22
:10386800000000001800c29325e8c0039400bf8f31
:103878009000be8f9800bd270800e00300000000fc
:10388800b0ffbd274c00bfaf4800beaf25f0a00376
:1038980001f5400f00000000039d023c2467462408
:1038a800039d023c28674524039d023c2c67442461
:1038b800acf4400f00000000039d023c446c44241b
:1038c800bf27410f00000000bd87400f0000000027
:1038d8000b00401000000000039d023c28674624ae
:1038e800039d023c28674524039d023c2c67442421
:1038f800acf4400f000000000900001000000000b8
:10390800039d023c28674624039d023c2867452402
:10391800039d023c24674424acf4400f00000000df
:10392800bd87400f000000000500401000000000a7
:10393800039d023c646c4224030000100000000058
:10394800039d023c7c6c422425284000039d023cd8
:10395800886c44247d28410f0000000018000224d0
:103968002000c2af80bf023c0001428c0028427c8c
:10397800ff004230070040100000000080bf023cfa
:103988000001428c0028427cff00423002000010f7
:1039980000000000010002242400c2af80bf023ce6
:1039a8000001422401004290ff0042302800c2afcb
:1039b80080bf023c0001428c0016427cff0042306e
:1039c800070040100000000080bf023c0001428c4c
:1039d8000016427cff004230020000100000000088
:1039e800010002242c00c2af80bf023c0001428cbf
:1039f800c016427cff004230070040100000000063
:103a080080bf023c0001428cc016427cff0042305d
:103a18000200001000000000010002243000c2afc4
:103a28002000c38f2800c28f021862702400c28f42
:103a38001b006200f401400010100000121000008a
:103a48003400c2af2c00c38f3000c28f02106270e6
:103a58003400c38f1b006200f40140001010000006
:103a6800121000003800c2af039d023c24674624b0
:103a7800039d023c28674524039d023c2c6744248f
:103a8800acf4400f00000000039d023ca06c4424ed
:103a9800bf27410f0000000080bf023c0001428c9c
:103aa800c007427cff0042300b00401000000000bd
:103ab800039d023c28674624039d023c2867452451
:103ac800039d023c2c674424acf4400f0000000026
:103ad8000900001000000000039d023c28674624ee
:103ae800039d023c28674524039d023c2467442427
:103af800acf4400f0000000080bf023c0001428c83
:103b0800c007427cff004230050040100000000062
:103b1800039d023cb86c4224030000100000000022
:103b2800039d023cc06c422425284000039d023cb2
:103b3800cc6c44247d28410f0000000080bf023c6b
:103b48000001428cc005427cff0042300b0040104f
:103b580000000000039d023c28674624039d023ca8
:103b680028674524039d023c2c674424acf4400f8d
:103b7800000000000900001000000000039d023c46
:103b880028674624039d023c28674524039d023c80
:103b980024674424acf4400f0000000080bf023cbe
:103ba8000001428cc005427cff00423005004010f5
:103bb80000000000039d023cec6c4224030000104e
:103bc80000000000039d023cc06c422425284000f0
:103bd800039d023cf46c44247d28410f0000000042
:103be800039d023c28674624039d023c2867452420
:103bf800039d023c2c674424acf4400f00000000f5
:103c08002800c28f1000a2af2400c78f2000c68fe3
:103c18003400c58f039d023c1c6d44247d28410f50
:103c2800000000003000c78f2c00c68f3800c58ff9
:103c3800039d023c506d44247d28410f0000000084
:103c48003800c28f4010020025284000039d023c26
:103c5800806d44247d28410f000000003800c58f86
:103c6800039d023cd46d44247d28410f00000000d0
:103c78003800c28f8010020025284000039d023cb6
:103c8800146e44247d28410f0000000080bf023cd0
:103c98000001428c8009427cff0042300b00401436
:103ca80000000000039d023c28674624039d023c57
:103cb80028674524039d023c2c674424acf4400f3c
:103cc800000000000900001000000000039d023cf5
:103cd80028674624039d023c28674524039d023c2f
:103ce80024674424acf4400f0000000080bf023c6d
:103cf8000001428c8009427cff00423005004014dc
:103d080000000000039d023c4c6e4224030000109a
:103d180000000000039d023c846e422480bf033ce7
:103d28000001638c8009637cff00633025306000ec
:103d380025284000039d023cb06e44247d28410f95
:103d480000000000039d023c24674624039d023cba
:103d580028674524039d023c2c674424acf4400f9b
:103d680000000000039d023ce06e4424bf27410f81
:103d7800000000008fbf023c1080428c4000427c53
:103d8800ff0042300b00401000000000039d023c81
:103d980028674624039d023c28674524039d023c6e
:103da8002c674424acf4400f000000000900001008
:103db80000000000039d023c28674624039d023c46
:103dc80028674524039d023c24674424acf4400f33
:103dd800000000008fbf023c1080428c4000427cf3
:103de800ff0042300500401000000000039d023c27
:103df800f46e42240300001000000000039d023c02
:103e08000c6f422425284000039d023c1c6f44246b
:103e18007d28410f000000008fbf023c0091428cba
:103e280003004330030002240b006214000000006a
:103e3800039d023c28674624039d023c28674524cd
:103e4800039d023c2c674424acf4400f00000000a2
:103e58000900001000000000039d023c286746246a
:103e6800039d023c28674524039d023c24674424a3
:103e7800acf4400f000000008fbf023c0091428c60
:103e8800010042300500401000000000039d023c84
:103e98003c6f42240300001000000000039d023c18
:103ea800446f42248fbf033c0091638c020063304f
:103eb8000500601000000000039d033c3c6f632474
:103ec8000300001000000000039d033c446f6324be
:103ed8002530600025284000039d023c546f44248f
:103ee8007d28410f00000000039d023c28674624fe
:103ef800039d023c28674524039d023c2c6744240b
:103f0800acf4400f000000008fbf023c5080428c90
:103f1800c000427cff004230050040100000000055
:103f2800039d023c946f422403000010000000002f
:103f3800039d023ca06f422425284000039d023cbb
:103f4800ac6f44247d28410f000000008fbf023c65
:103f58001480428c8007427cff00423005004010ec
:103f680000000000039d023cc86f422403000010bb
:103f780000000000039d023ce06f42242528400019
:103f8800039d023cec6f44247d28410f0000000093
:103f98008fbf023c4c80428c010042303c00c2afd3
:103fa8008fbf023c4c80428c021402000100423058
:103fb8004000c2af8fbf023c1891428c021602002b
:103fc800010042304400c2af039d023c24674624ee
:103fd800039d023c28674524039d023c2c6744242a
:103fe800acf4400f00000000039d023c0c70442418
:103ff800bf27410f000000008fbf023c2091428c78
:104008004000427cff0042300b00401000000000de
:10401800039d023c28674624039d023c28674524eb
:10402800039d023c2c674424acf4400f00000000c0
:104038000900001000000000039d023c2867462488
:10404800039d023c28674524039d023c24674424c1
:10405800acf4400f000000008fbf023c2091428c5e
:104068004000427cff004230050040100000000084
:10407800039d023c30704224030000100000000041
:10408800039d023ce06f422425284000039d023c2a
:10409800387044247d28410f00000000039d023c35
:1040a80028674624039d023c28674524039d023c5b
:1040b8002c674424acf4400f000000008fbf023c82
:1040c8002091428c0000427cff00423005004010e5
:1040d80000000000039d023c6070422403000010b1
:1040e80000000000039d023c68704224252840001f
:1040f800039d023c707044247d28410f000000009d
:104108008fbf023c2091428c8009427cff004230e4
:10411800251840008fbf023c2091428c0009427c48
:10412800ff0042302530400025286000039d023cf6
:10413800987044247d28410f000000003c00c28f85
:104148000b00401000000000039d023c2867462435
:10415800039d023c28674524039d023c2c674424a8
:10416800acf4400f0000000009000010000000003f
:10417800039d023c28674624039d023c286745248a
:10418800039d023c24674424acf4400f0000000067
:104198003c00c28f0500401000000000039d023c57
:1041a800cc7042240300001000000000039d023c74
:1041b800d870422425284000039d023ce87044241e
:1041c8007d28410f00000000039d023c286746241b
:1041d800039d023c28674524039d023c2c67442428
:1041e800acf4400f000000004000c28f05004010f2
:1041f80000000000039d023ccc7042240300001024
:1042080000000000039d023c18714224252840004c
:10421800039d023c287144247d28410f00000000c2
:104228004400c28f0500401000000000039d023cbe
:10423800307042240300001000000000039d023c7f
:10424800e06f422425284000039d023c5871442415
:104258007d28410f000000008fbf023c4080438c46
:104268008fbf023c4c80428c2530400025286000de
:10427800039d023c8c7144247d28410f00000000fe
:10428800039d023c28674624039d023c2867452479
:10429800039d023c2c674424acf4400f000000004e
:1042a8008fbf023c4480428cc007427cff004230f2
:1042b8000500401000000000039d023cc07142242c
:1042c8000300001000000000039d023ccc71422452
:1042d80025284000039d023cdc7144247d28410fc1
:1042e80000000000039d023c24674624039d023c15
:1042f80028674524039d023c2c674424acf4400ff6
:1043080000000000039d023cfc714424bf27410fbc
:1043180000000000039d023c28674624039d023ce0
:1043280028674524039d023c2c674424acf4400fc5
:1043380000000000040007240500062405000524e9
:10434800039d023c0c7244247d28410f00000000ac
:1043580008000524039d023c5c7244247d28410f1b
:104368000000000088130624c4090524039d023cac
:104378008c7244247d28410f00000000983a0224e2
:104388001800a2af0100023c0cf242341400a2afa4
:104398009ce002341000a2afc8af0734d430062422
:1043a800d4300524039d023ccc7244247d28410f5f
:1043b800000000008fbf023c28804294ffff42307b
:1043c800251840008fbf023c2880422402004290fa
:1043d800ff004230252040008fbf023c2880428cdd
:1043e8000016427cff0042301000a2af2538800042
:1043f800253060007700023cc0044534039d023c30
:10440800187344247d28410f00000000039d023cde
:1044180024674624039d023c28674524039d023ceb
:104428002c674424acf4400f00000000039d023cbc
:1044380068734424bf27410f00000000039d023c1d
:1044480028674624039d023c28674524039d023cb7
:104458002c674424acf4400f00000000039d023c8c
:1044680088734424bf27410f00000000039d023ccd
:10447800dc734424bf27410f0000000000a8073c5c
:104488000088063c0008053c039d023c2074442437
:104498007d28410f00000000039d023c246746244c
:1044a800039d023c28674524039d023c2c67442455
:1044b800acf4400f00000000039d023c70744424db
:1044c800bf27410f00000000039d023c28674624d7
:1044d800039d023c28674524039d023c2c67442425
:1044e800acf4400f0000000080bf023c0001438c88
:1044f8008fbf023c1080448c8fbf023c0091428cdd
:10450800253840002530800025286000039d023ca6
:10451800847444247d28410f000000008fbf023cb2
:104528001480438c8fbf023c2880448c8fbf023c90
:104538004480428c253840002530800025286000c2
:10454800039d023cc47444247d28410f00000000f0
:104558008fbf023c3080438c8fbf023c3480448c38
:104568008fbf023c3880458c8fbf023c3c80428c18
:104578001000a2af2538a000253080002528600053
:10458800039d023c087544247d28410f000000006b
:104598008fbf023c2091428c25284000039d023c9d
:1045a800407544247d28410f000000008fbf023c65
:1045b8000c91438c8fbf023c1891448c8fbf023cf6
:1045c8001c91428c25384000253080002528600049
:1045d800039d023c607544247d28410f00000000c3
:1045e8008fbf023c2491438c8fbf023c5c91448c6a
:1045f8008fbf023c4091428c253840002530800016
:1046080025286000039d023ca47544247d28410fa1
:1046180000000000039d023c24674624039d023ce1
:1046280028674524039d023c2c674424acf4400fc2
:1046380000000000039d023ce8754424bf27410f99
:104648000000000001a0023c3c44422412004290b9
:10465800ff004230130040140000000001a0023c9b
:104668003c44422413004290ff0042300d004014a5
:104678000000000001a0023c3c4442241400429087
:10468800ff004230070040140000000001a0023c77
:104698003c44422415004290ff0042303300401051
:1046a80000000000039d023c28674624039d023c4d
:1046b80028674524039d023c24674424acf4400f3a
:1046c8000000000001a0023c3c4442241200429039
:1046d800ff0042300500401000000000039d023c2e
:1046e80000764424bf27410f0000000001a0023ccf
:1046f8003c44422413004290ff0042300500401021
:1047080000000000039d023c30764424bf27410f7f
:104718000000000001a0023c3c44422414004290e6
:10472800ff0042300500401000000000039d023cdd
:104738004c764424bf27410f0000000001a0023c32
:104748003c44422415004290ff00423013004010c0
:1047580000000000039d023c74764424bf27410feb
:10476800000000000d00001000000000039d023c46
:1047780028674624039d023c28674524039d023c84
:104788002c674424acf4400f00000000039d023c59
:1047980098764424bf27410f0000000001f5400f20
:1047a800000000000000000025e8c0034c00bf8f97
:1047b8004800be8f5000bd270800e003000000003d
:020000040000fa
:020000041d02db
:1047c800252e3266204d487a00000000252e3266dc
:1047d800206b487a00000000252e326620487a00b7
:1047e80044697361626c6564000000003078255884
:1047f8002558000050494333324d5a30353132453f
:10480800464530363400000050494333324d5a3063
:10481800353132454646303634000000504943337e
:10482800324d5a3035313245464b3036340000006f
:1048380050494333324d5a3130323445464530368b
:104848003400000050494333324d5a313032344538
:10485800464630363400000050494333324d5a3111
:1048680030323445464b303634000000504943332b
:10487800324d5a3130323445464730363400000024
:1048880050494333324d5a31303234454648303638
:104898003400000050494333324d5a3130323445e8
:1048a800464d30363400000050494333324d5a32b9
:1048b80030343845464730363400000050494333d9
:1048c800324d5a32303438454648303634000000cc
:1048d80050494333324d5a3230343845464d3036dc
:1048e8003400000050494333324d5a303531324597
:1048f800464531303000000050494333324d5a307c
:104908003531324546463130300000005049433396
:10491800324d5a3035313245464b31303000000087
:1049280050494333324d5a3130323445464531309f
:104938003000000050494333324d5a31303234454b
:10494800464631303000000050494333324d5a3129
:1049580030323445464b3130300000005049433343
:10496800324d5a313032344546473130300000003c
:1049780050494333324d5a3130323445464831304c
:104988003000000050494333324d5a3130323445fb
:10499800464d31303000000050494333324d5a32d1
:1049a80030343845464731303000000050494333f1
:1049b800324d5a32303438454648313030000000e4
:1049c80050494333324d5a3230343845464d3130f0
:1049d8003000000050494333324d5a3035313245aa
:1049e800464531323400000050494333324d5a3085
:1049f80035313245464631323400000050494333a0
:104a0800324d5a3035313245464b31323400000090
:104a180050494333324d5a313032344546453132ac
:104a28003400000050494333324d5a313032344556
:104a3800464631323400000050494333324d5a3132
:104a480030323445464b313234000000504943334c
:104a5800324d5a3130323445464731323400000045
:104a680050494333324d5a31303234454648313259
:104a78003400000050494333324d5a313032344506
:104a8800464d31323400000050494333324d5a32da
:104a980030343845464731323400000050494333fa
:104aa800324d5a32303438454648313234000000ed
:104ab80050494333324d5a3230343845464d3132fd
:104ac8003400000050494333324d5a3035313245b5
:104ad800464531343400000050494333324d5a3092
:104ae80035313245464631343400000050494333ad
:104af800324d5a3035313245464b3134340000009e
:104b080050494333324d5a313032344546453134b9
:104b18003400000050494333324d5a313032344565
:104b2800464631343400000050494333324d5a313f
:104b380030323445464b3134340000005049433359
:104b4800324d5a3130323445464731343400000052
:104b580050494333324d5a31303234454648313466
:104b68003400000050494333324d5a313032344515
:104b7800464d31343400000050494333324d5a32e7
:104b88003034384546473134340000005049433307
:104b9800324d5a32303438454648313434000000fa
:104ba80050494333324d5a3230343845464d31340a
:104bb80034000000556e646566696e656400000027
:104bc8004131000041330000423200003100000052
:104bd800300000003200000053797374656d204383
:104be8006c6f636b2053657474696e67733a0a0d52
:104bf8000000000020202020535953434c4b20280c
:104c080053797374656d20436c6f636b29206973e6
:104c18002073657420746f3a2025730a0d00000014
:104c28000a0d2020202043757272656e74204f7320
:104c380063696c6c61746f722053656c6563746929
:104c48006f6e732069733a2000000000496e746526
:104c5800726e616c2046617374205243202846525c
:104c68004329204f7363696c6c61746f72206469a7
:104c78007669646564206279204652434449563c0b
:104c8800323a303e206269747320284652434449c0
:104c980056290a0d0000000053797374656d205081
:104ca8004c4c202853504c4c290a0d005072696d09
:104cb800617279204f7363696c6c61746f7220281c
:104cc800504f53432920284853206f7220454329c9
:104cd8000a0d00005365636f6e64617279204f732b
:104ce80063696c6c61746f722028534f5343290aaf
:104cf8000d000000496e7465726e616c204c6f7710
:104d08002d506f77657220524320284c505243290a
:104d1800204f7363696c6c61746f720a0d00000038
:104d28004261636b2d757020466173742052432075
:104d3800284246524329204f7363696c6c61746f33
:104d4800720a0d00456e61626c6564000a0d2020d0
:104d58002020447265616d204d6f64652025730abb
:104d68000d0000000a0d20202020426f6f74205093
:104d78004c4c20496e70757420446976696465727c
:104d88002069732073657420746f3a2025640a0db6
:104d98000000000020202020426f6f7420504c4cef
:104da800204d756c7469706c696572206973207325
:104db800657420746f3a2025640a0d002020202095
:104dc800426f6f7420504c4c204f7574707574206e
:104dd8004469766964657220697320736574207408
:104de8006f3a2025640a0d000a0d202020204f70fc
:104df80065726174696f6e616c20504c4c20496e0d
:104e080070757420446976696465722069732073cb
:104e1800657420746f3a2025640a0d002020202034
:104e28004f7065726174696f6e616c20504c4c20d4
:104e38004d756c7469706c6965722069732073654f
:104e48007420746f3a2025640a0d00002020202069
:104e58004f7065726174696f6e616c20504c4c20a4
:104e68004f75747075742044697669646572206939
:104e7800732073657420746f3a2025640a0d00004e
:104e880046524300504f5343000000000a0d2020b3
:104e9800202053504c4c20436c6f636b20536f752c
:104ea8007263652073657420746f3a2025730a0d48
:104eb800000000002020202053504c4c20496e70e8
:104ec8007574204672657175656e63792052616ede
:104ed80067652053656c656374696f6e3a200000de
:104ee80033342d3634204d487a0d0a0d0000000069
:104ef80032312d3432204d487a0d0a0d0000000061
:104f080031332d3236204d487a0d0a0d000000004d
:104f1800382d3136204d487a0d0a0d00352d3130a7
:104f2800204d487a0d0000004279706173730d0ab4
:104f38000d0000000a0d20202020524546434c4b0e
:104f48003120285265666572656e636520436c6f13
:104f5800636b2031292044697361626c65640a0db2
:104f6800000000000a0d20202020524546434c4beb
:104f78003120285265666572656e636520436c6fe3
:104f8800636b2031292069732073657420746f3a2c
:104f98002025730a0d00000020202020524546439a
:104fa8004c4b3220285265666572656e63652043f6
:104fb8006c6f636b2032292044697361626c65648d
:104fc8000a0d000020202020524546434c4b322039
:104fd800285265666572656e636520436c6f636b06
:104fe8002032292069732073657420746f3a202554
:104ff800730a0d0020202020524546434c4b332095
:10500800285265666572656e636520436c6f636bd5
:105018002033292044697361626c65640a0d0000bd
:1050280020202020524546434c4b332028526566a9
:105038006572656e636520436c6f636b203329204e
:1050480069732073657420746f3a2025730a0d0004
:1050580020202020524546434c4b34202852656678
:105068006572656e636520436c6f636b203429201d
:1050780044697361626c65640a0d00002020202079
:10508800524546434c4b3420285265666572656e1e
:10509800636520436c6f636b203429206973207328
:1050a800657420746f3a2025730a0d002020202093
:1050b800524546434c4b3520285265666572656eed
:1050c800636520436c6f636b2035292044697361e5
:1050d800626c65640a0d000020202020524546437a
:1050e8004c4b3520285265666572656e63652043b2
:1050f8006c6f636b20352920697320736574207485
:105108006f3a2025730a0d000a0d202020205042f6
:10511800434c4b3120285065726970686572616c28
:105128002042757320436c6f636b203129206973ab
:105138002073657420746f3a2025730a0d000000ef
:10514800202020205042434c4b3220285065726961
:1051580070686572616c2042757320436c6f636b75
:105168002032292069732073657420746f3a2025d2
:10517800730a0d00202020205042434c4b32202837
:105188005065726970686572616c2042757320435e
:105198006c6f636b203229206973206469736162c4
:1051a8006c65640d00000000202020205042434c14
:1051b8004b3320285065726970686572616c2042b3
:1051c800757320436c6f636b2033292069732073d8
:1051d800657420746f3a2025730a0d002020202062
:1051e8005042434c4b332028506572697068657291
:1051f800616c2042757320436c6f636b20332920e8
:1052080069732064697361626c65640d0000000055
:10521800202020205042434c4b342028506572698e
:1052280070686572616c2042757320436c6f636ba4
:105238002034292069732073657420746f3a2025ff
:10524800730a0d00202020205042434c4b34202864
:105258005065726970686572616c2042757320438d
:105268006c6f636b203429206973206469736162f1
:105278006c65640d00000000202020205042434c43
:105288004b3520285065726970686572616c2042e0
:10529800757320436c6f636b203529206973207305
:1052a800657420746f3a2025730a0d002020202091
:1052b8005042434c4b3520285065726970686572be
:1052c800616c2042757320436c6f636b2035292015
:1052d80069732064697361626c65640d0000000085
:1052e800202020205042434c4b36202850657269bc
:1052f80070686572616c2042757320436c6f636bd4
:105308002036292069732073657420746f3a20252c
:10531800730a0d00202020205042434c4b36202891
:105328005065726970686572616c204275732043bc
:105338006c6f636b2036292069732064697361621e
:105348006c65640d00000000202020205042434c72
:105358004b3720285065726970686572616c20420d
:10536800757320436c6f636b203729206973207332
:10537800657420746f3a2025730a0d0020202020c0
:105388005042434c4b3720285065726970686572eb
:10539800616c2042757320436c6f636b2037292042
:1053a80069732064697361626c65640d00000000b4
:1053b8004c6f636b65640000556e6c6f636b65645e
:1053c800000000000a0d20202020436c6f636b2032
:1053d80053657474696e67733a2025730a0d00006b
:1053e8004465746563746564000000004e6f742042
:1053f8004465746563746564000000000a0d20202c
:105408002020436c6f636b204661696c3a202573da
:105418000a0d0000536c65657000000049646c65f6
:10542800000000000a0d202020205741495420691f
:105438006e737472756374696f6e20656e746572cd
:10544800733a202573204d6f64650a0d0000000033
:1054580052656164790000004e6f74205265616482
:10546800790000000a0d202020204c505243204f84
:105478007363696c6c61746f7220537461747573b3
:105488003a2025730a0d000020202020534f534353
:10549800204f7363696c6c61746f7220537461740c
:1054a80075733a2025730a0d000000002020202083
:1054b800504f5343204f7363696c6c61746f722053
:1054c8005374617475733a2025730a0d0000000047
:1054d8002020202053504c4c204f7363696c6c6122
:1054e800746f72205374617475733a2025730a0db2
:1054f8000000000020202020465243204f7363699b
:105508006c6c61746f72205374617475733a2025e2
:10551800730a0d0054696d657220257520537461f6
:105528007475733a0d0a00004f6e00004f666600ee
:105538002020202054696d6572203120456e6162fb
:105548006c653a2025730a0d0000000054727565d9
:105558000000000046616c736500000020202020d8
:1055680054696d657220312053746f7020696e2004
:1055780049646c653a2025730a0d0000202020201c
:1055880054696d65722031204173796e632e2057fe
:10559800726974653a2025730a0d000020202020c6
:1055a80054696d6572203120476174696e673a20cd
:1055b80025730a0d000000002020202054696d6525
:1055c8007220312053796e633a2025730a0d00004a
:1055d80045787465726e616c20436c6f636b206fe5
:1055e8006e205431434b492070696e0050657269d2
:1055f80070686572616c2042757320436c6f636bd1
:10560800203300002020202054696d65722031204d
:10561800436c6f636b20536f757263653a20257313
:105628000a0d00002020202054696d657220312069
:1056380054696d65722056616c75653a2025750d43
:105648000a0000002020202054696d657220312056
:10565800506572696f643a2025750d0a00000000d4
:105668002020202054696d657220312050726573a6
:1056780063616c61723a2000313a323536207072bb
:10568800657363616c652076616c75650d0000005b
:10569800313a3634207072657363616c65207661c7
:1056a8006c75650d00000000313a38207072657322
:1056b80063616c652076616c75650d00313a312047
:1056c8007072657363616c652076616c75650d0039
:1056d8002020202054696d6572203220456e616259
:1056e8006c653a2025730a0d000000002020202058
:1056f80054696d657220322053746f7020696e2072
:1057080049646c653a2025730a0d0000202020208a
:1057180054696d6572203220476174696e673a205a
:1057280025730a0d000000002020202054696d65b3
:1057380072203220333220626974206d6f64653aba
:105748002025730a0d00000045787465726e616c3f
:1057580020436c6f636b206f6e205432434b49209b
:1057680070696e002020202054696d6572203220f7
:10577800436c6f636b20536f757263653a202573b2
:105788000a0d00002020202054696d657220322007
:1057980054696d65722056616c75653a2025750de2
:1057a8000a0000002020202054696d6572203220f4
:1057b800506572696f643a2025750d0a0000000073
:1057c8002020202054696d65722032205072657344
:1057d80063616c61723a2000313a3332207072652d
:1057e8007363616c652076616c75650d000000005f
:1057f800313a3136207072657363616c6520766169
:105808006c75650d00000000313a342070726573c4
:1058180063616c652076616c75650d00313a3220e4
:105828007072657363616c652076616c75650d00d7
:105838002020202054696d6572203320456e6162f6
:105848006c653a2025730a0d0000000020202020f6
:1058580054696d657220332053746f7020696e200f
:1058680049646c653a2025730a0d00002020202029
:1058780054696d6572203320476174696e673a20f8
:1058880025730a0d0000000045787465726e616c1e
:1058980020436c6f636b206f6e205433434b492059
:1058a80070696e002020202054696d6572203320b5
:1058b800436c6f636b20536f757263653a20257371
:1058c8000a0d00002020202054696d6572203320c5
:1058d80054696d65722056616c75653a2025750da1
:1058e8000a0000002020202054696d6572203320b2
:1058f800506572696f643a2025750d0a0000000032
:105908002020202054696d65722033205072657301
:1059180063616c61723a20002020202054696d6513
:1059280072203420456e61626c653a2025730a0d39
:10593800000000002020202054696d65722034206a
:1059480053746f7020696e2049646c653a20257322
:105958000a0d00002020202054696d657220342033
:10596800476174696e673a2025730a0d00000000cc
:105978002020202054696d65722034203332206243
:105988006974206d6f64653a2025730a0d00000064
:1059980045787465726e616c20436c6f636b206f21
:1059a8006e205434434b492070696e00202020201b
:1059b80054696d6572203420436c6f636b20536f9c
:1059c800757263653a2025730a0d00002020202097
:1059d80054696d657220342054696d657220566172
:1059e8006c75653a2025750d0a00000020202020de
:1059f80054696d6572203420506572696f643a206d
:105a080025750d0a000000002020202054696d65ce
:105a1800722034205072657363616c61723a2000a1
:105a28002020202054696d6572203520456e616202
:105a38006c653a2025730a0d000000002020202004
:105a480054696d657220352053746f7020696e201b
:105a580049646c653a2025730a0d00002020202037
:105a680054696d6572203520476174696e673a2004
:105a780025730a0d0000000045787465726e616c2c
:105a880020436c6f636b206f6e205435434b492065
:105a980070696e002020202054696d6572203520c1
:105aa800436c6f636b20536f757263653a2025737f
:105ab8000a0d00002020202054696d6572203520d1
:105ac80054696d65722056616c75653a2025750daf
:105ad8000a0000002020202054696d6572203520be
:105ae800506572696f643a2025750d0a0000000040
:105af8002020202054696d6572203520507265730e
:105b080063616c61723a20002020202054696d6521
:105b180072203620456e61626c653a2025730a0d45
:105b2800000000002020202054696d657220362076
:105b380053746f7020696e2049646c653a20257330
:105b48000a0d00002020202054696d65722036203f
:105b5800476174696e673a2025730a0d00000000da
:105b68002020202054696d6572203620333220624f
:105b78006974206d6f64653a2025730a0d00000072
:105b880045787465726e616c20436c6f636b206f2f
:105b98006e205436434b492070696e002020202027
:105ba80054696d6572203620436c6f636b20536fa8
:105bb800757263653a2025730a0d000020202020a5
:105bc80054696d657220362054696d65722056617e
:105bd8006c75653a2025750d0a00000020202020ec
:105be80054696d6572203620506572696f643a2079
:105bf80025750d0a000000002020202054696d65dd
:105c0800722036205072657363616c61723a2000ad
:105c18002020202054696d6572203720456e61620e
:105c28006c653a2025730a0d000000002020202012
:105c380054696d657220372053746f7020696e2027
:105c480049646c653a2025730a0d00002020202045
:105c580054696d6572203720476174696e673a2010
:105c680025730a0d0000000045787465726e616c3a
:105c780020436c6f636b206f6e205437434b492071
:105c880070696e002020202054696d6572203720cd
:105c9800436c6f636b20536f757263653a2025738d
:105ca8000a0d00002020202054696d6572203720dd
:105cb80054696d65722056616c75653a2025750dbd
:105cc8000a0000002020202054696d6572203720ca
:105cd800506572696f643a2025750d0a000000004e
:105ce8002020202054696d6572203720507265731a
:105cf80063616c61723a20002020202054696d6530
:105d080072203820456e61626c653a2025730a0d51
:105d1800000000002020202054696d657220382082
:105d280053746f7020696e2049646c653a2025733e
:105d38000a0d00002020202054696d65722038204b
:105d4800476174696e673a2025730a0d00000000e8
:105d58002020202054696d6572203820333220625b
:105d68006974206d6f64653a2025730a0d00000080
:105d780045787465726e616c20436c6f636b206f3d
:105d88006e205438434b492070696e002020202033
:105d980054696d6572203820436c6f636b20536fb4
:105da800757263653a2025730a0d000020202020b3
:105db80054696d657220382054696d65722056618a
:105dc8006c75653a2025750d0a00000020202020fa
:105dd80054696d6572203820506572696f643a2085
:105de80025750d0a000000002020202054696d65eb
:105df800722038205072657363616c61723a2000ba
:105e08002020202054696d6572203920456e61621a
:105e18006c653a2025730a0d000000002020202020
:105e280054696d657220392053746f7020696e2033
:105e380049646c653a2025730a0d00002020202053
:105e480054696d6572203920476174696e673a201c
:105e580025730a0d0000000045787465726e616c48
:105e680020436c6f636b206f6e205439434b49207d
:105e780070696e002020202054696d6572203920d9
:105e8800436c6f636b20536f757263653a2025739b
:105e98000a0d00002020202054696d6572203920e9
:105ea80054696d65722056616c75653a2025750dcb
:105eb8000a0000002020202054696d6572203920d6
:105ec800506572696f643a2025750d0a000000005c
:105ed8002020202054696d65722039205072657326
:105ee80063616c61723a2000446972656374204d85
:105ef800656d6f72792041636365737320436f6ebc
:105f080074726f6c6c6572205374617475733a0d9a
:105f18000000000020202020444d4120436f6e7473
:105f2800726f6c6c65723a2025730a0d00000000d0
:105f380053757370656e6465640000004e6f74205d
:105f480053757370656e646564000000202020201e
:105f5800444d412069732063757272656e746c7963
:105f68002025730a0d0000004275737900000000b7
:105f78006e6f742042757379000000005265616489
:105f8800000000005772697465000000202020207e
:105f98004c61737420444d41206572726f722064a5
:105fa8006574656374656420286966206465746532
:105fb800637465642920776173206120444d412012
:105fc80025730d0a0000000020202020444d4120a8
:105fd8004368616e6e656c206163746976652069db
:105fe80066206572726f72207761732064657465cc
:105ff800637465643a2025640d0a0000202020207f
:106008004c61737420444d41206163636573732050
:10601800616464726573732069662f7768656e20a2
:106028006572726f72206f636375727265643a206d
:106038003078253038580d0a00000000656e61621e
:106048006c65640064697361626c656400000000db
:1060580020202020444d412043524320697320636f
:10606800757272656e746c792025730a0d000000d4
:10607800444d41204368616e6e656c203020537436
:10608800617475733a0d000020202020444d412092
:106098004368616e6e656c20303a2025730a0d00e6
:1060a800202020204368616e6e656c20302050618e
:1060b800747465726e204d617463682042697473ec
:1060c8003a203078253032580d0a00002020202050
:1060d800444d41204368616e6e656c2030204275e6
:1060e80073793a2025730a0d00000000456e61623d
:1060f8006c65000044697361626c65002020202093
:10610800444d41204368616e6e656c2030205061bb
:10611800747465726e204d617463683a2025730a41
:106128000d00000020202020444d41204368616e6e
:106138006e656c203020536f7572636520537461ef
:1061480072743a203078253038580d0a0000000063
:1061580020202020444d41204368616e6e656c20ec
:106168003020536f757263652053697a653a203021
:1061780078253038580d0a0020202020444d412031
:106188004368616e6e656c203020536f757263656d
:1061980020506f696e7465723a203078253038580f
:1061a8000d0a000020202020444d41204368616ee4
:1061b8006e656c20302044657374696e6174696f14
:1061c8006e2053746172743a203078253038580d37
:1061d8000a00000020202020444d41204368616ec1
:1061e8006e656c20302044657374696e6174696fe4
:1061f8006e2053697a653a203078253038580d0a70
:106208000000000020202020444d41204368616e9a
:106218006e656c20302044657374696e6174696fb3
:106228006e20506f696e7465723a20307825303868
:10623800580d0a0020202020444d41204368616efb
:106248006e656c20302043656c6c2053697a653a22
:10625800203078253038580d0a00000020202020f2
:10626800444d41204368616e6e656c203020436563
:106278006c6c20506f696e7465723a2030782530e6
:1062880038580d0a0000000020202020444d4120ed
:106298004368616e6e656c2030205061747465725d
:1062a8006e204d617463683a203078253034580d7b
:1062b8000a000000444d41204368616e6e656c2001
:1062c80031205374617475733a0d0000202020202a
:1062d800444d41204368616e6e656c20313a20253b
:1062e800730a0d00202020204368616e6e656c20c3
:1062f80031205061747465726e204d61746368203a
:10630800426974733a203078253032580d0a0000fb
:1063180020202020444d41204368616e6e656c202a
:106328003120427573793a2025730a0d0000000068
:1063380020202020444d41204368616e6e656c200a
:1063480031205061747465726e204d617463683acf
:106358002025730a0d00000020202020444d4120f4
:106368004368616e6e656c203120536f757263658a
:106378002053746172743a203078253038580d0ae9
:106388000000000020202020444d41204368616e19
:106398006e656c203120536f757263652053697a7e
:1063a800653a203078253038580d0a002020202002
:1063b800444d41204368616e6e656c203120536ff7
:1063c8007572636520506f696e7465723a20307813
:1063d800253038580d0a000020202020444d412047
:1063e8004368616e6e656c20312044657374696e14
:1063f8006174696f6e2053746172743a2030782525
:106408003038580d0a00000020202020444d41203b
:106418004368616e6e656c20312044657374696ee3
:106428006174696f6e2053697a653a203078253037
:1064380038580d0a0000000020202020444d41203b
:106448004368616e6e656c20312044657374696eb3
:106458006174696f6e20506f696e7465723a20308e
:1064680078253038580d0a0020202020444d41203e
:106478004368616e6e656c20312043656c6c2053f7
:10648800697a653a203078253038580d0a000000be
:1064980020202020444d41204368616e6e656c20a9
:1064a800312043656c6c20506f696e7465723a20b8
:1064b8003078253038580d0a0000000020202020b0
:1064c800444d41204368616e6e656c2031205061f7
:1064d800747465726e204d617463683a2030782553
:1064e8003034580d0a000000444d41204368616e65
:1064f8006e656c2032205374617475733a0d000018
:1065080020202020444d41204368616e6e656c2038
:10651800323a2025730a0d00202020204368616e3e
:106528006e656c2032205061747465726e204d6106
:1065380074636820426974733a2030782530325881
:106548000d0a000020202020444d41204368616e40
:106558006e656c203220427573793a2025730a0dd6
:106568000000000020202020444d41204368616e37
:106578006e656c2032205061747465726e204d61b6
:106588007463683a2025730a0d000000202020203b
:10659800444d41204368616e6e656c203220536f14
:1065a800757263652053746172743a2030782530af
:1065b80038580d0a0000000020202020444d4120ba
:1065c8004368616e6e656c203220536f7572636527
:1065d8002053697a653a203078253038580d0a00fa
:1065e80020202020444d41204368616e6e656c2058
:1065f8003220536f7572636520506f696e746572cf
:106608003a203078253038580d0a00002020202004
:10661800444d41204368616e6e656c2032204465ac
:106628007374696e6174696f6e2053746172743a21
:10663800203078253038580d0a000000202020200e
:10664800444d41204368616e6e656c20322044657c
:106658007374696e6174696f6e2053697a653a2044
:106668003078253038580d0a0000000020202020fe
:10667800444d41204368616e6e656c20322044654c
:106688007374696e6174696f6e20506f696e74659a
:10669800723a203078253038580d0a002020202002
:1066a800444d41204368616e6e656c20322043651d
:1066b8006c6c2053697a653a203078253038580d4b
:1066c8000a00000020202020444d41204368616ecc
:1066d8006e656c20322043656c6c20506f696e7457
:1066e80065723a203078253038580d0a00000000cd
:1066f80020202020444d41204368616e6e656c2047
:1067080032205061747465726e204d617463683a0a
:10671800203078253034580d0a000000444d4120bf
:106728004368616e6e656c203320537461747573b1
:106738003a0d000020202020444d41204368616e1e
:106748006e656c20333a2025730a0d002020202026
:106758004368616e6e656c20332050617474657295
:106768006e204d6174636820426974733a203078f2
:10677800253032580d0a000020202020444d4120a9
:106788004368616e6e656c203320427573793a20d8
:1067980025730a0d0000000020202020444d4120d0
:1067a8004368616e6e656c20332050617474657245
:1067b8006e204d617463683a2025730a0d0000004d
:1067c80020202020444d41204368616e6e656c2076
:1067d8003320536f757263652053746172743a2065
:1067e8003078253038580d0a00000000202020207d
:1067f800444d41204368616e6e656c203320536fb1
:10680800757263652053697a653a20307825303887
:10681800580d0a0020202020444d41204368616e15
:106828006e656c203320536f7572636520506f69f5
:106838006e7465723a203078253038580d0a000099
:1068480020202020444d41204368616e6e656c20f5
:10685800332044657374696e6174696f6e20537474
:106868006172743a203078253038580d0a000000db
:1068780020202020444d41204368616e6e656c20c5
:10688800332044657374696e6174696f6e2053694f
:106898007a653a203078253038580d0a0000000013
:1068a80020202020444d41204368616e6e656c2095
:1068b800332044657374696e6174696f6e20506f1c
:1068c800696e7465723a203078253038580d0a00a0
:1068d80020202020444d41204368616e6e656c2065
:1068e800332043656c6c2053697a653a20307825eb
:1068f8003038580d0a00000020202020444d412047
:106908004368616e6e656c20332043656c6c205063
:106918006f696e7465723a203078253038580d0ae0
:106928000000000020202020444d41204368616e73
:106938006e656c2033205061747465726e204d61f1
:106948007463683a203078253034580d0a00000006
:10695800444d41204368616e6e656c203420537449
:10696800617475733a0d000020202020444d4120a9
:106978004368616e6e656c20343a2025730a0d00f9
:10698800202020204368616e6e656c2034205061a1
:10699800747465726e204d61746368204269747303
:1069a8003a203078253032580d0a00002020202067
:1069b800444d41204368616e6e656c2034204275f9
:1069c80073793a2025730a0d00000000202020204a
:1069d800444d41204368616e6e656c2034205061df
:1069e800747465726e204d617463683a2025730a69
:1069f8000d00000020202020444d41204368616e96
:106a08006e656c203420536f757263652053746112
:106a180072743a203078253038580d0a000000008a
:106a280020202020444d41204368616e6e656c2013
:106a38003420536f757263652053697a653a203044
:106a480078253038580d0a0020202020444d412058
:106a58004368616e6e656c203420536f7572636590
:106a680020506f696e7465723a2030782530385836
:106a78000d0a000020202020444d41204368616e0b
:106a88006e656c20342044657374696e6174696f37
:106a98006e2053746172743a203078253038580d5e
:106aa8000a00000020202020444d41204368616ee8
:106ab8006e656c20342044657374696e6174696f07
:106ac8006e2053697a653a203078253038580d0a97
:106ad8000000000020202020444d41204368616ec2
:106ae8006e656c20342044657374696e6174696fd7
:106af8006e20506f696e7465723a20307825303890
:106b0800580d0a0020202020444d41204368616e22
:106b18006e656c20342043656c6c2053697a653a45
:106b2800203078253038580d0a0000002020202019
:106b3800444d41204368616e6e656c203420436586
:106b48006c6c20506f696e7465723a20307825300d
:106b580038580d0a0000000020202020444d412014
:106b68004368616e6e656c20342050617474657280
:106b78006e204d617463683a203078253034580da2
:106b88000a000000444d41204368616e6e656c2028
:106b980035205374617475733a0d0000202020204d
:106ba800444d41204368616e6e656c20353a20255e
:106bb800730a0d00202020204368616e6e656c20ea
:106bc80035205061747465726e204d61746368205d
:106bd800426974733a203078253032580d0a000023
:106be80020202020444d41204368616e6e656c2052
:106bf8003520427573793a2025730a0d000000008c
:106c080020202020444d41204368616e6e656c2031
:106c180035205061747465726e204d617463683af2
:106c28002025730a0d00000020202020444d41201b
:106c38004368616e6e656c203520536f75726365ad
:106c48002053746172743a203078253038580d0a10
:106c58000000000020202020444d41204368616e40
:106c68006e656c203520536f757263652053697aa1
:106c7800653a203078253038580d0a002020202029
:106c8800444d41204368616e6e656c203520536f1a
:106c98007572636520506f696e7465723a2030783a
:106ca800253038580d0a000020202020444d41206e
:106cb8004368616e6e656c20352044657374696e37
:106cc8006174696f6e2053746172743a203078254c
:106cd8003038580d0a00000020202020444d412063
:106ce8004368616e6e656c20352044657374696e07
:106cf8006174696f6e2053697a653a20307825305f
:106d080038580d0a0000000020202020444d412062
:106d18004368616e6e656c20352044657374696ed6
:106d28006174696f6e20506f696e7465723a2030b5
:106d380078253038580d0a0020202020444d412065
:106d48004368616e6e656c20352043656c6c20531a
:106d5800697a653a203078253038580d0a000000e5
:106d680020202020444d41204368616e6e656c20d0
:106d7800352043656c6c20506f696e7465723a20db
:106d88003078253038580d0a0000000020202020d7
:106d9800444d41204368616e6e656c20352050611a
:106da800747465726e204d617463683a203078257a
:106db8003034580d0a000000444d41204368616e8c
:106dc8006e656c2036205374617475733a0d00003b
:106dd80020202020444d41204368616e6e656c2060
:106de800363a2025730a0d00202020204368616e62
:106df8006e656c2036205061747465726e204d612a
:106e080074636820426974733a20307825303258a8
:106e18000d0a000020202020444d41204368616e67
:106e28006e656c203620427573793a2025730a0df9
:106e38000000000020202020444d41204368616e5e
:106e48006e656c2036205061747465726e204d61d9
:106e58007463683a2025730a0d0000002020202062
:106e6800444d41204368616e6e656c203620536f37
:106e7800757263652053746172743a2030782530d6
:106e880038580d0a0000000020202020444d4120e1
:106e98004368616e6e656c203620536f757263654a
:106ea8002053697a653a203078253038580d0a0021
:106eb80020202020444d41204368616e6e656c207f
:106ec8003620536f7572636520506f696e746572f2
:106ed8003a203078253038580d0a0000202020202c
:106ee800444d41204368616e6e656c2036204465d0
:106ef8007374696e6174696f6e2053746172743a49
:106f0800203078253038580d0a0000002020202035
:106f1800444d41204368616e6e656c20362044659f
:106f28007374696e6174696f6e2053697a653a206b
:106f38003078253038580d0a000000002020202025
:106f4800444d41204368616e6e656c20362044656f
:106f58007374696e6174696f6e20506f696e7465c1
:106f6800723a203078253038580d0a002020202029
:106f7800444d41204368616e6e656c203620436540
:106f88006c6c2053697a653a203078253038580d72
:106f98000a00000020202020444d41204368616ef3
:106fa8006e656c20362043656c6c20506f696e747a
:106fb80065723a203078253038580d0a00000000f4
:106fc80020202020444d41204368616e6e656c206e
:106fd80036205061747465726e204d617463683a2e
:106fe800203078253034580d0a000000444d4120e7
:106ff8004368616e6e656c203720537461747573d5
:107008003a0d000020202020444d41204368616e45
:107018006e656c20373a2025730a0d002020202049
:107028004368616e6e656c203720506174746572b8
:107038006e204d6174636820426974733a20307819
:10704800253032580d0a000020202020444d4120d0
:107058004368616e6e656c203720427573793a20fb
:1070680025730a0d0000000020202020444d4120f7
:107078004368616e6e656c20372050617474657268
:107088006e204d617463683a2025730a0d00000074
:1070980020202020444d41204368616e6e656c209d
:1070a8003720536f757263652053746172743a2088
:1070b8003078253038580d0a0000000020202020a4
:1070c800444d41204368616e6e656c203720536fd4
:1070d800757263652053697a653a203078253038af
:1070e800580d0a0020202020444d41204368616e3d
:1070f8006e656c203720536f7572636520506f6919
:107108006e7465723a203078253038580d0a0000c0
:1071180020202020444d41204368616e6e656c201c
:10712800372044657374696e6174696f6e20537497
:107138006172743a203078253038580d0a00000002
:1071480020202020444d41204368616e6e656c20ec
:10715800372044657374696e6174696f6e20536972
:107168007a653a203078253038580d0a000000003a
:1071780020202020444d41204368616e6e656c20bc
:10718800372044657374696e6174696f6e20506f3f
:10719800696e7465723a203078253038580d0a00c7
:1071a80020202020444d41204368616e6e656c208c
:1071b800372043656c6c2053697a653a203078250e
:1071c8003038580d0a00000020202020444d41206e
:1071d8004368616e6e656c20372043656c6c205087
:1071e8006f696e7465723a203078253038580d0a08
:1071f8000000000020202020444d41204368616e9b
:107208006e656c2037205061747465726e204d6114
:107218007463683a203078253034580d0a0000002d
:107228000000000080842e410000000000408f40d4
:020000040000fa
:020000041d02db
:10723800e8ffbd271400bfaf1000beaf25f0a003c4
:107248000f01400f0000000080bf023c99aa033cd8
:1072580055666334300043ac80bf023c6655033c3e
:10726800aa996334300043ac81bf033c0010629498
:10727800010004240463827c001062a40000000062
:1072880081bf023c0010428cc002427cff004230a9
:10729800fbff4014000000008cbf023c08000324e0
:1072a800080043ac0301400f0000000081bf033c0d
:1072b800001062940463027c001062a400000000c5
:1072c80025e8c0031400bf8f1000be8f1800bd272b
:1072d8000800e00300000000e8ffbd271400bfaf6e
:1072e8001000beaf25f0a0030f01400f0000000002
:1072f8009c3b400f0000000081bf033c00106294db
:10730800010004240463827c001062a400000000d1
:1073180081bf023c0010428cc002427cff00423018
:10732800fbff4014000000008cbf023c080003244f
:10733800040043ac0301400f0000000081bf033c80
:10734800001062940463027c001062a4af3b400ffb
:10735800000000000000000025e8c0031400bf8ff3
:107368001000be8f1800bd270800e00300000000d1
:10737800e8ffbd271400bfaf1000beaf25f0a00383
:107388008e9c400f000000008cbf033c0000628c04
:10739800c47b027c000062ac8cbf033c0000628ca2
:1073a800446b027c000062ac8cbf033c0000628c22
:1073b800010004244452827c000062ac8cbf033c70
:1073c8002000628c045a027c200062ac8cbf033c13
:1073d8002000628c047b027c200062ac8cbf033ce2
:1073e8000000628c8431027c000062ac8cbf033cdc
:1073f8000000628c0400027c000062ac8cbf033c7d
:1074080010006294c47b027c100062a4000000009b
:107418008cbf023c1000428c00104230fcff40142c
:10742800000000008cbf023cffcf0334140043acc3
:107438008cbf023c5476033c10326334400043acaa
:107448008cbf023c5476033c10326334500043ac8a
:107458008cbf033c10006294010004248473827c76
:10746800100062a48cbf033c100062940100042445
:10747800045a827c100062a403000524a600042498
:107488009c1d400f0000000025280000a6000424d1
:10749800f725400f00000000a60004242e3a400ff4
:1074a80000000000a60004240e3a400f000000006f
:1074b8008cbf033c0000628c010004248431827c70
:1074c800000062ac8e9c400f000000008cbf033ca3
:1074d8000000628c01000424c47b827c000062ac42
:1074e8008cbf033c1000629401000424c47b827c9e
:1074f800100062a4b89c400f000000008cbf023c42
:107508000000428cc003427cff00423025e8c003e3
:107518001400bf8f1000be8f1800bd270800e003bd
:1075280000000000e8ffbd271400bfaf1000beaf89
:1075380025f0a0038e9c400f000000008cbf033c88
:107548000000628cc47b027c000062ac8cbf023cf1
:10755800200040ac8cbf033c3000628c0100042446
:10756800045a827c300062ac8cbf033c3000628cd1
:10757800047b027c300062ac8cbf033c3000628c20
:1075880001000424049c827c300062ac8cbf033c64
:107598003000628c04bd027c300062ac8cbf033cbe
:1075a8003000628c0418027c300062ac8cbf033c53
:1075b8003000628c04de027c300062ac8cbf033c7d
:1075c8003000628c04ff027c300062ac8cbf023c4d
:1075d8003000428c0018427cff00423025184000e1
:1075e80001a0023c90434224040043ac8cbf023cff
:1075f8003000428c001b427cff00423025184000be
:107608002510600080100200211043004010020085
:10761800ff0042308cbf033c3000638c001a637c4f
:10762800ff00633021104300ff00433001a0023cfb
:1076380090434224010043a08cbf023c3000428c9e
:10764800001d427cff0042302518400025106000d4
:10765800801002002110430040100200ff00423059
:107668008cbf033c3000638c001c637cff006330dc
:1076780021104300ff00433001a0023c904343a087
:107688008cbf023c3000428c001f427cff0042301d
:10769800ffff4230251840002510600080100200ce
:1076a8002110430040100200ffff43308cbf023c12
:1076b8003000428c001e427cff004230ffff423007
:1076c80021106200ffff4230d0074224ffff433001
:1076d80001a0023c90434224020043a48cbf023c18
:1076e8002000428c001f427cff00423025184000d9
:1076f8002510600080100200211043004010020095
:10770800ff0042308cbf033c2000638c001e637c6a
:10771800ff00633021104300ff00433001a0023c0a
:1077280090434224080043a08cbf023c2000428cb6
:10773800001d427cff0042302518400025106000e3
:10774800801002002110430040100200ff00423068
:107758008cbf033c2000638c001c637cff006330fb
:1077680021104300ff00433001a0023c9043422413
:10777800090043a08cbf023c2000428c001b427cc5
:10778800ff004230251840002510600080100200dc
:107798002110430040100200ff0042308cbf033c20
:1077a8002000638c001a637cff00633021104300c3
:1077b800ff00433001a0023c904342240a0043a04a
:1077c8008cbf033c0000628c01000424c47b827cd3
:1077d800000062acb89c400f0000000000000000f0
:1077e80025e8c0031400bf8f1000be8f1800bd2706
:1077f8000800e00300000000e8ffbd271400bfaf49
:107808001000beaf25f0a003251080002520a000a1
:107818002518c0001800c2a3251080001c00c2a3b0
:10782800251060002000c2a78e9c400f00000000b9
:107838008cbf033c0000628cc47b027c000062acfd
:107848001800c393cccc023ccdcc42341900620062
:1078580010100000c2100200ff004330cccc023ce4
:10786800cdcc42341900620010100000c220020082
:1078780025108000801002002110440040100200f2
:1078880023106200ff0042300f004230ff004430f6
:107898008cbf033c3000628c04bd827c300062ac3b
:1078a8001800c393cccc023ccdcc42341900620002
:1078b80010100000c2200200251080008010020075
:1078c800211044004010020023106200ff004230e3
:1078d8000f004230ff0044308cbf033c3000628c04
:1078e800049c827c300062ac1c00c393cccc023c6c
:1078f800cdcc42341900620010100000c210020002
:10790800ff004330cccc023ccdcc4234190062009d
:1079180010100000c2200200251080008010020014
:10792800211044004010020023106200ff00423082
:107938000f004230ff0044308cbf033c3000628ca3
:10794800047b827c300062ac1c00c393cccc023c2c
:10795800cdcc42341900620010100000c220020091
:107968002510800080100200211044004010020001
:1079780023106200ff0042300f004230ff00443005
:107988008cbf033c3000628c045a827c300062acad
:107998002000c29730f842242000c2a72000c397d5
:1079a800cccc023ccdcc423419006200101000004f
:1079b800c2100200ffff4330cccc023ccdcc423495
:1079c8001900620010100000c2200200251080007b
:1079d80080100200211044004010020023106200b1
:1079e800ffff42300f004230ff0044308cbf033ca1
:1079f8003000628c04ff827c300062ac2000c397a8
:107a0800cccc023ccdcc42341900620010100000ee
:107a1800c2200200251080008010020021104400be
:107a28004010020023106200ffff42300f00423076
:107a3800ff0044308cbf033c3000628c04de827c43
:107a4800300062ac8cbf023c3000428c0018427c93
:107a5800ff0042302518400001a0023c9043422418
:107a6800040043ac8cbf023c3000428c001b427cbb
:107a7800ff004230251840002510600080100200e9
:107a88002110430040100200ff0042308cbf033c2d
:107a98003000638c001a637cff00633021104300c0
:107aa800ff00433001a0023c90434224010043a060
:107ab8008cbf023c3000428c001d427cff004230eb
:107ac8002518400025106000801002002110430096
:107ad80040100200ff0042308cbf033c3000638c32
:107ae800001c637cff00633021104300ff0043301b
:107af80001a0023c904343a08cbf023c3000428c62
:107b0800001f427cff004230ffff42302518400032
:107b18002510600080100200211043004010020070
:107b2800ffff43308cbf023c3000428c001e427c79
:107b3800ff004230ffff423021106200ffff423059
:107b4800d0074224ffff433001a0023c9043422467
:107b5800020043a48cbf023c2000428c001f427ce0
:107b6800ff004230251840002510600080100200f8
:107b78002110430040100200ff0042308cbf033c3c
:107b88002000638c001e637cff00633021104300db
:107b9800ff00433001a0023c90434224080043a068
:107ba8008cbf023c2000428c001d427cff0042300a
:107bb80025184000251060008010020021104300a5
:107bc80040100200ff0042308cbf033c2000638c51
:107bd800001c637cff00633021104300ff0043302a
:107be80001a0023c90434224090043a08cbf023c00
:107bf8002000428c001b427cff00423025184000c8
:107c0800251060008010020021104300401002007f
:107c1800ff0042308cbf033c2000638c001a637c59
:107c2800ff00633021104300ff00433001a0023cf5
:107c3800904342240a0043a08cbf033c0000628c9e
:107c480001000424c47b827c000062acb89c400f15
:107c5800000000000000000025e8c0031400bf8fea
:107c68001000be8f1800bd270800e00300000000c8
:107c7800e8ffbd271400bfaf1000beaf25f0a0037a
:107c8800251080002520a0002518c0001800c2a3d8
:107c9800251080001c00c2a3251060002000c2a38c
:107ca8008e9c400f000000008cbf033c0000628cdb
:107cb800c47b027c000062ac1800c393cccc023cad
:107cc800cdcc42341900620010100000c21002002e
:107cd800ff004330cccc023ccdcc423419006200ca
:107ce80010100000c2200200251080008010020041
:107cf800211044004010020023106200ff004230af
:107d08000f004230ff0044308cbf033c2000628cdf
:107d180004ff827c200062ac1800c393cccc023ce8
:107d2800cdcc42341900620010100000c2200200bd
:107d3800251080008010020021104400401002002d
:107d480023106200ff0042300f004230ff00443031
:107d58008cbf033c2000628c04de827c200062ac75
:107d68001c00c393cccc023ccdcc42341900620039
:107d780010100000c2100200ff004330cccc023cbf
:107d8800cdcc42341900620010100000c22002005d
:107d980025108000801002002110440040100200cd
:107da80023106200ff0042300f004230ff004430d1
:107db8008cbf033c2000628c04bd827c200062ac36
:107dc8001c00c393cccc023ccdcc423419006200d9
:107dd80010100000c2200200251080008010020050
:107de800211044004010020023106200ff004230be
:107df8000f004230ff0044308cbf033c2000628cef
:107e0800049c827c200062ac2000c393cccc023c52
:107e1800cdcc42341900620010100000c2100200dc
:107e2800ff004330cccc023ccdcc42341900620078
:107e380010100000c22002002510800080100200ef
:107e4800211044004010020023106200ff0042305d
:107e58000f004230ff0044308cbf033c2000628c8e
:107e6800047b827c200062ac2000c393cccc023c13
:107e7800cdcc42341900620010100000c22002006c
:107e880025108000801002002110440040100200dc
:107e980023106200ff0042300f004230ff004430e0
:107ea8008cbf033c2000628c045a827c200062aca8
:107eb8008cbf023c3000428c0018427cff004230ec
:107ec8002518400001a0023c90434224040043ac22
:107ed8008cbf023c3000428c001b427cff004230c9
:107ee8002518400025106000801002002110430072
:107ef80040100200ff0042308cbf033c3000638c0e
:107f0800001a637cff00633021104300ff004330f8
:107f180001a0023c90434224010043a08cbf023cd4
:107f28003000428c001d427cff0042302518400082
:107f3800251060008010020021104300401002004c
:107f4800ff0042308cbf033c3000638c001c637c14
:107f5800ff00633021104300ff00433001a0023cc2
:107f6800904343a08cbf023c3000428c001f427cef
:107f7800ff004230ffff4230251840002510600006
:107f8800801002002110430040100200ffff433020
:107f98008cbf023c3000428c001e427cff00423005
:107fa800ffff423021106200ffff4230d007422419
:107fb800ffff433001a0023c90434224020043a447
:107fc8008cbf023c2000428c001f427cff004230e4
:107fd8002518400025106000801002002110430081
:107fe80040100200ff0042308cbf033c2000638c2d
:107ff800001e637cff00633021104300ff00433004
:1080080001a0023c90434224080043a08cbf023cdc
:108018002000428c001d427cff00423025184000a1
:10802800251060008010020021104300401002005b
:10803800ff0042308cbf033c2000638c001c637c33
:10804800ff00633021104300ff00433001a0023cd1
:1080580090434224090043a08cbf023c2000428c7c
:10806800001b427cff0042302518400025106000ac
:10807800801002002110430040100200ff0042302f
:108088008cbf033c2000638c001a637cff006330c4
:1080980021104300ff00433001a0023c90434224da
:1080a8000a0043a08cbf033c0000628c010004243a
:1080b800c47b827c000062acb89c400f00000000ca
:1080c8000000000025e8c0031400bf8f1000be8f19
:1080d8001800bd270800e00300000000e8ffbd27e6
:1080e8001400bfaf1000beaf25f0a0031800c4af46
:1080f8008e9c400f000000008cbf033c0000628c87
:10810800c47b027c000062ac1800c28f0f004230b2
:10811800ff0044308cbf033c3000628c0418827c22
:10812800300062ac8cbf023c3000428c0018427cac
:10813800ff0042302518400001a0023c9043422431
:10814800040043ac8cbf023c3000428c001b427cd4
:10815800ff00423025184000251060008010020002
:108168002110430040100200ff0042308cbf033c46
:108178003000638c001a637cff00633021104300d9
:10818800ff00433001a0023c90434224010043a079
:108198008cbf023c3000428c001d427cff00423004
:1081a80025184000251060008010020021104300af
:1081b80040100200ff0042308cbf033c3000638c4b
:1081c800001c637cff00633021104300ff00433034
:1081d80001a0023c904343a08cbf023c3000428c7b
:1081e800001f427cff004230ffff4230251840004c
:1081f800251060008010020021104300401002008a
:10820800ffff43308cbf023c3000428c001e427c92
:10821800ff004230ffff423021106200ffff423072
:10822800d0074224ffff433001a0023c9043422480
:10823800020043a48cbf023c2000428c001f427cf9
:10824800ff00423025184000251060008010020011
:108258002110430040100200ff0042308cbf033c55
:108268002000638c001e637cff00633021104300f4
:10827800ff00433001a0023c90434224080043a081
:108288008cbf023c2000428c001d427cff00423023
:1082980025184000251060008010020021104300be
:1082a80040100200ff0042308cbf033c2000638c6a
:1082b800001c637cff00633021104300ff00433043
:1082c80001a0023c90434224090043a08cbf023c19
:1082d8002000428c001b427cff00423025184000e1
:1082e8002510600080100200211043004010020099
:1082f800ff0042308cbf033c2000638c001a637c73
:10830800ff00633021104300ff00433001a0023c0e
:10831800904342240a0043a08cbf033c0000628cb7
:1083280001000424c47b827c000062acb89c400f2e
:10833800000000000000000025e8c0031400bf8f03
:108348001000be8f1800bd270800e00300000000e1
:10835800e0ffbd271c00bfaf1800beaf25f0a0038b
:108368002000c4af2000c28f1400c2af1400c2277f
:10837800252040000c2a410f000000001000c2af69
:108388001000c28f1000428cff00423001004224ce
:10839800ff0043301000c28f0c00428cff004430b5
:1083a8001000c28f1400428cffff42306c07422439
:1083b800ffff42302530400025288000252060003e
:1083c800009e400f000000001000c28f0800428c81
:1083d800ff0043301000c28f0400428cff0044307d
:1083e8001000c28f0000428cff0042302530400050
:1083f80025288000252060001e9f400f00000000f7
:108408001000c28f1800428c2520400039a0400f70
:10841800000000000000000025e8c0031c00bf8f1a
:108428001800be8f2000bd270800e00300000000f0
:10843800f8ffbd270400beaf25f0a003251080007b
:108448000800c2a30800c2930700432c2b00601049
:108458000000000080180200039d023c788442243a
:10846800211062000000428c08004000000000005b
:108478009484029da484029db484029dc484029db8
:10848800d484029de484029df484029d049d023cf0
:10849800781042241b00001000000000049d023cdc
:1084a800801042241700001000000000049d023cc8
:1084b800881042241300001000000000049d023cb4
:1084c800901042240f00001000000000049d023ca0
:1084d8009c1042240b00001000000000049d023c88
:1084e800a81042240700001000000000049d023c70
:1084f800b01042240300001000000000049d023c5c
:10850800bc10422425e8c0030400be8f0800bd2724
:108518000800e00300000000e0ffbd271c00bfaf1b
:108528001800beaf25f0a00301a0023c90434224ee
:1085380008004290ff0042302518400001a0023c8c
:108548009043422409004290ff0042302520400019
:1085580001a0023c904342240a004290ff004230ae
:10856800253840002530800025286000049d023c05
:10857800c41044247d28410f0000000001a0023ce3
:10858800904342240400428cff00423025204000e2
:108598000ea1400f000000002518400001a0023c79
:1085a80090434290ff0042302520400001a0023c49
:1085b8009043422401004290ff00423025284000a9
:1085c80001a0023c9043422402004294ffff423043
:1085d8001000a2af2538a0002530800025286000b3
:1085e800049d023ce01044247d28410f0000000057
:1085f8000000000025e8c0031c00bf8f1800be8fd4
:108608002000bd270800e0030000000000e85d41ed
:1086180000701a4000601b40c0ffbd273c00baaf85
:1086280002601a403800bbaf3400baaf44781b7cf4
:10863800000c7b3700609b40121000002c00a2af9a
:10864800101800002800a3af121020002400a2afc9
:10865800101820002000a3af121040001c00a2af89
:10866800101840001800a3af121060001400a2af49
:10867800101860001000a3afb81c3f7c3000a3aff7
:1086880025f0a003000000008cbf023c0000428cd3
:108698008000427cff00433001000224faff621090
:1086a800000000008cbf023c3000428c0018427c65
:1086b800ff0042302518400001a0023c90434224ac
:1086c800040043ac8cbf023c3000428c001b427c4f
:1086d800ff0042302518400025106000801002007d
:1086e8002110430040100200ff0042308cbf033cc1
:1086f8003000638c001a637cff0063302110430054
:10870800ff00433001a0023c90434224010043a0f3
:108718008cbf023c3000428c001d427cff0042307e
:108728002518400025106000801002002110430029
:1087380040100200ff0042308cbf033c3000638cc5
:10874800001c637cff00633021104300ff004330ae
:1087580001a0023c904343a08cbf023c3000428cf5
:10876800001f427cff004230ffff423025184000c6
:108778002510600080100200211043004010020004
:10878800ffff43308cbf023c3000428c001e427c0d
:10879800ff004230ffff423021106200ffff4230ed
:1087a800d0074224ffff433001a0023c90434224fb
:1087b800020043a48cbf023c2000428c001f427c74
:1087c800ff0042302518400025106000801002008c
:1087d8002110430040100200ff0042308cbf033cd0
:1087e8002000638c001e637cff006330211043006f
:1087f800ff00433001a0023c90434224080043a0fc
:108808008cbf023c2000428c001d427cff0042309d
:108818002518400025106000801002002110430038
:1088280040100200ff0042308cbf033c2000638ce4
:10883800001c637cff00633021104300ff004330bd
:1088480001a0023c90434224090043a08cbf023c93
:108858002000428c001b427cff004230251840005b
:108868002510600080100200211043004010020013
:10887800ff0042308cbf033c2000638c001a637ced
:10888800ff00633021104300ff00433001a0023c89
:10889800904342240a0043a0a60004242e3a400f25
:1088a800000000000000000025e8c0033000a38f8e
:1088b800f8fc617c2c00a28f130040002800a38fd5
:1088c800110060002400a58f1308a0002000a58fc8
:1088d8001108a0001c00a58f1310a0001800a58f78
:1088e8001110a0001400a58f1318a0001000a58f68
:1088f8001118a00000606041c00000003400bb8f68
:108908003c00ba8f02609b403800bb8f00709a40d1
:108918004000bd2700e8dd4100609b401800004290
:10892800f8ffbd270400beaf25f0a0038cbf023cb2
:108938000000428c004c427cffff423025e8c00317
:108948000400be8f0800bd270800e00300000000f7
:10895800f0ffbd270c00beaf25f0a0032510800056
:108968001000c2a71000c297ff0342301000c2a730
:108978008cbf023c0000428c008042301500401041
:10898800000000008cbf023c2000428c0000c2aff7
:108998008cbf023c2000428c0400c2af0000c38f91
:1089a8000400c28ff7ff6214000000000000c28fad
:1089b800ff004230070040140000000000000000e3
:1089c8008cbf023c0000428c02004230fcff401089
:1089d800000000001000c297ff034230ffff443040
:1089e8008cbf033c0000628c04cc827c000062ac2b
:1089f8000000000025e8c0030c00be8f1000bd2752
:108a08000800e00300000000b8ffbd274400bfaf26
:108a18004000beaf25f0a0034800c4af01a0023c4f
:108a2800904342240400428c2800c2af01a0023cbb
:108a38009043422401004290ff0042301c00c2af24
:108a480001a0023c90434290ff004230ffff4224c5
:108a58002000c2af01a0023c90434224020042948d
:108a6800ffff4230640042242400c2af01a0023c50
:108a7800904342240a004290ff0042301000c2afe7
:108a880001a0023c9043422409004290ff0042307a
:108a98001400c2af01a0023c904342240800429057
:108aa800ff0042301800c2af4800c28f25184000ae
:108ab8001000c4272c0002242530400025288000ff
:108ac800252060002729410f000000004800c28fc0
:108ad80025e8c0034400bf8f4000be8f4800bd2773
:108ae8000800e00300000000e8ffbd271400bfaf46
:108af8001000beaf25f0a00301f5400f00000000f4
:108b0800049d023cfc104624049d023c00114524af
:108b1800049d023c04114424acf4400f0000000002
:108b2800049d023c081144247d28410f00000000e8
:108b3800049d023c00114624049d023c001145247a
:108b4800049d023c04114424acf4400f00000000d2
:108b5800049d023c381144247d28410f0000000088
:108b680048a1400f000000008cbf023c0000428c6e
:108b7800c003427cff0042300b00401000000000a0
:108b8800049d023c00114624049d023c001145242a
:108b9800049d023c04114424acf4400f0000000082
:108ba8000900001000000000049d023c001146244a
:108bb800049d023c00114524049d023cfc10442401
:108bc800acf4400f000000008cbf023c0000428c57
:108bd800c003427cff004230050040100000000046
:108be800049d023c641142240300001000000000b0
:108bf800049d023c6811422425284000049d023c43
:108c08006c1144247d28410f00000000049d023ca3
:108c180000114624049d023c00114524049d023c99
:108c280004114424acf4400f000000008cbf023c47
:108c38000000428c4003427cff0042300500401097
:108c480000000000049d023c84114224030000102f
:108c580000000000049d023c8c114224252840009d
:108c6800049d023c981144247d28410f0000000017
:108c78008cbf023c0000428c004c427cffff42301b
:108c880025284000049d023cb41144247d28410f4e
:108c9800000000008cbf023c0000428c400a427c6d
:108ca800ff0042300500401000000000049d023c17
:108cb800d81142240300001000000000049d023c6b
:108cc800e011422425284000049d023cf011442470
:108cd8007d28410f00000000049d023c0c12442432
:108ce8007d28410f000000008cbf023c0000428c30
:108cf800c009427cff0042300200032413004310e5
:108d080000000000030003241600431000000000c8
:108d1800010003240700431000000000049d023cea
:108d2800281244247d28410f000000001200001082
:108d380000000000049d023c7c1244247d28410f61
:108d4800000000000c00001000000000049d023c20
:108d5800ac1244247d28410f0000000006000010da
:108d680000000000049d023cd81244247d28410fd5
:108d780000000000000000008cbf023c0000428c94
:108d88008001427cff0042300b00401000000000d0
:108d9800049d023c00114624049d023c0011452418
:108da800049d023c04114424acf4400f0000000070
:108db8000900001000000000049d023c0011462438
:108dc800049d023c00114524049d023cfc104424ef
:108dd800acf4400f000000008cbf023c0000428c45
:108de8008001427cff004230050040100000000076
:108df800049d023ce412422403000010000000001d
:108e0800049d023cf812422425284000049d023c9f
:108e1800101344247d28410f000000008cbf023c41
:108e28000000428cc000427cff0042300b00401022
:108e380000000000049d023c00114624049d023cf1
:108e480000114524049d023c04114424acf4400f55
:108e5800000000000900001000000000049d023c12
:108e680000114624049d023c00114524049d023c47
:108e7800fc104424acf4400f000000008cbf023cfe
:108e88000000428cc000427cff00423005004010c8
:108e980000000000049d023c281342240300001037
:108ea80000000000049d023c3c1342242528400099
:108eb800049d023c681344247d28410f00000000f3
:108ec8008cbf023c0000428c8000427cff00423094
:108ed8000b00401400000000049d023c00114624d1
:108ee800049d023c00114524049d023c04114424c5
:108ef800acf4400f00000000090000100000000062
:108f0800049d023c00114624049d023c00114524a6
:108f1800049d023cfc104424acf4400f0000000007
:108f28008cbf023c0000428c8000427cff00423033
:108f38000500401400000000049d023c88134224f0
:108f48000300001000000000049d023c941342241a
:108f580025284000049d023cb81344247d28410f75
:108f680000000000049d023c00114624049d023cc0
:108f780000114524049d023c04114424acf4400f24
:108f8800000000008cbf023c0000428c0000427cc4
:108f9800ff0042300500401000000000049d023c24
:108fa800841142240300001000000000049d023ccc
:108fb8008c11422425284000049d023cd8134424e7
:108fc8007d28410f000000008cbf023c1000428c3d
:108fd800c003427cff0042300b004010000000003c
:108fe800049d023c00114624049d023c00114524c6
:108ff800049d023c04114424acf4400f000000001e
:109008000900001000000000049d023c00114624e5
:10901800049d023c00114524049d023cfc1044249c
:10902800acf4400f000000008cbf023c1000428ce2
:10903800c003427cff0042300500401000000000e1
:10904800049d023cf01342240300001000000000bd
:10905800049d023cf813422425284000049d023c4c
:10906800041444247d28410f000000008cbf023cfa
:109078001000428c8003427cff0042300b004010fd
:1090880000000000049d023c00114624049d023c9f
:1090980000114524049d023c04114424acf4400f03
:1090a800000000000900001000000000049d023cc0
:1090b80000114624049d023c00114524049d023cf5
:1090c800fc104424acf4400f000000008cbf023cac
:1090d8001000428c8003427cff00423005004010a3
:1090e80000000000049d023cf0134224030000101d
:1090f80000000000049d023cf8134224252840008b
:10910800049d023c1c1444247d28410f00000000eb
:10911800049d023c00114624049d023c0011452494
:10912800049d023c04114424acf4400f00000000ec
:109138008cbf023c1000428c4003427cff0042304e
:1091480025284000049d023c3c1444247d28410ffe
:10915800000000008cbf023c1000428c0003427cdf
:10916800ff0042300b00401400000000049d023c48
:1091780000114624049d023c00114524049d023c34
:1091880004114424acf4400f000000000900001052
:1091980000000000049d023c00114624049d023c8e
:1091a80000114524049d023cfc104424acf4400ffb
:1091b800000000008cbf023c1000428c0003427c7f
:1091c800ff0042300500401400000000049d023cee
:1091d800881342240300001000000000049d023c94
:1091e8009413422425284000049d023c5c14442426
:1091f8007d28410f00000000049d023c0011462418
:10920800049d023c00114524049d023c04114424a1
:10921800acf4400f00000000049d023c801444247c
:109228007d28410f000000008cbf023c1000428cda
:10923800001a427cff0042300a00432c4d006010a7
:109248000000000080180200039d023c689242243e
:10925800211062000000428c08004000000000005d
:109268009092029da892029dc092029dd892029d62
:10927800f092029d0893029d2093029d3893029dcf
:109288005093029d6893029d049d023c98144424c7
:10929800bf27410f0000000036000010000000004a
:1092a800049d023cac144424bf27410f0000000079
:1092b8003000001000000000049d023cbc1444244f
:1092c800bf27410f000000002a0000100000000026
:1092d800049d023cd0144424bf27410f0000000025
:1092e8002400001000000000049d023ce014442407
:1092f800bf27410f000000001e0000100000000002
:10930800049d023cf4144424bf27410f00000000d0
:109318001800001000000000049d023c00154424c1
:10932800bf27410f000000001200001000000000dd
:10933800049d023c0c154424bf27410f0000000087
:109348000c00001000000000049d023c1c15442481
:10935800bf27410f000000000600001000000000b9
:10936800049d023c2c154424bf27410f0000000037
:10937800000000008cbf023c10004290ff00423009
:1093880025284000049d023c7c1544247d28410f7b
:1093980000000000049d023ca0154424bf27410f93
:1093a800000000008cbf023c4000428c001f427c41
:1093b800ff00423025184000251060008010020090
:1093c8002110430040100200251840008cbf023cc9
:1093d8004000428c001e427cff0042302120620087
:1093e8008cbf023c4000428c001d427cff00423092
:1093f800251840002510600080100200211043004d
:1094080040100200251840008cbf023c4000428cee
:10941800001c427cff004230212862008cbf023cc5
:109428004000428c001b427cff004230251840005f
:109438002510600080100200211043004010020037
:10944800251840008cbf023c4000428c001a427c28
:10945800ff00423021106200253840002530a0006e
:1094680025288000049d023cc41544247d28410f12
:10947800000000008cbf023c5000428c0018427c67
:10948800ff004230252040000ea1400f00000000e0
:10949800252840008cbf023c5000428c001d427cb5
:1094a800ff0042302518400025106000801002009f
:1094b8002110430040100200251840008cbf023cd8
:1094c8005000428c001c427cff0042302120620088
:1094d8008cbf023c5000428c001b427cff00423093
:1094e800251840002510600080100200211043005c
:1094f80040100200251840008cbf023c5000428cee
:10950800001a427cff0042302110620025384000da
:1095180025308000049d023ce41544247d28410f39
:109528000000000001f5400f0000000000000000ee
:1095380025e8c0031400bf8f1000be8f1800bd2798
:089548000800e0030000000030
:020000040000fa
:020000041d02db
:10955000636f72655f74696d65725f696e74657261
:1095600072757074202020202020202020202020b0
:1095700020202000636f72655f736f66747761727d
:10958000655f696e746572727570745f302020203b
:109590002020202020202000636f72655f736f669b
:1095a00074776172655f696e746572727570745fed
:1095b0003120202020202020202020006578746584
:1095c000726e616c5f696e746572727570745f3013
:1095d00020202020202020202020202020202000ab
:1095e00074696d65723120202020202020202020e9
:1095f000202020202020202020202020202020206b
:1096000020202000696e7075745f636170747572dc
:10961000655f315f6572726f7220202020202020ec
:109620002020202020202000696e7075745f636107
:1096300070747572655f312020202020202020204a
:109640002020202020202020202020006f757470f2
:1096500075745f636f6d706172655f3120202020cb
:10966000202020202020202020202020202020001a
:1096700065787465726e616c5f696e74657272751f
:1096800070745f31202020202020202020202020e6
:109690002020200074696d65723220202020202057
:1096a00020202020202020202020202020202020ba
:1096b0002020202020202000696e7075745f636177
:1096c00070747572655f325f6572726f72202020f0
:1096d000202020202020202020202000696e70756e
:1096e000745f636170747572655f32202020202082
:1096f000202020202020202020202020202020008a
:109700006f75747075745f636f6d706172655f32d1
:109710002020202020202020202020202020202049
:109720002020200065787465726e616c5f696e74cc
:109730006572727570745f322020202020202020f6
:10974000202020202020200074696d6572332020a5
:109750002020202020202020202020202020202009
:10976000202020202020202020202000696e7075dd
:10977000745f636170747572655f335f6572726f79
:1097800072202020202020202020202020202000a7
:10979000696e7075745f636170747572655f332094
:1097a00020202020202020202020202020202020b9
:1097b000202020006f75747075745f636f6d706129
:1097c00072655f33202020202020202020202020b0
:1097d000202020202020200065787465726e616c46
:1097e0005f696e746572727570745f33202020201b
:1097f00020202020202020202020200074696d655a
:1098000072342020202020202020202020202020f2
:109810002020202020202020202020202020200068
:10982000696e7075745f636170747572655f345fc3
:109830006572726f7220202020202020202020209e
:1098400020202000696e7075745f6361707475729a
:10985000655f342020202020202020202020202070
:1098600020202020202020006f75747075745f63a5
:109870006f6d706172655f342020202020202020d1
:1098800020202020202020202020200065787465c2
:10989000726e616c5f696e746572727570745f343c
:1098a00020202020202020202020202020202000d8
:1098b00074696d6572352020202020202020202012
:1098c0002020202020202020202020202020202098
:1098d00020202000696e7075745f6361707475720a
:1098e000655f355f6572726f722020202020202016
:1098f0002020202020202000696e7075745f636135
:1099000070747572655f3520202020202020202073
:109910002020202020202020202020006f7574701f
:1099200075745f636f6d706172655f3520202020f4
:109930002020202020202020202020202020200047
:1099400074696d6572362020202020202020202080
:109950002020202020202020202020202020202007
:1099600020202000696e7075745f63617074757279
:10997000655f365f6572726f722020202020202084
:109980002020202020202000696e7075745f6361a4
:1099900070747572655f36202020202020202020e2
:1099a0002020202020202020202020006f7574708f
:1099b00075745f636f6d706172655f362020202063
:1099c00020202020202020202020202020202000b7
:1099d00074696d65723720202020202020202020ef
:1099e0002020202020202020202020202020202077
:1099f00020202000696e7075745f636170747572e9
:109a0000655f375f6572726f7220202020202020f2
:109a10002020202020202000696e7075745f636113
:109a200070747572655f3720202020202020202050
:109a30002020202020202020202020006f757470fe
:109a400075745f636f6d706172655f3720202020d1
:109a50002020202020202020202020202020200026
:109a600074696d657238202020202020202020205d
:109a700020202020202020202020202020202020e6
:109a800020202000696e7075745f63617074757258
:109a9000655f385f6572726f722020202020202061
:109aa0002020202020202000696e7075745f636183
:109ab00070747572655f38202020202020202020bf
:109ac0002020202020202020202020006f7574706e
:109ad00075745f636f6d706172655f382020202040
:109ae0002020202020202020202020202020200096
:109af00074696d65723920202020202020202020cc
:109b00002020202020202020202020202020202055
:109b100020202000696e7075745f636170747572c7
:109b2000655f395f6572726f7220202020202020cf
:109b30002020202020202000696e7075745f6361f2
:109b400070747572655f392020202020202020202d
:109b50002020202020202020202020006f757470dd
:109b600075745f636f6d706172655f3920202020ae
:109b70002020202020202020202020202020200005
:109b80006164635f676c6f62616c5f696e7465725c
:109b9000727570742020202020202020202020207a
:109ba000202020006164635f6669666f5f696e7480
:109bb00065727275707420202020202020202020c3
:109bc00020202020202020006164635f6469676991
:109bd00074616c5f636f6d70617261746f725f311d
:109be0002020202020202020202020006164635f8e
:109bf0006469676974616c5f636f6d7061726174d1
:109c00006f725f3220202020202020202020200082
:109c10006164635f6469676974616c5f636f6d70d1
:109c2000617261746f725f33202020202020202019
:109c3000202020006164635f6469676974616c5f00
:109c4000636f6d70617261746f725f3420202020c9
:109c500020202020202020006164635f6469676900
:109c600074616c5f636f6d70617261746f725f3588
:109c70002020202020202020202020006164635ffd
:109c80006469676974616c5f636f6d706172617440
:109c90006f725f36202020202020202020202000ee
:109ca0006164635f6469676974616c5f66696c7441
:109cb00065725f31202020202020202020202020bd
:109cc000202020006164635f6469676974616c5f70
:109cd00066696c7465725f3220202020202020206d
:109ce00020202020202020006164635f6469676970
:109cf00074616c5f66696c7465725f33202020202c
:109d00002020202020202020202020006164635f6c
:109d10006469676974616c5f66696c7465725f34ed
:109d20002020202020202020202020202020200053
:109d30006164635f6469676974616c5f66696c74b0
:109d400065725f3520202020202020202020202028
:109d5000202020006164635f6469676974616c5fdf
:109d600066696c7465725f362020202020202020d8
:109d700020202020202020006164635f6661756cd4
:109d8000742020202020202020202020202020207f
:109d90002020202020202020202020006164635fdc
:109da000646174615f30202020202020202020204a
:109db00020202020202020202020202020202000c3
:109dc0006164635f646174615f3120202020202022
:109dd0002020202020202020202020202020202083
:109de000202020006164635f646174615f32202021
:109df0002020202020202020202020202020202063
:109e000020202020202020006164635f6461746151
:109e10005f332020202020202020202020202020f0
:109e20002020202020202020202020006164635f4b
:109e3000646174615f3420202020202020202020b5
:109e40002020202020202020202020202020200032
:109e50006164635f646174615f352020202020208d
:109e600020202020202020202020202020202020f2
:109e7000202020006164635f646174615f3620208c
:109e800020202020202020202020202020202020d2
:109e900020202020202020006164635f64617461c1
:109ea0005f3720202020202020202020202020205c
:109eb0002020202020202020202020006164635fbb
:109ec000646174615f382020202020202020202021
:109ed00020202020202020202020202020202000a2
:109ee0006164635f646174615f39202020202020f9
:109ef0002020202020202020202020202020202062
:109f0000202020006164635f646174615f313020f0
:109f10002020202020202020202020202020202041
:109f200020202020202020006164635f6461746130
:109f30005f313120202020202020202020202020c0
:109f40002020202020202020202020006164635f2a
:109f5000646174615f313220202020202020202085
:109f60002020202020202020202020202020200011
:109f70006164635f646174615f313320202020205d
:109f800020202020202020202020202020202020d1
:109f9000202020006164635f646174615f3134205c
:109fa00020202020202020202020202020202020b1
:109fb00020202020202020006164635f64617461a0
:109fc0005f3135202020202020202020202020202c
:109fd0002020202020202020202020006164635f9a
:109fe000646174615f3136202020202020202020f1
:109ff0002020202020202020202020202020200081
:10a000006164635f646174615f31372020202020c8
:10a010002020202020202020202020202020202040
:10a02000202020006164635f646174615f313820c7
:10a030002020202020202020202020202020202020
:10a0400020202020202020006164635f646174610f
:10a050005f31392020202020202020202020202097
:10a060002020202020202020202020006164635f09
:10a07000646174615f323020202020202020202065
:10a0800020202020202020202020202020202000f0
:10a090006164635f646174615f323120202020203d
:10a0a00020202020202020202020202020202020b0
:10a0b000202020006164635f646174615f3232203c
:10a0c0002020202020202020202020202020202090
:10a0d00020202020202020006164635f646174617f
:10a0e0005f3233202020202020202020202020200c
:10a0f0002020202020202020202020006164635f79
:10a10000646174615f3234202020202020202020d0
:10a11000202020202020202020202020202020005f
:10a120006164635f646174615f32352020202020a8
:10a13000202020202020202020202020202020201f
:10a14000202020006164635f646174615f323620a7
:10a1500020202020202020202020202020202020ff
:10a1600020202020202020006164635f64617461ee
:10a170005f32372020202020202020202020202077
:10a180002020202020202020202020006164635fe8
:10a19000646174615f32382020202020202020203c
:10a1a00020202020202020202020202020202000cf
:10a1b0006164635f646174615f3239202020202014
:10a1c000202020202020202020202020202020208f
:10a1d000202020006164635f646174615f3330201c
:10a1e000202020202020202020202020202020206f
:10a1f00020202020202020006164635f646174615e
:10a200005f333120202020202020202020202020eb
:10a210002020202020202020202020006164635f57
:10a22000646174615f3332202020202020202020b0
:10a23000202020202020202020202020202020003e
:10a240006164635f646174615f3333202020202088
:10a2500020202020202020202020202020202020fe
:10a26000202020006164635f646174615f33342087
:10a2700020202020202020202020202020202020de
:10a2800020202020202020006164635f64617461cd
:10a290005f33352020202020202020202020202057
:10a2a0002020202020202020202020006164635fc7
:10a2b000646174615f33362020202020202020201c
:10a2c00020202020202020202020202020202000ae
:10a2d0006164635f646174615f33372020202020f4
:10a2e000202020202020202020202020202020206e
:10a2f000202020006164635f646174615f333820f3
:10a30000202020202020202020202020202020204d
:10a3100020202020202020006164635f646174613c
:10a320005f333920202020202020202020202020c2
:10a330002020202020202020202020006164635f36
:10a34000646174615f343020202020202020202090
:10a35000202020202020202020202020202020001d
:10a360006164635f646174615f3431202020202068
:10a3700020202020202020202020202020202020dd
:10a38000202020006164635f646174615f34322067
:10a3900020202020202020202020202020202020bd
:10a3a00020202020202020006164635f64617461ac
:10a3b0005f34332020202020202020202020202037
:10a3c0002020202020202020202020007573625f84
:10a3d00073757370656e645f726573756d655f65c7
:10a3e00076656e7420202020202020202020200050
:10a3f000636f72655f706572666f726d616e6365c3
:10a400005f636f756e7465725f696e746572727585
:10a4100070742000636f72655f666173745f64655a
:10a420006275675f6368616e6e656c5f696e7465a7
:10a43000727275707420200073797374656d5f6239
:10a4400075735f70726f74656374696f6e5f766940
:10a450006f6c6174696f6e202020200063727970c8
:10a46000746f5f656e67696e655f6576656e742093
:10a4700020202020202020202020202020202000fc
:10a48000726573657276656420202020202020206c
:10a4900020202020202020202020202020202020bc
:10a4a00020202000737069315f6661756c74202014
:10a4b000202020202020202020202020202020209c
:10a4c0002020202020202000737069315f72656396
:10a4d000656976655f646f6e6520202020202020ee
:10a4e000202020202020202020202000737069318f
:10a4f0005f7472616e736665725f646f6e65202053
:10a50000202020202020202020202020202020006b
:10a5100075617274315f6661756c74202020202033
:10a52000202020202020202020202020202020202b
:10a530002020200075617274315f726563656976f1
:10a54000655f646f6e652020202020202020202061
:10a55000202020202020200075617274315f7472e9
:10a56000616e736665725f646f6e652020202020c7
:10a57000202020202020202020202000693263314c
:10a580005f6275735f636f6c6c6973696f6e5f6533
:10a5900076656e742020202020202020202020009e
:10a5a000693263315f636c69656e745f6576656e91
:10a5b0007420202020202020202020202020202047
:10a5c00020202000693263315f686f73745f6576a5
:10a5d000656e742020202020202020202020202094
:10a5e0002020202020202000706f7274615f696e2f
:10a5f0007075745f6368616e67655f696e746572bc
:10a60000727570742020202020202000706f7274da
:10a61000625f696e7075745f6368616e67655f69bc
:10a620006e746572727570742020202020202000c6
:10a63000706f7274635f696e7075745f6368616e6a
:10a6400067655f696e746572727570742020202072
:10a6500020202000706f7274645f696e7075745f83
:10a660006368616e67655f696e7465727275707438
:10a670002020202020202000706f7274655f696e9a
:10a680007075745f6368616e67655f696e7465722b
:10a69000727570742020202020202000706f72744a
:10a6a000665f696e7075745f6368616e67655f6928
:10a6b0006e74657272757074202020202020200036
:10a6c000706f7274675f696e7075745f6368616ed6
:10a6d00067655f696e7465727275707420202020e2
:10a6e00020202000706f7274685f696e7075745fef
:10a6f0006368616e67655f696e74657272757074a8
:10a700002020202020202000706f72746a5f696e04
:10a710007075745f6368616e67655f696e7465729a
:10a72000727570742020202020202000706f7274b9
:10a730006b5f696e7075745f6368616e67655f6992
:10a740006e746572727570742020202020202000a5
:10a75000706d70202020202020202020202020200c
:10a7600020202020202020202020202020202020e9
:10a7700020202000706d705f6572726f7220202043
:10a7800020202020202020202020202020202020c9
:10a790002020202020202000636f6d706172617482
:10a7a0006f725f315f696e746572727570742020ac
:10a7b000202020202020202020202000636f6d708a
:10a7c000617261746f725f325f696e746572727507
:10a7d00070742020202020202020202020202000f5
:10a7e0007573625f67656e6572616c5f6576656ed5
:10a7f0007420202020202020202020202020202005
:10a80000202020007573625f646d615f6576656e00
:10a8100074202020202020202020202020202020e4
:10a820002020202020202000646d615f6368616e1d
:10a830006e656c5f302020202020202020202020ea
:10a84000202020202020202020202000646d615f17
:10a850006368616e6e656c5f3120202020202020af
:10a860002020202020202020202020202020200008
:10a87000646d615f6368616e6e656c5f322020207d
:10a8800020202020202020202020202020202020c8
:10a8900020202000646d615f6368616e6e656c5f8f
:10a8a0003320202020202020202020202020202095
:10a8b0002020202020202000646d615f6368616e8d
:10a8c0006e656c5f34202020202020202020202056
:10a8d000202020202020202020202000646d615f87
:10a8e0006368616e6e656c5f35202020202020201b
:10a8f0002020202020202020202020202020200078
:10a90000646d615f6368616e6e656c5f36202020e8
:10a910002020202020202020202020202020202037
:10a9200020202000646d615f6368616e6e656c5ffe
:10a930003720202020202020202020202020202000
:10a940002020202020202000737069325f6661750e
:10a950006c74202020202020202020202020202057
:10a960002020202020202020202020007370693209
:10a970005f726563656976655f646f6e6520202030
:10a9800020202020202020202020202020202000e7
:10a99000737069325f7472616e736665725f646f43
:10a9a0006e65202020202020202020202020202014
:10a9b0002020200075617274325f6661756c7420ae
:10a9c0002020202020202020202020202020202087
:10a9d000202020202020200075617274325f726573
:10a9e00063656976655f646f6e6520202020202096
:10a9f000202020202020202020202000756172743b
:10aa0000325f7472616e736665725f646f6e65202b
:10aa10002020202020202020202020202020200056
:10aa2000693263325f6275735f636f6c6c697369ff
:10aa30006f6e5f6576656e742020202020202020b8
:10aa400020202000693263325f636c69656e745f39
:10aa50006576656e74202020202020202020202074
:10aa60002020202020202000693263325f686f732d
:10aa7000745f6576656e74202020202020202020c1
:10aa8000202020202020202020202000636f6e74b2
:10aa9000726f6c5f617265615f6e6574776f726b08
:10aaa0005f31202020202020202020202020200076
:10aab000636f6e74726f6c5f617265615f6e6574f7
:10aac000776f726b5f3220202020202020202020f2
:10aad0002020200065746865726e65745f696e740d
:10aae0006572727570742020202020202020202084
:10aaf0002020202020202000737069335f6661755c
:10ab00006c742020202020202020202020202020a5
:10ab10002020202020202020202020007370693356
:10ab20005f726563656976655f646f6e652020207e
:10ab30002020202020202020202020202020200035
:10ab4000737069335f7472616e736665725f646f90
:10ab50006e65202020202020202020202020202062
:10ab60002020200075617274335f6661756c7420fb
:10ab700020202020202020202020202020202020d5
:10ab8000202020202020200075617274335f7265c0
:10ab900063656976655f646f6e65202020202020e4
:10aba0002020202020202020202020007561727489
:10abb000335f7472616e736665725f646f6e652079
:10abc00020202020202020202020202020202000a5
:10abd000693263335f6275735f636f6c6c6973694d
:10abe0006f6e5f6576656e74202020202020202007
:10abf00020202000693263335f636c69656e745f87
:10ac00006576656e742020202020202020202020c2
:10ac10002020202020202000693263335f686f737a
:10ac2000745f6576656e742020202020202020200f
:10ac30002020202020202020202020007370693434
:10ac40005f6661756c742020202020202020202049
:10ac50002020202020202020202020202020200014
:10ac6000737069345f726563656976655f646f6e82
:10ac7000652020202020202020202020202020208f
:10ac800020202000737069345f7472616e73666592
:10ac9000725f646f6e6520202020202020202020fd
:10aca00020202020202020007265616c5f74696d77
:10acb000655f636c6f636b202020202020202020a4
:10acc000202020202020202020202000666c61737e
:10acd000685f636f6e74726f6c5f6576656e74200b
:10ace0002020202020202020202020202020200084
:10acf00070726566657463685f6d6f64756c655fbf
:10ad00007365635f6576656e7420202020202020a7
:10ad100020202000737169315f6576656e74202094
:10ad20002020202020202020202020202020202023
:10ad3000202020202020200075617274345f66611d
:10ad4000756c74202020202020202020202020200e
:10ad500020202020202020202020200075617274d7
:10ad6000345f726563656976655f646f6e65202028
:10ad700020202020202020202020202020202000f3
:10ad800075617274345f7472616e736665725f644c
:10ad90006f6e6520202020202020202020202020d1
:10ada00020202000693263345f6275735f636f6ccb
:10adb0006c6973696f6e5f6576656e742020202004
:10adc0002020202020202000693263345f636c69da
:10add000656e745f6576656e7420202020202020cb
:10ade00020202020202020202020200069326334d1
:10adf0005f686f73745f6576656e74202020202015
:10ae00002020202020202020202020202020200062
:10ae1000737069355f6661756c7420202020202076
:10ae20002020202020202020202020202020202022
:10ae300020202000737069355f72656365697665ef
:10ae40005f646f6e6520202020202020202020209d
:10ae50002020202020202000737069355f747261eb
:10ae60006e736665725f646f6e65202020202020ff
:10ae700020202020202020202020200075617274b6
:10ae8000355f6661756c74202020202020202020f2
:10ae900020202020202020202020202020202000d2
:10aea00075617274355f726563656976655f646f3d
:10aeb0006e652020202020202020202020202020ff
:10aec0002020200075617274355f7472616e736644
:10aed00065725f646f6e6520202020202020202076
:10aee0002020202020202000693263355f627573a6
:10aef0005f636f6c6c6973696f6e5f6576656e74a6
:10af000020202020202020202020200069326335ae
:10af10005f636c69656e745f6576656e7420202072
:10af20002020202020202020202020202020200041
:10af3000693263355f686f73745f6576656e742020
:10af40002020202020202020202020202020202001
:10af500020202000737069365f6661756c74202054
:10af600020202020202020202020202020202020e1
:10af70002020202020202000737069365f726563d6
:10af8000656976655f646f6e652020202020202033
:10af900020202020202020202020200073706936cf
:10afa0005f7472616e736665725f646f6e65202098
:10afb00020202020202020202020202020202000b1
:10afc00075617274365f6661756c74202020202074
:10afd0002020202020202020202020202020202071
:10afe0002020200075617274365f72656365697632
:10aff000655f646f6e6520202020202020202020a7
:10b00000202020202020200075617274365f747229
:10b01000616e736665725f646f6e6520202020200c
:10b02000202020202020202020202000736468631e
:10b030005f696e7465727275707420202020202004
:10b040002020202020202020202020202020200020
:10b05000676c63645f696e746572727570742020ca
:10b0600020202020202020202020202020202020e0
:10b07000202020006770755f696e7465727275704c
:10b08000742020202020202020202020202020206c
:10b09000202020202020200063746d755f696e746d
:10b0a00065727275707420202020202020202020be
:10b0b0002020202020202020202020006164635fa9
:10b0c000656e645f6f665f7363616e202020202071
:10b0d0002020202020202020202020202020200090
:10b0e0006164635f616e616c6f675f6369726375f2
:10b0f00069745f72656164792020202020202020ff
:10b10000202020006164635f7570646174655f7204
:10b11000656164792020202020202020202020200c
:10b120002020202020202000616463305f65617250
:10b130006c795f696e74657272757074202020205e
:10b140002020202020202020202020006164633146
:10b150005f6561726c795f696e7465727275707427
:10b1600020202020202020202020202020202000ff
:10b17000616463325f6561726c795f696e74657278
:10b180007275707420202020202020202020202074
:10b1900020202000616463335f6561726c795f69b0
:10b1a0006e7465727275707420202020202020201b
:10b1b0002020202020202000616463345f656172bc
:10b1c0006c795f696e7465727275707420202020ce
:10b1d0002020202020202020202020006164635f88
:10b1e00067726f75705f6561726c795f696e7465a7
:10b1f00072727570745f726571756573742020006a
:10b20000616463375f6561726c795f696e746572e2
:10b2100072757074202020202020202020202020e3
:10b2200020202000616463305f7761726d5f696e1a
:10b2300074657272757074202020202020202020d8
:10b240002020202020202000616463315f7761721c
:10b250006d5f696e74657272757074202020202095
:10b260002020202020202020202020006164633224
:10b270005f7761726d5f696e74657272757074204c
:10b2800020202020202020202020202020202000de
:10b29000616463335f7761726d5f696e746572724a
:10b2a00075707420202020202020202020202020a5
:10b2b00020202000616463345f7761726d5f696e86
:10b2c0007465727275707420202020202020202048
:10b2d0002020202020202000616463375f77617286
:10b2e0006d5f696e74657272757074202020202005
:10b2f0002020202020202020202020006d706c6c39
:10b300005f6661756c745f696e7465727275707476
:10b31000202020202020202020202020202020004d
:10b320005095029d7495029d9895029dbc95029d35
:10b33000e095029d0496029d2896029d4c96029de2
:10b340007096029d9496029db896029ddc96029d91
:10b350000097029d2497029d4897029d6c97029d3d
:10b360009097029db497029dd897029dfc97029ded
:10b370002098029d4498029d6898029d8c98029d99
:10b38000b098029dd498029df898029d1c99029d48
:10b390004099029d6499029d8899029dac99029df5
:10b3a000d099029df499029d189a029d3c9a029da3
:10b3b000609a029d849a029da89a029dcc9a029d51
:10b3c000f09a029d149b029d389b029d5c9b029dfe
:10b3d000809b029da49b029dc89b029dec9b029dad
:10b3e000109c029d349c029d589c029d7c9c029d59
:10b3f000a09c029dc49c029de89c029d0c9d029d08
:10b40000309d029d549d029d789d029d9c9d029db4
:10b41000c09d029de49d029d089e029d2c9e029d62
:10b42000509e029d749e029d989e029dbc9e029d10
:10b43000e09e029d049f029d289f029d4c9f029dbd
:10b44000709f029d949f029db89f029ddc9f029d6c
:10b4500000a0029d24a0029d48a0029d6ca0029d18
:10b4600090a0029db4a0029dd8a0029dfca0029dc8
:10b4700020a1029d44a1029d68a1029d8ca1029d74
:10b48000b0a1029dd4a1029df8a1029d1ca2029d23
:10b4900040a2029d64a2029d88a2029daca2029dd0
:10b4a000d0a2029df4a2029d18a3029d3ca3029d7e
:10b4b00060a3029d84a3029da8a3029dcca3029d2c
:10b4c000f0a3029d14a4029d38a4029d5ca4029dd9
:10b4d00080a4029da4a4029dc8a4029deca4029d88
:10b4e00010a5029d34a5029d58a5029d7ca5029d34
:10b4f000a0a5029dc4a5029de8a5029d0ca6029de3
:10b5000030a6029d54a6029d78a6029d9ca6029d8f
:10b51000c0a6029de4a6029d08a7029d2ca7029d3d
:10b5200050a7029d74a7029d98a7029dbca7029deb
:10b53000e0a7029d04a8029d28a8029d4ca8029d98
:10b5400070a8029d94a8029db8a8029ddca8029d47
:10b5500000a9029d24a9029d48a9029d6ca9029df3
:10b5600090a9029db4a9029dd8a9029dfca9029da3
:10b5700020aa029d44aa029d68aa029d8caa029d4f
:10b58000b0aa029dd4aa029df8aa029d1cab029dfe
:10b5900040ab029d64ab029d88ab029dacab029dab
:10b5a000d0ab029df4ab029d18ac029d3cac029d59
:10b5b00060ac029d84ac029da8ac029dccac029d07
:10b5c000f0ac029d14ad029d38ad029d5cad029db4
:10b5d00080ad029da4ad029dc8ad029decad029d63
:10b5e00010ae029d34ae029d58ae029d7cae029d0f
:10b5f000a0ae029dc4ae029de8ae029d0caf029dbe
:10b6000030af029d54af029d78af029d9caf029d6a
:10b61000c0af029de4af029d08b0029d2cb0029d18
:10b6200050b0029d74b0029d80a4029d98b0029d0e
:10b63000bcb0029de0b0029d04b1029d28b1029d04
:10b640004cb1029d70b1029d94b1029db8b1029db2
:10b6500080a4029ddcb1029d00b2029d24b2029d35
:10b6600048b2029d6cb2029d90b2029db4b2029d9e
:10b6700080a4029d80a4029dd8b2029dfcb2029dce
:10b68000310000003000000032000000496e746597
:10b69000727275707420436f6e74726f6c6c657229
:10b6a000205374617475733a0a0d00005400000051
:10b6b00046000000476c6f62616c20496e746572d1
:10b6c0007275707420456e61626c653a2025730a4c
:10b6d0000d0000004d756c74692d566563746f72b2
:10b6e0000000000053696e676c652d566563746fca
:10b6f00072000000496e7465727275707420566530
:10b7000063746f72204d6f64653a2025730a0d00d3
:10b71000496e74657272757074205072696f7269c7
:10b72000747920536861646f772052656769737418
:10b7300065722053657474696e673a2030782530dd
:10b7400038580a0d000000004c617465737420695c
:10b750006e74657272757074207072696f7269743c
:10b76000792073657276696365643a203078253094
:10b7700038580a0d000000004c617465737420692c
:10b780006e74657272757074207365727669636524
:10b79000643a203078253038580a0d003700000010
:10b7a0000a0d496e746572727570747320696e202b
:10b7b0006c69737420617265206d61726b656420c1
:10b7c000677265656e2069662074686579206172ac
:10b7d0006520656e61626c6564206f7220686176b9
:10b7e000652049504c203e20300a0d000a0d496e5c
:10b7f0007465727275707420736f75726365733ad5
:10b800000a0d000023232320204e616d6520202097
:10b810002020202020202020202020202020202028
:10b820002020454e3f202049504c2049534c204970
:10b8300052513f0a0d00000025303364202025734b
:10b84000202563202020202564202020256420201e
:08b85000202025630a0d000011
:020000040000fa
:020000041d02db
:10b85800e8ffbd271400bfaf1000beaf25f0a0035e
:10b868006a0004241e3a400f00000000010005246d
:10b878006a0004249c1d400f0000000001000524fc
:10b888006a000424f725400f000000006a00042421
:10b898002e3a400f000000006a0004240e3a400fc0
:10b8a800000000000100022425e8c0031400bf8f37
:10b8b8001000be8f1800bd270800e003000000003c
:10b8c80000e85d4100701a4000601b40c0ffbd27c2
:10b8d8003c00baaf02601a403800bbaf3400baafc0
:10b8e80044781b7c00047b3700609b4012100000ea
:10b8f8002c00a2af101800002800a3af12102000df
:10b908002400a2af101820002000a3af121040009e
:10b918001c00a2af101840001800a3af121060005e
:10b928001400a2af101860001000a3afb81c3f7c31
:10b938003000a3af25f0a00301a0023c3c44422400
:10b9480001000324080043a06a0004242e3a400f93
:10b95800000000000000000025e8c0033000a38fad
:10b96800f8fc617c2c00a28f130040002800a38ff4
:10b97800110060002400a58f1308a0002000a58fe7
:10b988001108a0001c00a58f1310a0001800a58f97
:10b998001110a0001400a58f1318a0001000a58f87
:10b9a8001118a00000606041c00000003400bb8f87
:10b9b8003c00ba8f02609b403800bb8f00709a40f1
:10b9c8004000bd2700e8dd4100609b4018000042b0
:10b9d800e0ffbd271c00bfaf1800beaf25f0a003d5
:10b9e80086bf033c30056294010004248410827ce5
:10b9f800300562a4252000002c01400f0000000043
:10ba080038e9400f000000006ee9400f0000000018
:10ba1800049d023cbc4744243eb6400f0000000091
:10ba28000068024082100200ff0042301f004230ce
:10ba38001000c2a31000c29330004224ff0042301d
:10ba48001100c2a31100c38382bf023c202843ac6b
:10ba5800049d023ce84744243eb6400f0000000025
:10ba6800ffff001000000000e8ffbd271400bfaf73
:10ba78001000beaf25f0a00386bf033c30056294da
:10ba8800010004248410827c300562a438e9400f48
:10ba9800000000006ee9400f00000000049d023c19
:10baa800ec4744243eb6400f00000000ffff0010a2
:10bab80000000000e8ffbd271400bfaf1000beafb4
:10bac80025f0a00386bf033c3005629401000424de
:10bad8008410827c300562a438e9400f0000000021
:10bae8006ee9400f00000000049d023c1448442405
:10baf8003eb6400f00000000ffff001000000000ed
:10bb0800e8ffbd271400bfaf1000beaf25f0a003ab
:10bb180086bf033c30056294010004248410827cb3
:10bb2800300562a438e9400f000000006ee9400fbc
:10bb380000000000049d023c384844243eb6400ff3
:10bb480000000000ffff001000000000e8ffbd2714
:10bb58001400bfaf1000beaf25f0a003049d023c47
:10bb680060484624049d023c64484524049d023ce8
:10bb780068484424acf4400f00000000049d023cd7
:10bb88006c4844247d28410f0000000001a0023cbd
:10bb98003c444290ff0042300b004010000000007f
:10bba800049d023c64484624049d023c64484524a4
:10bbb800049d023c60484424acf4400f000000009f
:10bbc8000900001000000000049d023c644846245f
:10bbd800049d023c64484524049d023c6848442472
:10bbe800acf4400f0000000001a0023c3c4442902d
:10bbf800ff0042300500401000000000049d023c98
:10bc0800844842240300001000000000049d023c08
:10bc18009448422425304000049d023c10454524a8
:10bc2800049d023ca84844247d28410f00000000e0
:10bc380001a0023c3c44422401004290ff004230f3
:10bc48000b00401000000000049d023c644846249c
:10bc5800049d023c64484524049d023c60484424f9
:10bc6800acf4400f000000000900001000000000c4
:10bc7800049d023c64484624049d023c64484524d3
:10bc8800049d023c68484424acf4400f00000000c6
:10bc980001a0023c3c44422401004290ff00423093
:10bca8000500401000000000049d023c8448422426
:10bcb8000300001000000000049d023c9448422448
:10bcc80025304000049d023c20454524049d023c4b
:10bcd800a84844247d28410f0000000001a0023c30
:10bce8003c44422402004290ff0042300b004010c6
:10bcf80000000000049d023c64484624049d023c68
:10bd080064484524049d023c60484424acf4400f38
:10bd1800000000000900001000000000049d023c23
:10bd280064484624049d023c64484524049d023c22
:10bd380068484424acf4400f0000000001a0023c15
:10bd48003c44422402004290ff004230050040106b
:10bd580000000000049d023c8448422403000010b7
:10bd680000000000049d023c944842242530400015
:10bd7800049d023c2c454524049d023ca8484424cb
:10bd88007d28410f0000000001a0023c3c444224f1
:10bd980003004290ff0042300b00401000000000fa
:10bda800049d023c64484624049d023c64484524a2
:10bdb800049d023c60484424acf4400f000000009d
:10bdc8000900001000000000049d023c644846245d
:10bdd800049d023c64484524049d023c6848442470
:10bde800acf4400f0000000001a0023c3c44422497
:10bdf80003004290ff0042300500401000000000a0
:10be0800049d023c84484224030000100000000006
:10be1800049d023c9448422425304000049d023c85
:10be280038454524049d023ca84844247d28410ff8
:10be38000000000001a0023c3c444224040042905f
:10be4800ff0042300b00401000000000049d023c3f
:10be580064484624049d023c64484524049d023cf1
:10be680060484424acf4400f0000000009000010b2
:10be780000000000049d023c64484624049d023ce6
:10be880064484524049d023c68484424acf4400faf
:10be98000000000001a0023c3c44422404004290ff
:10bea800ff0042300500401000000000049d023ce5
:10beb800844842240300001000000000049d023c56
:10bec8009448422425304000049d023c44454524c2
:10bed800049d023ca84844247d28410f000000002e
:10bee80001a0023c3c44422405004290ff0042303d
:10bef8000b00401000000000049d023c64484624ea
:10bf0800049d023c64484524049d023c6048442446
:10bf1800acf4400f00000000090000100000000011
:10bf2800049d023c64484624049d023c6448452420
:10bf3800049d023c68484424acf4400f0000000013
:10bf480001a0023c3c44422405004290ff004230dc
:10bf58000500401000000000049d023c8448422473
:10bf68000300001000000000049d023c9448422495
:10bf780025304000049d023c50454524049d023c68
:10bf8800a84844247d28410f0000000001a0023c7d
:10bf98003c44422406004290ff0042300b0040100f
:10bfa80000000000049d023c64484624049d023cb5
:10bfb80064484524049d023c60484424acf4400f86
:10bfc800000000000900001000000000049d023c71
:10bfd80064484624049d023c64484524049d023c70
:10bfe80068484424acf4400f0000000001a0023c63
:10bff8003c44422406004290ff00423005004010b5
:10c0080000000000049d023c844842240300001004
:10c0180000000000049d023c944842242530400062
:10c02800049d023c5c454524049d023ca8484424e8
:10c038007d28410f0000000001a0023c3c4442243e
:10c0480007004290ff0042300b0040100000000043
:10c05800049d023c64484624049d023c64484524ef
:10c06800049d023c60484424acf4400f00000000ea
:10c078000900001000000000049d023c64484624aa
:10c08800049d023c64484524049d023c68484424bd
:10c09800acf4400f0000000001a0023c3c444224e4
:10c0a80007004290ff0042300500401000000000e9
:10c0b800049d023c84484224030000100000000054
:10c0c800049d023c9448422425304000049d023cd3
:10c0d80068454524049d023ca84844247d28410f16
:10c0e8000000000001a0023c3c44422408004290a9
:10c0f800ff0042300b00401000000000049d023c8d
:10c1080064484624049d023c64484524049d023c3e
:10c1180060484424acf4400f0000000009000010ff
:10c1280000000000049d023c64484624049d023c33
:10c1380064484524049d023c68484424acf4400ffc
:10c148000000000001a0023c3c4442240800429048
:10c15800ff0042300500401000000000049d023c32
:10c16800844842240300001000000000049d023ca3
:10c178009448422425304000049d023c78454524db
:10c18800049d023ca84844247d28410f000000007b
:10c1980001a0023c3c44422409004290ff00423086
:10c1a8000b00401000000000049d023c6448462437
:10c1b800049d023c64484524049d023c6048442494
:10c1c800acf4400f0000000009000010000000005f
:10c1d800049d023c64484624049d023c644845246e
:10c1e800049d023c68484424acf4400f0000000061
:10c1f80001a0023c3c44422409004290ff00423026
:10c208000500401000000000049d023c84484224c0
:10c218000300001000000000049d023c94484224e2
:10c2280025304000049d023c98454524049d023c6d
:10c23800a84844247d28410f0000000001a0023cca
:10c248003c4442240a004290ff0042300b00401058
:10c2580000000000049d023c64484624049d023c02
:10c2680064484524049d023c60484424acf4400fd3
:10c27800000000000900001000000000049d023cbe
:10c2880064484624049d023c64484524049d023cbd
:10c2980068484424acf4400f0000000001a0023cb0
:10c2a8003c4442240a004290ff00423005004010fe
:10c2b80000000000049d023c844842240300001052
:10c2c80000000000049d023c9448422425304000b0
:10c2d800049d023cac454524049d023ca8484424e6
:10c2e8007d28410f0000000001a0023c3c4442248c
:10c2f8000b004290ff0042300b004010000000008d
:10c30800049d023c64484624049d023c644845243c
:10c31800049d023c60484424acf4400f0000000037
:10c328000900001000000000049d023c64484624f7
:10c33800049d023c64484524049d023c684844240a
:10c34800acf4400f0000000001a0023c3c44422431
:10c358000b004290ff004230050040100000000032
:10c36800049d023c844842240300001000000000a1
:10c37800049d023c9448422425304000049d023c20
:10c38800bc454524049d023ca84844247d28410f0f
:10c398000000000001a0023c3c4442240c004290f2
:10c3a800ff0042300b00401000000000049d023cda
:10c3b80064484624049d023c64484524049d023c8c
:10c3c80060484424acf4400f00000000090000104d
:10c3d80000000000049d023c64484624049d023c81
:10c3e80064484524049d023c68484424acf4400f4a
:10c3f8000000000001a0023c3c4442240c00429092
:10c40800ff0042300500401000000000049d023c7f
:10c41800844842240300001000000000049d023cf0
:10c428009448422425304000049d023cd4454524cc
:10c43800049d023ca84844247d28410f00000000c8
:10c4480001a0023c3c4442240d004290ff004230cf
:10c458000b00401000000000049d023c6448462484
:10c46800049d023c64484524049d023c60484424e1
:10c47800acf4400f000000000900001000000000ac
:10c48800049d023c64484624049d023c64484524bb
:10c49800049d023c68484424acf4400f00000000ae
:10c4a80001a0023c3c4442240d004290ff0042306f
:10c4b8000500401000000000049d023c844842240e
:10c4c8000300001000000000049d023c9448422430
:10c4d80025304000049d023cec454524049d023c67
:10c4e800a84844247d28410f0000000001a0023c18
:10c4f8003c4442240e004290ff0042300b004010a2
:10c5080000000000049d023c64484624049d023c4f
:10c5180064484524049d023c60484424acf4400f20
:10c52800000000000900001000000000049d023c0b
:10c5380064484624049d023c64484524049d023c0a
:10c5480068484424acf4400f0000000001a0023cfd
:10c558003c4442240e004290ff0042300500401047
:10c5680000000000049d023c84484224030000109f
:10c5780000000000049d023c9448422425304000fd
:10c58800049d023c00464524049d023ca8484424de
:10c598007d28410f0000000001a0023c3c444224d9
:10c5a8000f004290ff0042300b00401000000000d6
:10c5b800049d023c64484624049d023c644845248a
:10c5c800049d023c60484424acf4400f0000000085
:10c5d8000900001000000000049d023c6448462445
:10c5e800049d023c64484524049d023c6848442458
:10c5f800acf4400f0000000001a0023c3c4442247f
:10c608000f004290ff00423005004010000000007b
:10c61800049d023c844842240300001000000000ee
:10c62800049d023c9448422425304000049d023c6d
:10c6380018464524049d023ca84844247d28410fff
:10c648000000000001a0023c3c444224100042903b
:10c65800ff0042300b00401000000000049d023c27
:10c6680064484624049d023c64484524049d023cd9
:10c6780060484424acf4400f00000000090000109a
:10c6880000000000049d023c64484624049d023cce
:10c6980064484524049d023c68484424acf4400f97
:10c6a8000000000001a0023c3c44422410004290db
:10c6b800ff0042300500401000000000049d023ccd
:10c6c800844842240300001000000000049d023c3e
:10c6d8009448422425304000049d023c34464524b9
:10c6e800049d023ca84844247d28410f0000000016
:10c6f80001a0023c3c44422411004290ff00423019
:10c708000b00401000000000049d023c64484624d1
:10c71800049d023c64484524049d023c604844242e
:10c72800acf4400f000000000900001000000000f9
:10c73800049d023c64484624049d023c6448452408
:10c74800049d023c68484424acf4400f00000000fb
:10c7580001a0023c3c44422411004290ff004230b8
:10c768000500401000000000049d023c844842245b
:10c778000300001000000000049d023c944842247d
:10c7880025304000049d023c48464524049d023c57
:10c79800a84844247d28410f0000000001a0023c65
:10c7a8003c44422412004290ff0042300b004010eb
:10c7b80000000000049d023c64484624049d023c9d
:10c7c80064484524049d023c60484424acf4400f6e
:10c7d800000000000900001000000000049d023c59
:10c7e80064484624049d023c64484524049d023c58
:10c7f80068484424acf4400f0000000001a0023c4b
:10c808003c44422412004290ff0042300500401090
:10c8180000000000049d023c8448422403000010ec
:10c8280000000000049d023c94484224253040004a
:10c83800049d023c60464524049d023ca8484424cb
:10c848007d28410f0000000001a0023c3c44422426
:10c8580013004290ff0042300b004010000000001f
:10c86800049d023c64484624049d023c64484524d7
:10c87800049d023c60484424acf4400f00000000d2
:10c888000900001000000000049d023c6448462492
:10c89800049d023c64484524049d023c68484424a5
:10c8a800acf4400f0000000001a0023c3c444224cc
:10c8b80013004290ff0042300500401000000000c5
:10c8c800049d023c8448422403000010000000003c
:10c8d800049d023c9448422425304000049d023cbb
:10c8e80084464524049d023ca84844247d28410fe1
:10c8f8000000000001a0023c3c4442241400429085
:10c90800ff0042300b00401000000000049d023c74
:10c9180064484624049d023c64484524049d023c26
:10c9280060484424acf4400f0000000009000010e7
:10c9380000000000049d023c64484624049d023c1b
:10c9480064484524049d023c68484424acf4400fe4
:10c958000000000001a0023c3c4442241400429024
:10c96800ff0042300500401000000000049d023c1a
:10c97800844842240300001000000000049d023c8b
:10c988009448422425304000049d023c9c4645249e
:10c99800049d023ca84844247d28410f0000000063
:10c9a80001a0023c3c44422415004290ff00423062
:10c9b8000b00401000000000049d023c644846241f
:10c9c800049d023c64484524049d023c604844247c
:10c9d800acf4400f00000000090000100000000047
:10c9e800049d023c64484624049d023c6448452456
:10c9f800049d023c68484424acf4400f0000000049
:10ca080001a0023c3c44422415004290ff00423001
:10ca18000500401000000000049d023c84484224a8
:10ca28000300001000000000049d023c94484224ca
:10ca380025304000049d023cc0464524049d023c2c
:10ca4800a84844247d28410f0000000001a0023cb2
:10ca58003c44422416004290ff0042300b00401034
:10ca680000000000049d023c64484624049d023cea
:10ca780064484524049d023c60484424acf4400fbb
:10ca8800000000000900001000000000049d023ca6
:10ca980064484624049d023c64484524049d023ca5
:10caa80068484424acf4400f0000000001a0023c98
:10cab8003c44422416004290ff00423005004010da
:10cac80000000000049d023c84484224030000103a
:10cad80000000000049d023c944842242530400098
:10cae800049d023ce0464524049d023ca848442499
:10caf8007d28410f0000000001a0023c3c44422474
:10cb080017004290ff0042300b0040100000000068
:10cb1800049d023c64484624049d023c6448452424
:10cb2800049d023c60484424acf4400f000000001f
:10cb38000900001000000000049d023c64484624df
:10cb4800049d023c64484524049d023c68484424f2
:10cb5800acf4400f0000000001a0023c3c44422419
:10cb680017004290ff00423005004010000000000e
:10cb7800049d023c84484224030000100000000089
:10cb8800049d023c9448422425304000049d023c08
:10cb9800fc464524049d023ca84844247d28410fb6
:10cba8000000000001a0023c3c44422418004290ce
:10cbb800ff0042300b00401000000000049d023cc2
:10cbc80064484624049d023c64484524049d023c74
:10cbd80060484424acf4400f000000000900001035
:10cbe80000000000049d023c64484624049d023c69
:10cbf80064484524049d023c68484424acf4400f32
:10cc08000000000001a0023c3c444224180042906d
:10cc1800ff0042300500401000000000049d023c67
:10cc2800844842240300001000000000049d023cd8
:10cc38009448422425304000049d023c1047452476
:10cc4800049d023ca84844247d28410f00000000b0
:10cc580001a0023c3c44422419004290ff004230ab
:10cc68000b00401000000000049d023c644846246c
:10cc7800049d023c64484524049d023c60484424c9
:10cc8800acf4400f00000000090000100000000094
:10cc9800049d023c64484624049d023c64484524a3
:10cca800049d023c68484424acf4400f0000000096
:10ccb80001a0023c3c44422419004290ff0042304b
:10ccc8000500401000000000049d023c84484224f6
:10ccd8000300001000000000049d023c9448422418
:10cce80025304000049d023c28474524049d023c11
:10ccf800a84844247d28410f0000000001a0023c00
:10cd08003c4442241a004290ff0042300b0040107d
:10cd180000000000049d023c64484624049d023c37
:10cd280064484524049d023c60484424acf4400f08
:10cd3800000000000900001000000000049d023cf3
:10cd480064484624049d023c64484524049d023cf2
:10cd580068484424acf4400f0000000001a0023ce5
:10cd68003c4442241a004290ff0042300500401023
:10cd780000000000049d023c844842240300001087
:10cd880000000000049d023c9448422425304000e5
:10cd9800049d023c38474524049d023ca84844248d
:10cda8007d28410f0000000001a0023c3c444224c1
:10cdb8001b004290ff0042300b00401000000000b2
:10cdc800049d023c64484624049d023c6448452472
:10cdd800049d023c60484424acf4400f000000006d
:10cde8000900001000000000049d023c644846242d
:10cdf800049d023c64484524049d023c6848442440
:10ce0800acf4400f0000000001a0023c3c44422466
:10ce18001b004290ff004230050040100000000057
:10ce2800049d023c844842240300001000000000d6
:10ce3800049d023c9448422425304000049d023c55
:10ce480048474524049d023ca84844247d28410fb6
:10ce58000000000001a0023c3c4442241c00429017
:10ce6800ff0042300b00401000000000049d023c0f
:10ce780064484624049d023c64484524049d023cc1
:10ce880060484424acf4400f000000000900001082
:10ce980000000000049d023c64484624049d023cb6
:10cea80064484524049d023c68484424acf4400f7f
:10ceb8000000000001a0023c3c4442241c004290b7
:10cec800ff0042300500401000000000049d023cb5
:10ced800844842240300001000000000049d023c26
:10cee8009448422425304000049d023c684745246c
:10cef800049d023ca84844247d28410f00000000fe
:10cf080001a0023c3c4442241d004290ff004230f4
:10cf18000b00401000000000049d023c64484624b9
:10cf2800049d023c64484524049d023c6048442416
:10cf3800acf4400f000000000900001000000000e1
:10cf4800049d023c64484624049d023c64484524f0
:10cf5800049d023c68484424acf4400f00000000e3
:10cf680001a0023c3c4442241d004290ff00423094
:10cf78000500401000000000049d023c8448422443
:10cf88000300001000000000049d023c9448422465
:10cf980025304000049d023c7c474524049d023c0a
:10cfa800a84844247d28410f0000000001a0023c4d
:10cfb8003c4442241e004290ff0042300b004010c7
:10cfc80000000000049d023c64484624049d023c85
:10cfd80064484524049d023c60484424acf4400f56
:10cfe800000000000900001000000000049d023c41
:10cff80064484624049d023c64484524049d023c40
:10d0080068484424acf4400f0000000001a0023c32
:10d018003c4442241e004290ff004230050040106c
:10d0280000000000049d023c8448422403000010d4
:10d0380000000000049d023c944842242530400032
:10d04800049d023c88474524049d023ca84844248a
:10d058007d28410f0000000001a0023c3c4442240e
:10d068001f004290ff0042300b00401000000000fb
:10d07800049d023c64484624049d023c64484524bf
:10d08800049d023c60484424acf4400f00000000ba
:10d098000900001000000000049d023c644846247a
:10d0a800049d023c64484524049d023c684844248d
:10d0b800acf4400f0000000001a0023c3c444224b4
:10d0c8001f004290ff0042300500401000000000a1
:10d0d800049d023c84484224030000100000000024
:10d0e800049d023c9448422425304000049d023ca3
:10d0f80094474524049d023ca84844247d28410fb8
:10d108000000000001a0023c3c4442242000429060
:10d11800ff0042300b00401000000000049d023c5c
:10d1280064484624049d023c64484524049d023c0e
:10d1380060484424acf4400f0000000009000010cf
:10d1480000000000049d023c64484624049d023c03
:10d1580064484524049d023c68484424acf4400fcc
:10d168000000000001a0023c3c4442242000429000
:10d17800ff0042300500401000000000049d023c02
:10d18800844842240300001000000000049d023c73
:10d198009448422425304000049d023ca44745247d
:10d1a800049d023ca84844247d28410f000000004b
:10d1b80001a0023c3c44422421004290ff0042303e
:10d1c8000b00401000000000049d023c6448462407
:10d1d800049d023c64484524049d023c6048442464
:10d1e800acf4400f0000000009000010000000002f
:10d1f800049d023c64484624049d023c644845243e
:10d20800049d023c68484424acf4400f0000000030
:10d2180001a0023c3c44422421004290ff004230dd
:10d228000500401000000000049d023c8448422490
:10d238000300001000000000049d023c94484224b2
:10d2480025304000049d023cb0474524049d023c23
:10d25800a84844247d28410f0000000001f5400f34
:10d26800000000000000000025e8c0031400bf8f84
:10d278001000be8f1800bd270800e0030000000062
:10d28800f0ffbd270c00beaf25f0a0030000c0af23
:10d29800090000100000000001a0023c3c444324a7
:10d2a8000000c28f21106200000040a00000c28f61
:10d2b800010042240000c2af0000c28f2200422cad
:10d2c800f5ff4014000000000000000025e8c0033e
:10d2d8000c00be8f1000bd270800e003000000000e
:10d2e800f8ffbd270400beaf25f0a00386bf033cae
:10d2f800300762948473027c300762a401a0023c68
:10d308003c444290ff0042300600401000000000fc
:10d3180086bf033c30076294010004248473827c36
:10d32800300762a401a0023c3c4442240100429020
:10d33800ff004230060040100000000086bf033c9a
:10d3480030076294010004248473827c300762a44d
:10d3580001a0023c3c44422402004290ff004230bb
:10d36800060040100000000086bf033c30076294ae
:10d37800010004248473827c300762a401a0023c6b
:10d388003c44422403004290ff0042300600401013
:10d398000000000086bf033c3007629401000424ab
:10d3a8008473827c300762a401a0023c3c4442247e
:10d3b80004004290ff0042300600401000000000c8
:10d3c80086bf033c30076294010004248473827c86
:10d3d800300762a401a0023c3c444224050042906c
:10d3e800ff004230060040100000000086bf033cea
:10d3f80030076294010004248473827c300762a49d
:10d4080001a0023c3c44422406004290ff00423006
:10d41800060040100000000086bf033c30076294fd
:10d42800010004248473827c300762a401a0023cba
:10d438003c44422407004290ff004230060040105e
:10d448000000000086bf033c3007629401000424fa
:10d458008473827c300762a401a0023c3c444224cd
:10d4680008004290ff004230060040100000000013
:10d4780086bf033c30076294010004248473827cd5
:10d48800300762a401a0023c3c44422409004290b7
:10d49800ff004230060040100000000086bf033c39
:10d4a80030076294010004248473827c300762a4ec
:10d4b80001a0023c3c4442240a004290ff00423052
:10d4c800060040100000000086bf033c300762944d
:10d4d800010004248473827c300762a401a0023c0a
:10d4e8003c4442240b004290ff00423006004010aa
:10d4f8000000000086bf033c30076294010004244a
:10d508008473827c300762a401a0023c3c4442241c
:10d518000c004290ff00423006004010000000005e
:10d5280086bf033c30076294010004248473827c24
:10d53800300762a401a0023c3c4442240d00429002
:10d54800ff004230060040100000000086bf033c88
:10d5580030076294010004248473827c300762a43b
:10d5680001a0023c3c4442240e004290ff0042309d
:10d57800060040100000000086bf033c300762949c
:10d58800010004248473827c300762a401a0023c59
:10d598003c4442240f004290ff00423006004010f5
:10d5a8000000000086bf033c300762940100042499
:10d5b8008473827c300762a401a0023c3c4442246c
:10d5c80010004290ff0042300600401000000000aa
:10d5d80086bf033c30076294010004248473827c74
:10d5e800300762a401a0023c3c444224110042904e
:10d5f800ff004230060040100000000086bf033cd8
:10d6080030076294010004248473827c300762a48a
:10d6180001a0023c3c44422412004290ff004230e8
:10d62800060040100000000086bf033c30076294eb
:10d63800010004248473827c300762a401a0023ca8
:10d648003c44422413004290ff0042300600401040
:10d658000000000086bf033c3007629401000424e8
:10d668008473827c300762a401a0023c3c444224bb
:10d6780014004290ff0042300600401000000000f5
:10d6880086bf033c30076294010004248473827cc3
:10d69800300762a401a0023c3c4442241500429099
:10d6a800ff004230060040100000000086bf033c27
:10d6b80030076294010004248473827c300762a4da
:10d6c80001a0023c3c44422416004290ff00423034
:10d6d800060040100000000086bf033c300762943b
:10d6e800010004248473827c300762a401a0023cf8
:10d6f8003c44422417004290ff004230060040108c
:10d708000000000086bf033c300762940100042437
:10d718008473827c300762a401a0023c3c4442240a
:10d7280018004290ff004230060040100000000040
:10d7380086bf033c30076294010004248473827c12
:10d74800300762a401a0023c3c44422419004290e4
:10d75800ff004230060040100000000086bf033c76
:10d7680030076294010004248473827c300762a429
:10d7780001a0023c3c4442241a004290ff0042307f
:10d78800060040100000000086bf033c300762948a
:10d79800010004248473827c300762a401a0023c47
:10d7a8003c4442241b004290ff00423006004010d7
:10d7b8000000000086bf033c300762940100042487
:10d7c8008473827c300762a401a0023c3c4442245a
:10d7d8001c004290ff00423006004010000000008c
:10d7e80086bf033c30076294010004248473827c62
:10d7f800300762a401a0023c3c4442241d00429030
:10d80800ff004230060040100000000086bf033cc5
:10d8180030076294010004248473827c300762a478
:10d8280001a0023c3c4442241e004290ff004230ca
:10d83800060040100000000086bf033c30076294d9
:10d84800010004248473827c300762a401a0023c96
:10d858003c4442241f004290ff0042300600401022
:10d868000000000086bf033c3007629401000424d6
:10d878008473827c300762a401a0023c3c444224a9
:10d8880020004290ff0042300600401000000000d7
:10d8980086bf033c30076294010004248473827cb1
:10d8a800300762a401a0023c3c444224210042907b
:10d8b800ff004230060040100000000086bf033c15
:10d8c80030076294010004248473827c300762a4c8
:10d8d80001a0023cb44340a00000000025e8c003ba
:10d8e8000400be8f0800bd270800e0030000000008
:10d8f800e0ffbd271c00bfaf1800beaf25f0a00396
:10d908002000c4af1000c0af1800001000000000d5
:10d918001000c28f2000c38f2110620000004280d7
:10d928001c004010000000001000c28f2000c38fb0
:10d9380021106200000042802518400082bf023c8e
:10d94800202843ac0000000082bf023c1028428c13
:10d958004002427cff004230fbff40140000000000
:10d968001000c28f010042241000c2af2000c48ff3
:10d978001b29410f00000000251840001000c28f2d
:10d988002b104300e2ff40140000000002000010ca
:10d99800000000000000000025e8c0031c00bf8f45
:10d9a8001800be8f2000bd270800e003000000001b
:10d9b800f8ffbd270400beaf25f0a00380bf023cde
:10d9c8000012428cc000427cff004230050040102b
:10d9d8000000000001a0023c3c4442240100032452
:10d9e8000a0043a00000000025e8c0030400be8f21
:10d9f8000800bd270800e00300000000e8ffbd277d
:10da08001400bfaf1000beaf25f0a00375000424ba
:10da18001e3a400f00000000730004241e3a400f15
:10da28000000000082bf023c55000324400043acc4
:10da380082bf033c0000628c446b027c000062ac35
:10da480082bf033c0000628c444a027c000062ac46
:10da580082bf033c0000628c0442027c000062ac7e
:10da680004000524730004249c1d400f00000000de
:10da780007000524750004249c1d400f00000000c9
:10da8800750004242e3a400f00000000730004249f
:10da98002e3a400f0000000082bf033c0000628c59
:10daa80001000424c47b827c000062ac0180023c3b
:10dab800444c42240a000324240043ac82bf023ca5
:10dac8000000428cc003427cff00423025e8c003be
:10dad8001400bf8f1000be8f1800bd270800e00398
:10dae80000000000e8ffbd271400bfaf1000beaf64
:10daf80025f0a003750004242e3a400f0000000012
:10db08000180023c444c42242400428c0a00432ced
:10db1800c30160100000000080180200039d023c51
:10db28003cdb4224211062000000428c08004000c7
:10db38000000000064db029da8db029d80dc029de2
:10db480048dd029dc8dd029d54de029de4df029d92
:10db580064e0029d44e1029dc0e1029d82bf033c56
:10db68000000628c010004240400827c000062ac86
:10db7800750004240e3a400f0000000073000424ce
:10db88000e3a400f000000000180023c444c422441
:10db980001000324240043acb10100100000000080
:10dba80082bf023c1000428c0000427cff004230e1
:10dbb8009e014014000000000180023c444c429445
:10dbc800ffff42308000422c0f004014000000008c
:10dbd8000180023c454c4224000042904010020063
:10dbe800f00042342518400082bf023c500043ac8c
:10dbf8000180023c444c422402000324240043ac2c
:10dc08008a010010000000000180023c444c42944c
:10dc1800ffff423040100200251840000180023cfe
:10dc2800444c42242000428c2518620082bf023cea
:10dc3800500043ac0180023c444c42242000428cfa
:10dc480007004014000000000180023c444c4224bc
:10dc580005000324240043ac7401001000000000f8
:10dc68000180023c444c422406000324240043acb7
:10dc78006e0100100000000082bf023c1000428cc0
:10dc8800c003427cff0042301e0040140000000028
:10dc980082bf023c1000428c0000427cff004230f0
:10dca80065014014000000000180023c444c42948d
:10dcb800ffff42302518400082bf023c500043acb1
:10dcc8000180023c444c42242000428c070040144e
:10dcd800000000000180023c444c4224050003245b
:10dce800240043ac54010010000000000180023cf5
:10dcf800444c422403000324240043ac4e0100108a
:10dd0800000000000180023c444c4224010003242e
:10dd1800280043ac82bf033c0000628c010004244d
:10dd28008410827c000062ac0180023c444c422496
:10dd380009000324240043ac3f0100100000000048
:10dd480082bf023c1000428cc003427cff0042307c
:10dd58000c0040140000000082bf033c0000628ced
:10dd6800010004244408827c000062ac0180023c6b
:10dd7800444c422404000324240043ac380100101e
:10dd8800000000000180023c444c422401000324ae
:10dd9800280043ac82bf033c0000628c01000424cd
:10dda8008410827c000062ac0180023c444c422416
:10ddb80009000324240043ac2901001000000000de
:10ddc80082bf023c1000428c0000427cff004230bf
:10ddd8000f004014000000000180023c454c422422
:10dde8000000429040100200f10042342518400023
:10ddf80082bf023c500043ac0180023c444c4224a8
:10de080006000324240043ac1501001000000000a4
:10de18000180023c444c422401000324280043ac06
:10de280082bf033c0000628c010004248410827cc1
:10de3800000062ac0180023c444c422409000324e7
:10de4800240043ac060100100000000082bf023c21
:10de58001000428cc003427cff0042305000401446
:10de6800000000000180023c444c42241400438c12
:10de78000180023c444c42240c00428c2b1062006e
:10de8800180040100000000082bf023c1000428cc5
:10de98000000427cff004230ea004014000000000d
:10dea8000180023c444c42240400438c0180023c23
:10deb800444c42241400428c010045240180043c57
:10dec800444c8424140085ac211062000000429068
:10ded8002518400082bf023c500043acd900001016
:10dee800000000000180023c444c42241800438c8e
:10def8000180023c444c42241000428c2b106200ea
:10df08001c0040100000000082bf033c0000628c2f
:10df1800010004244408827c000062ac0180023cb9
:10df2800444c422401000324200043ac0180023cfd
:10df3800444c4294ffff42308000422c07004014ba
:10df4800000000000180023c444c422404000324e9
:10df5800240043acbb000010000000000180023c1c
:10df6800444c422401000324240043acb5000010b3
:10df78000000000082bf033c0000628c0100042402
:10df88008410827c000062ac0180023c444c422434
:10df980009000324240043acaa000010000000007c
:10dfa8000180023c444c422401000324280043ac75
:10dfb80082bf033c0000628c010004248410827c30
:10dfc800000062ac0180023c444c42240900032456
:10dfd800240043ac9b0000100000000082bf023cfc
:10dfe8001000428cc003427cff0042300c004014f9
:10dff8000000000082bf033c0000628c0100042482
:10e00800c418827c000062ac0180023c444c42246b
:10e0180007000324240043ac910000100000000016
:10e028000180023c444c422401000324280043acf4
:10e0380082bf033c0000628c010004248410827caf
:10e04800000062ac0180023c444c422409000324d5
:10e05800240043ac820000100000000082bf023c94
:10e068001000428c4000427cff0042307800401093
:10e078000000000082bf023c6000468c0180023c28
:10e08800444c42240800438c0180023c444c422406
:10e098001800428c010045240180043c444c84242f
:10e0a800180085ac21106200ff00c330000043a0b7
:10e0b8000180023c444c42241800438c0180023cfd
:10e0c800444c42241000428c0d00621400000000f1
:10e0d80082bf033c0000628c010004244429827c36
:10e0e800000062ac82bf033c0000628c0100042483
:10e0f8000421827c000062ac0a00001000000000cd
:10e1080082bf033c0000628c4429027c000062aca0
:10e1180082bf033c0000628c010004240421827c3d
:10e12800000062ac0180023c444c422408000324f5
:10e13800240043ac46000010000000000180023caf
:10e14800444c42241800438c0180023c444c422435
:10e158001000428c2b1062000c00401000000000e0
:10e1680082bf033c0000628c01000424c418827c36
:10e17800000062ac0180023c444c422407000324a6
:10e18800240043ac360000100000000082bf033cae
:10e198000000628c010004248410827c000062acc0
:10e1a8000180023c444c422409000324240043ac6f
:10e1b8002b000010000000000180023c444c422467
:10e1c8000a000324240043ac750004241e3a400fbf
:10e1d80000000000730004241e3a400f00000000f5
:10e1e8000180023c444c42242c00428c1b0040100d
:10e1f800000000000180023c444c42242c00428c68
:10e208000180033c444c63243000638c252060006b
:10e2180009f8400000000000100000100000000095
:10e22800000000000e0000100000000000000000c8
:10e238000b000010000000000000000008000010a3
:10e2480000000000000000000500001000000000b1
:10e2580000000000020000100000000000000000a4
:10e268000000000025e8c0031400bf8f1000be8f17
:10e278001800bd270800e00300000000f8ffbd27d4
:10e288000400beaf25f0a0030800c4af0c00c5af62
:10e298000800c28f0b004010000000000180023c03
:10e2a800444c42240800c38f2c0043ac0180023c3c
:10e2b800444c42240c00c38f300043ac02000010d1
:10e2c800000000000000000025e8c0030400be8f25
:10e2d8000800bd270800e00300000000f8ffbd2784
:10e2e8000400beaf25f0a0030180023c444c422448
:10e2f8002400438c0a00022412006214000000006b
:10e3080082bf023c0000428c1f0042300d004014c6
:10e318000000000082bf023c1000428c8003427c57
:10e32800ff004230070040140000000082bf023c9a
:10e338001000428cc000427cff00423004004010b4
:10e34800000000000100022402000010000000008c
:10e358002510000025e8c0030400be8f0800bd2773
:10e368000800e00300000000e8ffbd271400bfaf6d
:10e378001000beaf25f0a003251080001c00c5af1b
:10e388002000c6af1800c2a70180023c444c4224ba
:10e398002400438c0a0002240700621400000000d5
:10e3a80082bf023c1000428cc000427cff00423019
:10e3b8000400401000000000251000002f0000108d
:10e3c800000000000180023c1800c397444c43a49d
:10e3d8000180023c444c42241c00c38f080043ac1b
:10e3e8000180023c444c42242000c38f100043acff
:10e3f8000180023c444c4224040040ac0180023cb1
:10e40800444c42240c0040ac0180023c444c422461
:10e41800140040ac0180023c444c4224180040ac3b
:10e428000180023c444c422401000324200043acf8
:10e438000180023c444c4224280040ac0180023c4c
:10e44800444c422401000324240043ac82bf033c13
:10e458000000628c010004240400827c000062ac8d
:10e46800750004240e3a400f0000000073000424d5
:10e478000e3a400f000000000100022425e8c00306
:10e488001400bf8f1000be8f1800bd270800e003de
:10e4980000000000e8ffbd271400bfaf1000beafaa
:10e4a80025f0a003251080001c00c5af2000c6afd2
:10e4b8001800c2a70180023c444c42242400438c2b
:10e4c8000a000224070062140000000082bf023c18
:10e4d8001000428cc000427cff0042300400401013
:10e4e80000000000251000002e00001000000000b1
:10e4f8000180023c1800c397444c43a40180023cad
:10e50800444c4224080040ac0180023c444c422464
:10e51800100040ac0180023c444c42241c00c38fd4
:10e52800040043ac0180023c444c42242000c38fc9
:10e538000c0043ac0180023c444c4224140040ac23
:10e548000180023c444c4224180040ac0180023c4b
:10e55800444c4224200040ac0180023c444c4224fc
:10e56800280040ac0180023c444c422401000324b2
:10e57800240043ac82bf033c0000628c01000424e9
:10e588000400827c000062ac750004240e3a400f3f
:10e5980000000000730004240e3a400f0000000041
:10e5a8000100022425e8c0031400bf8f1000be8fad
:10e5b8001800bd270800e00300000000e8ffbd27a1
:10e5c8001400bfaf1000beaf25f0a00325108000d7
:10e5d8001c00c5af2000c6af2400c7af1800c2a7f3
:10e5e8000180023c444c42242400438c0a0002244b
:10e5f800070062140000000082bf023c1000428c39
:10e60800c000427cff0042300400401000000000bf
:10e618002510000030000010000000000180023cbe
:10e628001800c397444c43a40180023c444c422444
:10e638002400c38f080043ac0180023c444c4224b0
:10e648002800c38f100043ac0180023c444c422494
:10e658001c00c38f040043ac0180023c444c42249c
:10e668002000c38f0c0043ac0180023c444c422480
:10e67800140040ac0180023c444c4224180040acd9
:10e688000180023c444c4224200040ac0180023c02
:10e69800444c4224280040ac0180023c444c4224b3
:10e6a80001000324240043ac82bf033c0000628cb9
:10e6b800010004240400827c000062ac750004247c
:10e6c8000e3a400f00000000730004240e3a400f79
:10e6d800000000000100022425e8c0031400bf8fd9
:10e6e8001000be8f1800bd270800e00300000000de
:10e6f800f0ffbd270c00beaf25f0a0030180023c4f
:10e70800444c42242800428c0000c2af0180023ce5
:10e71800444c4224280040ac0000c28f25e8c003c6
:10e728000c00be8f1000bd270800e00300000000a9
:10e73800d8ffbd272400bfaf2000beaf1c00b1af7b
:10e748001800b0af25f0a0032800c4af2c00c5af57
:10e758002800c28f040040140000000025100000ab
:10e7680067000010000000002800c28f0000428ce3
:10e778001000c2af1000c38f0f00023c4142423468
:10e788002b10620004004014000000002510000057
:10e798005b000010000000002c00c28f0400401431
:10e7a800000000006500023caab942342c00c2af48
:10e7b8002c00c48fe527410f0000000025184000f9
:10e7c800049d023c58e8458c252060002218410f22
:10e7d80000000000252040000523410f0000000034
:10e7e80025804000258860001000c48fe527410f70
:10e7f8000000000025184000049d023c2528600008
:10e808005ce8448c2218410f0000000025204000dd
:10e818000523410f00000000252040002528600046
:10e82800049d023c60e8468c64e8478c530d410f18
:10e838000000000025304000253860002520000237
:10e8480025282002de13410f00000000252040008b
:10e8580025286000049d023c68e8468c6ce8478cdb
:10e86800530d410f000000002520400025286000be
:10e878000525410f000000001400c2af1400c28f2c
:10e888000400422c07004014000000001400c38f4d
:10e898000100023c140042342b10620004004014b2
:10e8a8000000000025100000150000100000000006
:10e8b80082bf023c1400c38f400043ac1000c38fda
:10e8c8000600023c801a423407006214000000006f
:10e8d80082bf033c0000628c444a027c000062aca8
:10e8e800060000100000000082bf033c0000628c9c
:10e8f80001000424444a827c000062ac0100022426
:10e9080025e8c0032400bf8f2000be8f1c00b18ff4
:10e918001800b08f2800bd270800e00300000000a1
:10e9280000e85d4100701a4000601b40c0ffbd2731
:10e938003c00baaf02601a403800bbaf3400baaf2f
:10e9480044781b7c00107b3700609b40121000004d
:10e958002c00a2af101800002800a3af121020004e
:10e968002400a2af101820002000a3af121040000e
:10e978001c00a2af101840001800a3af12106000ce
:10e988001400a2af101860001000a3afb81c3f7ca1
:10e998003000a3af25f0a00382bf033c10006294af
:10e9a8008452027c100062a4730004242e3a400fa3
:10e9b800000000000180023c444c42240a00032469
:10e9c800240043ac0180023c444c4224020003244e
:10e9d800280043ac0180023c444c42242c00428c69
:10e9e8000a004010000000000180023c444c422410
:10e9f8002c00428c0180033c444c63243000638c1f
:10ea08002520600009f8400000000000730004247d
:10ea18002e3a400f000000000000000025e8c00367
:10ea28003000a38ff8fc617c2c00a28f13004000fb
:10ea38002800a38f110060002400a58f1308a000f0
:10ea48002000a58f1108a0001c00a58f1310a0009e
:10ea58001800a58f1110a0001400a58f1318a0008e
:10ea68001000a58f1118a00000606041c0000000d0
:10ea78003400bb8f3c00ba8f02609b403800bb8fcc
:10ea880000709a404000bd2700e8dd4100609b40cf
:10ea98001800004200e85d4100601b40c0ffbd2730
:10eaa80002601a403800bbaf3400baaf44781b7c10
:10eab800001c7b3700609b40121000002c00a2afa6
:10eac800101800002800a3af121020002400a2afe5
:10ead800101820002000a3af121040001c00a2afa5
:10eae800101840001800a3af121060001400a2af65
:10eaf800101860001000a3afb81c3f7c3000a3af13
:10eb080025f0a003bbb6400f000000000000000085
:10eb180025e8c0033000a38ff8fc617c2c00a28f8d
:10eb2800130040002800a38f110060002400a58f67
:10eb38001308a0002000a58f1108a0001c00a58fb5
:10eb48001310a0001800a58f1110a0001400a58fa5
:10eb58001318a0001000a58f1118a0003400ba8f58
:10eb68003800bb8f02609a404000bd2700e8dd41b5
:10eb780000609b4018000042e8ffbd271400bfafab
:10eb88001000beaf25f0a00382bf023c0000428cfb
:10eb9800c003427cff0042300b0040100000000020
:10eba800049d023c9ce34624049d023c9ce34524ce
:10ebb800049d023ca0e34424acf4400f0000000094
:10ebc8000900001000000000049d023c9ce346245c
:10ebd800049d023c9ce34524049d023ca4e3442498
:10ebe800acf4400f0000000082bf023c0000428ce1
:10ebf800c003427cff0042300500401000000000c6
:10ec0800049d023ca8e34224030000100000000019
:10ec1800049d023cb0e3422425284000049d023ca8
:10ec2800bce344247d28410f00000000049d023c01
:10ec38009ce34624049d023c9ce34524049d023c3d
:10ec4800a0e34424acf4400f0000000082bf023c63
:10ec58000000428cc004427cff0042300500401096
:10ec680000000000049d023cdce342240300001085
:10ec780000000000049d023ce4e3422425284000f3
:10ec8800049d023cece344247d28410f0000000071
:10ec980082bf023c0000428c4003427cff004230ad
:10eca8000b00401000000000049d023c9ce3462439
:10ecb800049d023c9ce34524049d023ca4e34424b7
:10ecc800acf4400f00000000090000100000000034
:10ecd800049d023c9ce34624049d023c9ce345249d
:10ece800049d023ca0e34424acf4400f0000000063
:10ecf80082bf023c0000428c4003427cff0042304d
:10ed08000500401000000000049d023c10e442246d
:10ed18000300001000000000049d023c1ce4422493
:10ed280025284000049d023c24e444247d28410f0a
:10ed38000000000082bf023c0000428cc002427cfe
:10ed4800ff0042300b00401000000000049d023c10
:10ed58009ce34624049d023c9ce34524049d023c1c
:10ed6800a0e34424acf4400f0000000009000010a8
:10ed780000000000049d023c9ce34624049d023ce4
:10ed88009ce34524049d023ca4e34424acf4400fd6
:10ed98000000000082bf023c0000428cc002427c9e
:10eda800ff0042300500401000000000049d023cb6
:10edb800a8e342240300001000000000049d023c68
:10edc800b0e3422425284000049d023c4ce444243e
:10edd8007d28410f0000000082bf023c0000428ce9
:10ede8008002427cff0042300b004010000000000f
:10edf800049d023c9ce34624049d023c9ce345247c
:10ee0800049d023ca0e34424acf4400f0000000041
:10ee18000900001000000000049d023c9ce3462409
:10ee2800049d023c9ce34524049d023ca4e3442445
:10ee3800acf4400f0000000082bf023c0000428c8e
:10ee48008002427cff0042300500401000000000b4
:10ee5800049d023ca8e342240300001000000000c7
:10ee6800049d023cb0e3422425284000049d023c56
:10ee780074e444247d28410f0000000082bf023c56
:10ee88000000428c4002427cff0042300b004010e0
:10ee980000000000049d023c9ce34624049d023cc3
:10eea8009ce34524049d023ca4e34424acf4400fb5
:10eeb800000000000900001000000000049d023c52
:10eec8009ce34624049d023c9ce34524049d023cab
:10eed800a0e34424acf4400f0000000082bf023cd1
:10eee8000000428c4002427cff0042300500401086
:10eef80000000000049d023cb0e34224030000101f
:10ef080000000000049d023ca8e34224252840009c
:10ef1800049d023c94e444247d28410f0000000035
:10ef2800049d023c9ce34624049d023c9ce345244a
:10ef3800049d023ca0e34424acf4400f0000000010
:10ef480082bf023c0000428c0002427cff0042303b
:10ef58000500401000000000049d023cc4e4422467
:10ef68000300001000000000049d023ccce4422491
:10ef780025284000049d023cd0e444247d28410f0c
:10ef88000000000082bf023c0000428c4001427c2d
:10ef9800ff0042300500401000000000049d023cc4
:10efa800fce442240300001000000000049d023c21
:10efb80004e5422425284000049d023c08e5442439
:10efc8007d28410f0000000082bf023c0000428cf7
:10efd8000001427cff0042300b004010000000009e
:10efe800049d023c9ce34624049d023c9ce345248a
:10eff800049d023ca0e34424acf4400f0000000050
:10f008000900001000000000049d023c9ce3462417
:10f01800049d023c9ce34524049d023ca4e3442453
:10f02800acf4400f0000000082bf023c0000428c9c
:10f038000001427cff004230050040100000000043
:10f04800049d023c1ce44224030000100000000060
:10f05800049d023c10e4422425284000049d023c03
:10f0680038e544247d28410f0000000082bf023c9f
:10f078000000428cc000427cff0042300b00401070
:10f0880000000000049d023c9ce34624049d023cd1
:10f098009ce34524049d023ca0e34424acf4400fc7
:10f0a800000000000900001000000000049d023c60
:10f0b8009ce34624049d023c9ce34524049d023cb9
:10f0c800a4e34424acf4400f0000000082bf023cdb
:10f0d8000000428cc000427cff0042300500401016
:10f0e80000000000049d023c64e542240300001077
:10f0f80000000000049d023c6ce5422425284000e5
:10f10800049d023c74e544247d28410f0000000062
:10f1180082bf023c0000428c8000427cff004230eb
:10f128000b00401000000000049d023c9ce34624b4
:10f13800049d023c9ce34524049d023ca0e3442436
:10f14800acf4400f000000000900001000000000af
:10f15800049d023c9ce34624049d023c9ce3452418
:10f16800049d023ca4e34424acf4400f00000000da
:10f1780082bf023c0000428c8000427cff0042308b
:10f188000500401000000000049d023ca8e3422452
:10f198000300001000000000049d023cb0e342247c
:10f1a80025284000049d023c94e544247d28410f15
:10f1b8000000000082bf023c0000428c4000427cfc
:10f1c800ff0042300b00401000000000049d023c8c
:10f1d8009ce34624049d023c9ce34524049d023c98
:10f1e800a0e34424acf4400f000000000900001024
:10f1f80000000000049d023c9ce34624049d023c60
:10f208009ce34524049d023ca4e34424acf4400f51
:10f218000000000082bf023c0000428c4000427c9b
:10f22800ff0042300500401000000000049d023c31
:10f23800bce542240300001000000000049d023ccd
:10f24800c8e5422425284000049d023cd8e5442412
:10f258007d28410f0000000082bf023c0000428c64
:10f268000000427cff0042300b004010000000000c
:10f27800049d023c9ce34624049d023c9ce34524f7
:10f28800049d023ca0e34424acf4400f00000000bd
:10f298000900001000000000049d023c9ce3462485
:10f2a800049d023c9ce34524049d023ca4e34424c1
:10f2b800acf4400f0000000082bf023c0000428c0a
:10f2c8000000427cff0042300500401000000000b2
:10f2d800049d023cbce5422403000010000000002d
:10f2e800049d023cc8e5422425284000049d023cb8
:10f2f80000e644247d28410f0000000082bf023c44
:10f308001000428cc003427cff0042300b004010ca
:10f3180000000000049d023c9ce34624049d023c3e
:10f328009ce34524049d023ca0e34424acf4400f34
:10f33800000000000900001000000000049d023ccd
:10f348009ce34624049d023c9ce34524049d023c26
:10f35800a4e34424acf4400f0000000082bf023c48
:10f368001000428cc003427cff0042300500401070
:10f3780000000000049d023cfce44224030000104d
:10f3880000000000049d023c04e5422425284000ba
:10f39800049d023c28e644247d28410f000000001b
:10f3a80082bf023c1000428c8003427cff00423046
:10f3b8000b00401000000000049d023c9ce3462422
:10f3c800049d023c9ce34524049d023ca0e34424a4
:10f3d800acf4400f0000000009000010000000001d
:10f3e800049d023c9ce34624049d023c9ce3452486
:10f3f800049d023ca4e34424acf4400f0000000048
:10f4080082bf023c1000428c8003427cff004230e5
:10f418000500401000000000049d023cbce54224a9
:10f428000300001000000000049d023cc8e54224cf
:10f4380025284000049d023c48e644247d28410fcd
:10f448000000000082bf023c1000428c8002427c17
:10f45800ff0042300b00401000000000049d023cf9
:10f468009ce34624049d023c9ce34524049d023c05
:10f47800a4e34424acf4400f00000000090000108d
:10f4880000000000049d023c9ce34624049d023ccd
:10f498009ce34524049d023ca0e34424acf4400fc3
:10f4a8000000000082bf023c1000428c8002427cb7
:10f4b800ff0042300500401000000000049d023c9f
:10f4c80070e642240300001000000000049d023c86
:10f4d8007ce6422425284000049d023c8ce6442416
:10f4e8007d28410f0000000082bf023c1000428cc2
:10f4f8000002427cff0042300b0040100000000078
:10f50800049d023c9ce34624049d023c9ce3452464
:10f51800049d023ca0e34424acf4400f000000002a
:10f528000900001000000000049d023c9ce34624f2
:10f53800049d023c9ce34524049d023ca4e344242e
:10f54800acf4400f0000000082bf023c1000428c67
:10f558000002427cff00423005004010000000001d
:10f56800049d023ca4e642240300001000000000b1
:10f57800049d023cace6422425284000049d023c40
:10f58800b8e644247d28410f0000000082bf023cf9
:10f598001000428cc001427cff0042300b0040103a
:10f5a80000000000049d023c9ce34624049d023cac
:10f5b8009ce34524049d023ca4e34424acf4400f9e
:10f5c800000000000900001000000000049d023c3b
:10f5d8009ce34624049d023c9ce34524049d023c94
:10f5e800a0e34424acf4400f0000000082bf023cba
:10f5f8001000428cc001427cff00423005004010e0
:10f6080000000000049d023cd0e6422403000010e4
:10f6180000000000049d023cdce64224252840004e
:10f62800049d023cece644247d28410f00000000c4
:10f6380082bf023c1000428c8001427cff004230b5
:10f648000b00401000000000049d023c9ce346248f
:10f65800049d023c9ce34524049d023ca4e344240d
:10f66800acf4400f0000000009000010000000008a
:10f67800049d023c9ce34624049d023c9ce34524f3
:10f68800049d023ca0e34424acf4400f00000000b9
:10f6980082bf023c1000428c8001427cff00423055
:10f6a8000500401000000000049d023cd0e6422402
:10f6b8000300001000000000049d023cdce6422428
:10f6c80025284000049d023c0ce744247d28410f76
:10f6d8000000000082bf023c1000428c0001427c06
:10f6e800ff0042300b00401000000000049d023c67
:10f6f8009ce34624049d023c9ce34524049d023c73
:10f70800a0e34424acf4400f0000000009000010fe
:10f7180000000000049d023c9ce34624049d023c3a
:10f728009ce34524049d023ca4e34424acf4400f2c
:10f738000000000082bf023c1000428c0001427ca5
:10f74800ff0042300500401000000000049d023c0c
:10f7580070e642240300001000000000049d023cf3
:10f768007ce6422425284000049d023c2ce74424e2
:10f778007d28410f0000000082bf023c1000428c2f
:10f78800c000427cff0042300b0040100000000027
:10f79800049d023c9ce34624049d023c9ce34524d2
:10f7a800049d023ca0e34424acf4400f0000000098
:10f7b8000900001000000000049d023c9ce3462460
:10f7c800049d023c9ce34524049d023ca4e344249c
:10f7d800acf4400f0000000082bf023c1000428cd5
:10f7e800c000427cff0042300500401000000000cd
:10f7f800049d023c70e64224030000100000000053
:10f80800049d023c7ce6422425284000049d023cdd
:10f8180044e744247d28410f00000000049d023c79
:10f828009ce34624049d023c9ce34524049d023c41
:10f83800a0e34424acf4400f0000000082bf023c67
:10f848001000428c8000427cff00423005004010ce
:10f8580000000000049d023c64e5422403000010ff
:10f8680000000000049d023c6ce54224252840006d
:10f87800049d023c74e544247d28410f00000000eb
:10f8880082bf023c1000428c4000427cff004230a4
:10f898000b00401000000000049d023c9ce346243d
:10f8a800049d023c9ce34524049d023ca0e34424bf
:10f8b800acf4400f00000000090000100000000038
:10f8c800049d023c9ce34624049d023c9ce34524a1
:10f8d800049d023ca4e34424acf4400f0000000063
:10f8e80082bf023c1000428c4000427cff00423044
:10f8f8000500401000000000049d023c68e7422417
:10f908000300001000000000049d023c70e7422440
:10f9180025284000049d023c78e744247d28410fb7
:10f928000000000082bf023c1000428c0000427cb4
:10f93800ff0042300b00401000000000049d023c14
:10f948009ce34624049d023c9ce34524049d023c20
:10f95800a0e34424acf4400f0000000009000010ac
:10f9680000000000049d023c9ce34624049d023ce8
:10f978009ce34524049d023ca4e34424acf4400fda
:10f988000000000082bf023c1000428c0000427c54
:10f99800ff0042300500401000000000049d023cba
:10f9a80068e742240300001000000000049d023ca8
:10f9b80070e7422425284000049d023ca0e7442427
:10f9c8007d28410f00000000049d023c9ce3462472
:10f9d800049d023c9ce34524049d023ca0e344248e
:10f9e800acf4400f0000000082bf023c4000428c93
:10f9f80025284000049d023cc8e744247d28410f87
:10fa08000000000082bf023c5000428c25284000c4
:10fa1800049d023cf8e744247d28410f00000000c3
:10fa280082bf023c6000428c25284000049d023cb5
:10fa380028e844247d28410f0000000001f5400f0c
:10fa4800000000000000000025e8c0031400bf8f7c
:10fa58001000be8f1800bd270800e003000000005a
:020000040000fa
:020000041d02db
:10fa6800e8ffbd271400bfaf1000beaf25f0a0030c
:10fa78003a0004241e3a400f000000000300052449
:10fa88003a0004249c1d400f0000000002000524d9
:10fa98003a000424f725400f000000003a0004242f
:10faa8002e3a400f0000000085bf033c08b0628c6e
:10fab800010004240463827c08b062acc5bf023c28
:10fac8000040438c85bf023c00b643acc5bf023c36
:10fad8000440438c85bf023c04b643acc5bf023c1e
:10fae8000840438c85bf023c08b643acc5bf023c06
:10faf8000c40438c85bf023c0cb643acc5bf023cee
:10fb08001040438c85bf023c10b643acc5bf023cd5
:10fb18001c40438c85bf023c1cb643ac85bf033cec
:10fb280000b0628c0463027c00b062ac80bf033c0e
:10fb38000000628cc439027c000062ac85bf023cc4
:10fb480000b040ac85bf033c00b0628cc4ff027caf
:10fb580000b062ac85bf023c00b0428c8007427c9a
:10fb6800ff004230050040100000000001a0023ce8
:10fb78003c44422401000324110043a085bf033cf8
:10fb880000b0628c01000424446b827c00b062ac3b
:10fb980085bf023c00b140ac85bf033c00b1628c1c
:10fba8000f00042404de827c00b162ac85bf023cf5
:10fbb80008b040ac85bf033c08b0628c84ff027c6f
:10fbc80008b062ac85bf033c08b0628c0100042415
:10fbd80004ee827c08b062ac85bf033c08b0628c3e
:10fbe800447b027c08b062ac85bf023c04b040ace8
:10fbf80085bf033c04b0628c280004240430827c56
:10fc080004b062ac85bf033c04b0628c08000424d5
:10fc180004cc827c04b062ac85bf033c00b0628c2b
:10fc28000300042444b5827c00b062aca956400f9e
:10fc38000000000085bf033cd4b0628c84e6027cdf
:10fc4800d4b062ac85bf033cd4b0628c03000424fa
:10fc580004ce827cd4b062ac85bf033cd4b0628c45
:10fc68000a00042404b4827cd4b062ac85bf033c8f
:10fc7800d4b0628c050004240448827cd4b062ac01
:10fc880085bf033cd8b0628c84e6027cd8b062acf5
:10fc980085bf033cd8b0628c0300042404ce827c68
:10fca800d8b062ac85bf033cd8b0628c0a0004248b
:10fcb80004b4827cd8b062ac85bf033cd8b0628cf7
:10fcc800050004240448827cd8b062ac85bf033c9c
:10fcd800dcb0628c84e6027cdcb062ac85bf033c9d
:10fce800dcb0628c0300042404ce827cdcb062acfd
:10fcf80085bf033cdcb0628c0a00042404b4827c17
:10fd0800dcb062ac85bf033cdcb0628c0500042427
:10fd18000448827cdcb062ac85bf033ce0b0628cf6
:10fd280084e6027ce0b062ac85bf033ce0b0628c44
:10fd38000300042404ce827ce0b062ac85bf033c9f
:10fd4800e0b0628c0a00042404b4827ce0b062aca7
:10fd580085bf033ce0b0628c050004240448827c23
:10fd6800e0b062ac85bf033ce4b0628c84e6027c00
:10fd7800e4b062ac85bf033ce4b0628c03000424a9
:10fd880004ce827ce4b062ac85bf033ce4b0628cf4
:10fd98000a00042404b4827ce4b062ac85bf033c4e
:10fda800e4b0628c050004240448827ce4b062acb0
:10fdb80085bf023ca0b040ac85bf023ca4b040acbb
:10fdc80085bf023ca8b040ac85bf023cacb040ac9b
:10fdd80085bf023cb0b040ac85bf023c68b040acc7
:10fde80085bf023c6cb040ac85bf023c70b040acf3
:10fdf80085bf023c74b040ac85bf023c78b040acd3
:10fe080085bf023c7cb040ac85bf033c00b0628c2f
:10fe1800c418027c00b062ac85bf033c00b0628ca1
:10fe28000100042404a4827c00b062ac85bf033cba
:10fe3800d0b062940400027cd0b062a485bf033cb9
:10fe4800d0b062944408027cd0b062a485bf033c61
:10fe5800d0b062948410027cd0b062a485bf033c09
:10fe6800d0b06294c418027cd0b062a485bf033cb1
:10fe7800d0b062940421027cd0b062a485bf023c59
:10fe8800f0b040ac85bf023cf4b040ac85bf033c49
:10fe980000b0628c01000424c47b827c00b062ac98
:10fea8000000000085bf023c04b0428cc007427cc1
:10feb800ff004230fbff40100000000085bf023cfd
:10fec80004b0428c8007427cff004230050040109d
:10fed8000000000001a0023c3c444224010003242d
:10fee800110043a085bf033c00b1628c01000424cb
:10fef8000400827c00b162ac85bf033c00b1628c17
:10ff0800010004244408827c00b162ac85bf033c34
:10ff180000b1628c010004248410827c00b162acc0
:10ff280085bf033c00b1628c01000424c418827ca4
:10ff380000b162ac85bf033c00b1628c01000424af
:10ff48000421827c00b162ac85bf033c00b1628ca5
:10ff580001000424c439827c00b162ac00000000b6
:10ff680085bf023c00b1428c0002427cff00423057
:10ff7800fbff4014000000000000000085bf023ca9
:10ff880000b1428c4002427cff004230fbff40142b
:10ff9800000000000000000085bf023c00b1428c58
:10ffa8008002427cff004230fbff4014000000004a
:10ffb8000000000085bf023c00b1428cc002427cb8
:10ffc800ff004230fbff401400000000000000006a
:10ffd80085bf023c00b1428c0003427cff004230e6
:10ffe800fbff4014000000000000000085bf023c39
:10fff80000b1428cc003427cff004230fbff40143a
:020000041d03da
:100008000000000085bf033c08b0628c0100042496
:100018000484827c08b062ac85bf033c08b0628c63
:1000280001000424448c827c08b062ac85bf033c88
:1000380008b0628c010004248494827c08b062ac0d
:1000480085bf033c08b0628c01000424c49c827cf8
:1000580008b062ac85bf033c08b0628c0100042480
:1000680004a5827c08b062ac85bf033c08b0628cf2
:1000780001000424c4bd827c08b062ac85bf033c87
:1000880008b0628c0463027c08b062ac85bf033c94
:1000980004b0628c010004248473827c04b062acd6
:1000a8003a0004240e3a400f0000000085bf023ccd
:1000b80000b0428cc003427cff0042301000401068
:1000c8000000000085bf023c04b0428cc007427c9f
:1000d800ff0042300a0040100000000085bf023ccb
:1000e80004b0428c8007427cff0042300400401478
:1000f80000000000010002240200001000000000bf
:100108002510000001004230ff00423025e8c003fe
:100118001400bf8f1000be8f1800bd270800e00331
:100128000000000000e85d4100701a4000601b40bc
:10013800c0ffbd273c00baaf02601a403800bbaf11
:100148003400baaf44781b7c000c7b3700609b40be
:10015800121000002c00a2af101800002800a3af56
:10016800121020002400a2af101820002000a3af16
:10017800121040001c00a2af101840001800a3afd6
:10018800121060001400a2af101860001000a3af96
:10019800b81c3f7c3000a3af25f0a00385bf023c0c
:1001a80004b0428c8007427cff0042300d004010b2
:1001b8000000000001a0023c3c444224010003244a
:1001c800100043a085bf033c04b0628c84f7027c16
:1001d80004b062ac85bf033c00b0628cc47b027c77
:1001e80000b062ac3a0004242e3a400f0000000030
:1001f8000000000025e8c0033000a38ff8fc617cf4
:100208002c00a28f130040002800a38f110060006b
:100218002400a58f1308a0002000a58f1108a000b6
:100228001c00a58f1310a0001800a58f1110a000a6
:100238001400a58f1318a0001000a58f1118a00096
:1002480000606041c00000003400bb8f3c00ba8fe2
:1002580002609b403800bb8f00709a404000bd2769
:1002680000e8dd4100609b4018000042e8ffbd2720
:100278001400bfaf1000beaf25f0a00301f5400f7a
:1002880000000000049d023c44c34624049d023c37
:1002980048c34524049d023c4cc34424acf4400f9d
:1002a80000000000049d023c50c344247d28410ff7
:1002b8000000000085bf023c00b0428cc003427cb5
:1002c800ff0042300b00401000000000049d023c7b
:1002d80048c34624049d023c48c34524049d023c6f
:1002e8004cc34424acf4400f000000000900001087
:1002f80000000000049d023c48c34624049d023cc3
:1003080048c34524049d023c44c34424acf4400f34
:100318000000000085bf023c00b0428cc003427c54
:10032800ff0042300500401000000000049d023c20
:1003380078c342240300001000000000049d023c22
:1003480080c3422425284000049d023c8cc34424d9
:100358007d28410f00000000049d023c48c346244c
:10036800049d023c48c34524049d023c4cc34424dc
:10037800acf4400f00000000049d023c9cc34424e0
:100388007d28410f0000000085bf023c00b0428c70
:10039800400d427cff00423002000324130043104a
:1003a80000000000030003241600431000000000b2
:1003b800010003240700431000000000049d023cd4
:1003c800b4c344247d28410f00000000120000102f
:1003d80000000000049d023cc0c344247d28410f56
:1003e800000000000c00001000000000049d023c0a
:1003f800ccc344247d28410f0000000006000010f3
:1004080000000000049d023cd8c344247d28410f0d
:10041800000000000000000085bf023c00b0428cd4
:10042800c005427cff0042300b0040100000000075
:10043800049d023c48c34624049d023c48c345240d
:10044800049d023c4cc34424acf4400f000000005f
:100458000900001000000000049d023c48c3462427
:10046800049d023c48c34524049d023c44c34424e3
:10047800acf4400f0000000085bf023c00b0428c85
:10048800c005427cff00423005004010000000001b
:10049800049d023ce4c34224030000100000000055
:1004a800049d023cf0c3422425284000049d023ce0
:1004b800f8c344247d28410f00000000049d023c3d
:1004c80048c34624049d023c48c34524049d023c7d
:1004d8004cc34424acf4400f00000000049d023ccf
:1004e80014c444247d28410f0000000085bf023c4d
:1004f80000b0428c0024427cff0042300d00432ca7
:100508005d0060100000000080180200039d023c9e
:100518002c054224211062000000428c0800400093
:10052800000000006005039d7805039d9005039d6c
:100538008006039da805039dc005039dd805039d5e
:10054800f005039d0806039d2006039d3806039dbc
:100558005006039d6806039d049d023c34c4442450
:100568007d28410f00000000480000100000000036
:10057800049d023c44c444247d28410f000000002f
:100588004200001000000000049d023c6cc444249a
:100598007d28410f000000003c0000100000000012
:1005a800049d023c98c444247d28410f00000000ab
:1005b8003600001000000000049d023cb4c444242e
:1005c8007d28410f000000003000001000000000ee
:1005d800049d023cc4c444247d28410f000000004f
:1005e8002a00001000000000049d023cd4c44424ea
:1005f8007d28410f000000002400001000000000ca
:10060800049d023ce4c444247d28410f00000000fe
:100618001e00001000000000049d023cecc44424ad
:100628007d28410f000000001800001000000000a5
:10063800049d023cf4c444247d28410f00000000be
:100648001200001000000000049d023cfcc4442479
:100658007d28410f000000000c0000100000000081
:10066800049d023c14c544247d28410f000000006d
:100678000600001000000000049d023c2cc5442424
:100688007d28410f000000000000000085bf023ceb
:1006980000b0428cc000427cff0042300b0040108a
:1006a80000000000049d023c48c34624049d023c0f
:1006b80048c34524049d023c4cc34424acf4400f79
:1006c800000000000900001000000000049d023c2a
:1006d80048c34624049d023c48c34524049d023c6b
:1006e80044c34424acf4400f0000000085bf023c22
:1006f80000b0428cc000427cff0042300500401030
:1007080000000000049d023c38c54224030000108c
:1007180000000000049d023c40c5422425284000fa
:10072800049d023c48c544247d28410f0000000078
:1007380085bf023c08b0428c0003427cff00423077
:100748000b00401000000000049d023c48c34624f2
:10075800049d023c48c34524049d023c44c34424f0
:10076800acf4400f00000000090000100000000079
:10077800049d023c48c34624049d023c48c34524ca
:10078800049d023c4cc34424acf4400f000000001c
:1007980085bf023c08b0428c0003427cff00423017
:1007a8000500401000000000049d023c6cc5422476
:1007b8000300001000000000049d023c78c542249c
:1007c80025284000049d023c88c544247d28410f0b
:1007d8000000000085bf023c04b0428cc007427c88
:1007e800ff0042300b00401000000000049d023c56
:1007f80048c34624049d023c48c34524049d023c4a
:100808004cc34424acf4400f000000000900001061
:1008180000000000049d023c48c34624049d023c9d
:1008280048c34524049d023c44c34424acf4400f0f
:100838000000000085bf023c04b0428cc007427c27
:10084800ff0042300500401000000000049d023cfb
:10085800acc542240300001000000000049d023cc7
:10086800b4c5422425284000049d023cc0c5442448
:100878007d28410f0000000085bf023c04b0428c77
:100888008007427cff0042300b004010000000004f
:10089800049d023c48c34624049d023c48c34524a9
:1008a800049d023c44c34424acf4400f0000000003
:1008b8000900001000000000049d023c48c34624c3
:1008c800049d023c48c34524049d023c4cc3442477
:1008d800acf4400f0000000085bf023c04b0428c1d
:1008e8008007427cff0042300500401000000000f5
:1008f800049d023ce4c542240300001000000000ef
:10090800049d023cecc5422425284000049d023c7d
:1009180000c644247d28410f00000000049d023ccd
:1009280048c34624049d023c48c34524049d023c18
:100938004cc34424acf4400f0000000085bf023cc7
:1009480004b0428c004c427cffff4230020042243b
:1009580025284000049d023c20c644247d28410fe0
:1009680000000000049d023c48c34624049d023c4c
:1009780048c34524049d023c4cc34424acf4400fb6
:100988000000000085bf023c04b0428c0030427c6d
:10099800ff0042304010020025284000049d023c20
:1009a8004cc644247d28410f00000000049d023cf1
:1009b80048c34624049d023c48c34524049d023c88
:1009c8004cc34424acf4400f00000000049d023cda
:1009d80070c644247d28410f0000000085bf023cfa
:1009e80008b0428c800f427cff0042300200032492
:1009f80013004310000000000300032416004310f6
:100a0800000000000100032407004310000000005c
:100a1800049d023c90c644247d28410f000000003c
:100a28001200001000000000049d023c9cc64424f3
:100a38007d28410f000000000c000010000000009d
:100a4800049d023cb4c644247d28410f00000000e8
:100a58000600001000000000049d023cc0c64424ab
:100a68007d28410f0000000000000000049d023caa
:100a780048c34624049d023c48c34524049d023cc7
:100a88004cc34424acf4400f0000000085bf023c76
:100a980008b0428c002e427cff0042304010020019
:100aa80025284000049d023cc8c644247d28410fe7
:100ab8000000000085bf023c08b0428c0004427c64
:100ac800ff0042300b00401000000000049d023c73
:100ad80048c34624049d023c48c34524049d023c67
:100ae8004cc34424acf4400f00000000090000107f
:100af80000000000049d023c48c34624049d023cbb
:100b080048c34524049d023c44c34424acf4400f2c
:100b18000000000085bf023c08b0428c0004427c03
:100b2800ff0042300500401000000000049d023c18
:100b3800f4c642240300001000000000049d023c9b
:100b480004c7422425284000049d023c18c74424b9
:100b58007d28410f0000000085bf023c08b0428c90
:100b68004004427cff0042300b00401000000000af
:100b7800049d023c48c34624049d023c48c34524c6
:100b8800049d023c4cc34424acf4400f0000000018
:100b98000900001000000000049d023c48c34624e0
:100ba800049d023c48c34524049d023c44c344249c
:100bb800acf4400f0000000085bf023c08b0428c36
:100bc8004004427cff004230050040100000000055
:100bd800049d023cf4c642240300001000000000fb
:100be800049d023c04c7422425284000049d023c81
:100bf8002cc744247d28410f0000000085bf023c1b
:100c080008b0428c8004427cff0042300b00401048
:100c180000000000049d023c48c34624049d023c99
:100c280048c34524049d023c4cc34424acf4400f03
:100c3800000000000900001000000000049d023cb4
:100c480048c34624049d023c48c34524049d023cf5
:100c580044c34424acf4400f0000000085bf023cac
:100c680008b0428c8004427cff00423005004010ee
:100c780000000000049d023cf4c64224030000105a
:100c880000000000049d023c04c7422425284000bf
:100c9800049d023c40c744247d28410f0000000009
:100ca80085bf023c08b0428cc004427cff00423041
:100cb8000b00401000000000049d023c48c346247d
:100cc800049d023c48c34524049d023c4cc3442473
:100cd800acf4400f00000000090000100000000004
:100ce800049d023c48c34624049d023c48c3452455
:100cf800049d023c44c34424acf4400f00000000af
:100d080085bf023c08b0428cc004427cff004230e0
:100d18000500401000000000049d023cf4c6422477
:100d28000300001000000000049d023c04c7422498
:100d380025284000049d023c54c744247d28410fc7
:100d48000000000085bf023c08b0428c0005427cd0
:100d5800ff0042300b00401000000000049d023ce0
:100d680048c34624049d023c48c34524049d023cd4
:100d78004cc34424acf4400f0000000009000010ec
:100d880000000000049d023c48c34624049d023c28
:100d980048c34524049d023c44c34424acf4400f9a
:100da8000000000085bf023c08b0428c0005427c70
:100db800ff0042300500401000000000049d023c86
:100dc800f4c642240300001000000000049d023c09
:100dd80004c7422425284000049d023c68c74424d7
:100de8007d28410f0000000085bf023c08b0428cfe
:100df800c005427cff0042300b004010000000009c
:100e0800049d023c48c34624049d023c48c3452433
:100e1800049d023c4cc34424acf4400f0000000085
:100e28000900001000000000049d023c48c346244d
:100e3800049d023c48c34524049d023c44c3442409
:100e4800acf4400f0000000085bf023c08b0428ca3
:100e5800c005427cff004230050040100000000041
:100e6800049d023cf4c64224030000100000000068
:100e7800049d023c04c7422425284000049d023cee
:100e88007cc744247d28410f00000000049d023cdb
:100e980048c34624049d023c48c34524049d023ca3
:100ea8004cc34424acf4400f00000000049d023cf5
:100eb80090c744247d28410f0000000085bf023cf4
:100ec80008b0428c4013427cff00423001000324ea
:100ed80016004310000000000200432805006010bf
:100ee800000000000b00401000000000200000106f
:100ef800000000000200032412004310000000005c
:100f0800030003241500431000000000180000101f
:100f180000000000049d023cb4c744247d28410f12
:100f2800000000001200001000000000049d023cb8
:100f3800c4c744247d28410f000000000c000010a5
:100f480000000000049d023cd8c744247d28410fbe
:100f5800000000000600001000000000049d023c94
:100f6800ecc744247d28410f000000000000000069
:100f780085bf023c00b1428c0000427cff00423039
:100f88000b00401000000000049d023c48c34624aa
:100f9800049d023c48c34524049d023c4cc34424a0
:100fa800acf4400f00000000090000100000000031
:100fb800049d023c48c34624049d023c48c3452482
:100fc800049d023c44c34424acf4400f00000000dc
:100fd80085bf023c00b1428c0000427cff004230d9
:100fe8000500401000000000049d023c00c8422497
:100ff8000300001000000000049d023c10c84224b9
:1010080025284000049d023c18c744247d28410f30
:101018000000000085bf023c00b1428c4000427cc9
:10102800ff0042300b00401000000000049d023c0d
:1010380048c34624049d023c48c34524049d023c01
:101048004cc34424acf4400f000000000900001019
:1010580000000000049d023c48c34624049d023c55
:1010680048c34524049d023c44c34424acf4400fc7
:101078000000000085bf023c00b1428c4000427c69
:10108800ff0042300500401000000000049d023cb3
:1010980000c842240300001000000000049d023c28
:1010a80010c8422425284000049d023c2cc7442433
:1010b8007d28410f0000000085bf023c00b1428c32
:1010c8008000427cff0042300b004010000000000e
:1010d800049d023c48c34624049d023c48c3452461
:1010e800049d023c4cc34424acf4400f00000000b3
:1010f8000900001000000000049d023c48c346247b
:10110800049d023c48c34524049d023c44c3442436
:10111800acf4400f0000000085bf023c00b1428cd7
:101128008000427cff0042300500401000000000b3
:10113800049d023c00c84224030000100000000087
:10114800049d023c10c8422425284000049d023c0e
:1011580040c744247d28410f0000000085bf023ca1
:1011680000b1428cc000427cff0042300b004010ae
:1011780000000000049d023c48c34624049d023c34
:1011880048c34524049d023c4cc34424acf4400f9e
:10119800000000000900001000000000049d023c4f
:1011a80048c34624049d023c48c34524049d023c90
:1011b80044c34424acf4400f0000000085bf023c47
:1011c80000b1428cc000427cff0042300500401054
:1011d80000000000049d023c00c8422403000010e7
:1011e80000000000049d023c10c84224252840004d
:1011f800049d023c54c744247d28410f0000000090
:1012080085bf023c00b1428c0001427cff004230a5
:101218000b00401000000000049d023c48c3462417
:10122800049d023c48c34524049d023c4cc344240d
:10123800acf4400f0000000009000010000000009e
:10124800049d023c48c34624049d023c48c34524ef
:10125800049d023c44c34424acf4400f0000000049
:1012680085bf023c00b1428c0001427cff00423045
:101278000500401000000000049d023c00c8422404
:101288000300001000000000049d023c10c8422426
:1012980025284000049d023c68c744247d28410f4e
:1012a8000000000085bf023c00b1428cc001427cb6
:1012b800ff0042300b00401000000000049d023c7b
:1012c80048c34624049d023c48c34524049d023c6f
:1012d8004cc34424acf4400f000000000900001087
:1012e80000000000049d023c48c34624049d023cc3
:1012f80048c34524049d023c44c34424acf4400f35
:101308000000000085bf023c00b1428cc001427c55
:10131800ff0042300500401000000000049d023c20
:1013280000c842240300001000000000049d023c95
:1013380010c8422425284000049d023c7cc7442450
:101348007d28410f00000000049d023c48c346244c
:10135800049d023c48c34524049d023c4cc34424dc
:10136800acf4400f0000000085bf023c00b1428c85
:10137800001e427cff00423025284000049d023cac
:1013880020c844247d28410f0000000085bf023c8e
:1013980000b1428c0002427cff0042300b0040103a
:1013a80000000000049d023c48c34624049d023c02
:1013b80048c34524049d023c4cc34424acf4400f6c
:1013c800000000000900001000000000049d023c1d
:1013d80048c34624049d023c48c34524049d023c5e
:1013e80044c34424acf4400f0000000085bf023c15
:1013f80000b1428c0002427cff00423005004010e0
:1014080000000000049d023c48c84224030000106c
:1014180000000000049d023c54c8422425284000d6
:10142800049d023c18c744247d28410f0000000099
:1014380085bf023c00b1428c4002427cff00423032
:101448000b00401000000000049d023c48c34624e5
:10145800049d023c48c34524049d023c4cc34424db
:10146800acf4400f0000000009000010000000006c
:10147800049d023c48c34624049d023c48c34524bd
:10148800049d023c44c34424acf4400f0000000017
:1014980085bf023c00b1428c4002427cff004230d2
:1014a8000500401000000000049d023c48c842248a
:1014b8000300001000000000049d023c54c84224b0
:1014c80025284000049d023c2cc744247d28410f58
:1014d8000000000085bf023c00b1428c8002427cc3
:1014e800ff0042300b00401000000000049d023c49
:1014f80048c34624049d023c48c34524049d023c3d
:101508004cc34424acf4400f000000000900001054
:1015180000000000049d023c48c34624049d023c90
:1015280048c34524049d023c44c34424acf4400f02
:101538000000000085bf023c00b1428c8002427c62
:10154800ff0042300500401000000000049d023cee
:1015580048c842240300001000000000049d023c1b
:1015680054c8422425284000049d023c40c7442416
:101578007d28410f0000000085bf023c00b1428c6d
:10158800c002427cff0042300b0040100000000007
:10159800049d023c48c34624049d023c48c345249c
:1015a800049d023c4cc34424acf4400f00000000ee
:1015b8000900001000000000049d023c48c34624b6
:1015c800049d023c48c34524049d023c44c3442472
:1015d800acf4400f0000000085bf023c00b1428c13
:1015e800c002427cff0042300500401000000000ad
:1015f800049d023c48c8422403000010000000007b
:10160800049d023c54c8422425284000049d023c05
:1016180054c744247d28410f0000000085bf023cc8
:1016280000b1428c0003427cff0042300b004010a6
:1016380000000000049d023c48c34624049d023c6f
:1016480048c34524049d023c4cc34424acf4400fd9
:10165800000000000900001000000000049d023c8a
:1016680048c34624049d023c48c34524049d023ccb
:1016780044c34424acf4400f0000000085bf023c82
:1016880000b1428c0003427cff004230050040104c
:1016980000000000049d023c48c8422403000010da
:1016a80000000000049d023c54c842242528400044
:1016b800049d023c68c744247d28410f00000000b7
:1016c80085bf023c00b1428cc003427cff0042301f
:1016d8000b00401000000000049d023c48c3462453
:1016e800049d023c48c34524049d023c4cc3442449
:1016f800acf4400f000000000900001000000000da
:10170800049d023c48c34624049d023c48c345242a
:10171800049d023c44c34424acf4400f0000000084
:1017280085bf023c00b1428cc003427cff004230be
:101738000500401000000000049d023c48c84224f7
:101748000300001000000000049d023c54c842241d
:1017580025284000049d023c7cc744247d28410f75
:1017680000000000049d023c48c34624049d023c3e
:1017780048c34524049d023c4cc34424acf4400fa8
:101788000000000085bf023c00b6428c25284000be
:10179800049d023c5cc844247d28410f00000000e1
:1017a80085bf023c04b6428c25284000049d023cbb
:1017b8007cc844247d28410f0000000085bf023cfe
:1017c80008b6428c25284000049d023c9cc844244d
:1017d8007d28410f0000000085bf023c0cb6428cfa
:1017e80025284000049d023cbcc844247d28410fa4
:1017f8000000000085bf023c10b6428c252840003e
:10180800049d023cdcc844247d28410f00000000f0
:1018180085bf023c1cb6428c25284000049d023c32
:10182800fcc844247d28410f0000000001f5400f4a
:10183800000000000000000025e8c0031400bf8f6e
:101848001000be8f1800bd270800e003000000004c
:10185800e8ffbd271400bfaf1000beaf25f0a003fe
:10186800039d023ca4184624039d023c1c524524b7
:10187800039d023c54524424c971400f00000000eb
:101888000000000025e8c0031400bf8f1000be8fc1
:101898001800bd270800e00300000000e0ffbd2796
:1018a8001c00bfaf1800beaf25f0a0032000c4afd6
:1018b80001f5400f00000000039d023c5c524624e5
:1018c800039d023c60524524039d023c645244241b
:1018d800acf4400f00000000039d023c6852442411
:1018e8007d28410f00000000039d023c6052462401
:1018f800039d023c60524524039d023c64524424eb
:10190800acf4400f000000005c80828f1000c2af72
:101918005c80828f05004010000000005c80828f90
:101928002c02428c0200001000000000251000006c
:101938001400c2af15000010000000001000c38f93
:101948001000c28f20004224253040002528600066
:10195800039d023c805244247d28410f0000000072
:101968001400c28f1000c2af1400c28f05004010cf
:10197800000000001400c28f2c02428c02000010ec
:1019880000000000251000001400c2af1000c28f34
:10199800eaff401400000000039d023c6052462408
:1019a800039d023c60524524039d023c645244243a
:1019b800acf4400f00000000039d023c9052442408
:1019c8007d28410f00000000039d023c6052462420
:1019d800039d023c60524524039d023ccc524424a2
:1019e800acf4400f00000000039d023cd052442498
:1019f8007d28410f00000000039d023c60524624f0
:101a0800039d023c60524524039d023c105344242c
:101a1800acf4400f00000000039d023c1453442422
:101a28007d28410f00000000039d023c60524624bf
:101a3800039d023c60524524039d023c3c534424d0
:101a4800acf4400f00000000039d023c40534424c6
:101a58007d28410f00000000039d023c605246248f
:101a6800039d023c60524524039d023c5c52442481
:101a7800acf4400f00000000039d023c7053442466
:101a88007d28410f0000000001f5400f0000000014
:101a9800039d023ca05344247d28410f0000000010
:101aa8000000000025e8c0031c00bf8f1800be8f8f
:101ab8002000bd270800e00300000000e8ffbd2764
:101ac8001400bfaf1000beaf25f0a003039d023c79
:101ad800101b4624039d023cc0534524039d023c31
:101ae800e0534424c971400f0000000000000000ca
:101af80025e8c0031400bf8f1000be8f1800bd2753
:101b08000800e00300000000e8ffbd271400bfaf95
:101b18001000beaf25f0a0031800c4afba3b400fb9
:101b2800000000000000000025e8c0031400bf8f7b
:101b38001000be8f1800bd270800e0030000000059
:101b4800e8ffbd271400bfaf1000beaf25f0a0030b
:101b5800039d023c941b4624039d023ce853452404
:101b6800039d023c08544424c971400f0000000042
:101b78000000000025e8c0031400bf8f1000be8fce
:101b88001800bd270800e00300000000e8ffbd279b
:101b98001400bfaf1000beaf25f0a0031800c4affb
:101ba80061f4400f0000000070f4400f00000000d6
:101bb8000000000025e8c0031400bf8f1000be8f8e
:101bc8001800bd270800e00300000000e8ffbd275b
:101bd8001400bfaf1000beaf25f0a003039d023c68
:101be800201c4624039d023c18544524039d023cb6
:101bf80038544424c971400f000000000000000060
:101c080025e8c0031400bf8f1000be8f1800bd2741
:101c18000800e00300000000e8ffbd271400bfaf84
:101c28001000beaf25f0a0031800c4af01f5400fa7
:101c380000000000039d023c60524624039d023cc4
:101c480060524524039d023ccc524424acf4400f1e
:101c580000000000039d023c40544724039d023cc1
:101c680044544624039d023c54544524039d023c9d
:101c7800645444247d28410f0000000001f5400f02
:101c8800000000000000000025e8c0031400bf8f1a
:101c98001000be8f1800bd270800e00300000000f8
:101ca800e8ffbd271400bfaf1000beaf25f0a003aa
:101cb800039d023cf41c4624039d023c8c5445249d
:101cc800039d023cb0544424c971400f0000000039
:101cd8000000000025e8c0031400bf8f1000be8f6d
:101ce8001800bd270800e00300000000e8ffbd273a
:101cf8001400bfaf1000beaf25f0a0031800c4af9a
:101d080001f5400f00000000039d023c605246248c
:101d1800039d023c60524524039d023ccc5244245e
:101d2800acf4400f00000000039d023cbc54452465
:101d3800039d023ce85444247d28410f0000000024
:101d480001f5400f000000000000000025e8c00376
:101d58001400bf8f1000be8f1800bd270800e003d5
:101d680000000000e8ffbd271400bfaf1000beafa1
:101d780025f0a003039d023cb81d4624039d023ca8
:101d880014554524039d023c68554424c971400fed
:101d9800000000000000000025e8c0031400bf8f09
:101da8001000be8f1800bd270800e00300000000e7
:101db800e0ffbd271c00bfaf1800beaf1400b0afd6
:101dc80025f0a0032000c4af01f5400f000000007b
:101dd800039d023c60524624039d023c6052452408
:101de800039d023ccc524424acf4400f0000000098
:101df800039d023c40544524039d023c78554424ed
:101e08007d28410f00000000039d023c5c524624df
:101e1800039d023c60524524039d023ccc5244245d
:101e2800acf4400f00000000039d023c945544248c
:101e3800bf27410f00000000039d023c605246246a
:101e4800039d023c60524524039d023ccc5244242d
:101e5800acf4400f000000008c3e400f0000000072
:101e680025284000039d023ca85544247d28410fa5
:101e780000000000a63e400f0000000025204000a2
:101e8800b23e400f0000000025804000a63e400ff3
:101e9800000000002530400025280002039d023c78
:101ea800e05544247d28410f00000000e740400f22
:101eb8000000000025204000f540400f0000000011
:101ec80025804000e740400f00000000253040001a
:101ed80025280002039d023c105644247d28410f0a
:101ee8000000000001f5400f00000000ace9400fc1
:101ef80000000000d6ea400f000000000200410f79
:101f080000000000f405410f000000008080828f6f
:101f180021004010000000008080838f010002240f
:101f28001d006210000000008080838f02000224e0
:101f380019006210000000008080838f03000224d3
:101f480015006210000000008080838f06000224c4
:101f580011006210000000008080838f07000224b7
:101f68000d006210000000008080838f05000224ad
:101f780009006210000000008080838f04000224a2
:101f880005006210000000008080838f0a00022490
:101f98000b00621400000000039d023c5c524624c2
:101fa800039d023c60524524039d023c5c5244243c
:101fb800acf4400f00000000090000100000000011
:101fc800039d023c5c524624039d023c605245241a
:101fd800039d023ccc524424acf4400f00000000a6
:101fe8008080828f25204000fe12410f00000000f3
:101ff80025284000039d023c445644247d28410f77
:102008000000000001f5400f0000000001f5400f3e
:1020180000000000039d023c5c524624039d023ce4
:1020280060524524039d023ccc524424acf4400f3a
:10203800000000006c80828f25204000ba79400f94
:102048000000000025284000039d023c6c564424f3
:102058007d28410f0000000001f5400f000000003e
:102068000000000025e8c0031c00bf8f1800be8fc9
:102078001400b08f2000bd270800e0030000000016
:10208800e8ffbd271400bfaf1000beaf25f0a003c6
:10209800039d023cd4204624039d023c94564524cb
:1020a800039d023cc4574424c971400f000000003e
:1020b8000000000025e8c0031400bf8f1000be8f89
:1020c8001800bd270800e00300000000c0ffbd277e
:1020d8003c00bfaf3800beaf25f0a0034000c4af3e
:1020e8001000c22725304000039d023cd8574524e4
:1020f8004000c48fd229410f00000000039d023c1c
:10210800f45745241000c227252040003229410fea
:10211800000000000500401400000000563a400f7f
:1021280000000000e300001000000000039d023cd6
:10213800005845241000c227252040003229410fad
:10214800000000000700401400000000eb0b023cf8
:1021580000c244341741400f00000000d5000010b1
:1021680000000000039d023c085845241000c227c7
:10217800252040003229410f0000000005004014ce
:10218800000000002c7c400f00000000c900001077
:1021980000000000039d023c0c5845241000c22793
:1021a800252040003229410f00000000050040149e
:1021b80000000000ace9400f00000000bd00001066
:1021c80000000000039d023c105845241000c2275f
:1021d800252040003229410f00000000050040146e
:1021e80000000000d6ea400f00000000b100001017
:1021f80000000000039d023c145845241000c2272b
:10220800252040003229410f00000000050040143d
:1022180000000000f405410f00000000a5000010b8
:1022280000000000039d023c1c5845241000c227f2
:10223800252040003229410f00000000050040140d
:1022480000000000228e400f0000000099000010de
:1022580000000000039d023c245845241000c227ba
:10226800252040003229410f0000000005004014dd
:10227800000000000200410f000000008d00001067
:1022880000000000039d023c305845241000c2277e
:10229800252040003229410f0000000005004014ad
:1022a80000000000c94e400f00000000810000102f
:1022b80000000000039d023c345845241000c2274a
:1022c800252040003229410f00000000050040147d
:1022d800000000004e58400f00000000750000107c
:1022e80000000000039d023c445845241000c2270a
:1022f800252040003229410f00000000050040144d
:10230800000000009dc0400f0000000069000010a0
:1023180000000000039d023c485845241000c227d5
:10232800252040003229410f00000000050040141c
:1023380000000000bca2400f000000005d0000107b
:1023480000000000039d023c505845241000c2279d
:10235800252040003229410f0000000011004014e0
:1023680000000000039d023c5c524624039d023c91
:1023780060524524039d023ccc524424acf4400fe7
:1023880000000000039d023c5c584424bf27410f15
:1023980000000000e0ba400f0000000045000010f7
:1023a80000000000039d023c805845241000c2270d
:1023b80025204000ba7a400f000000002900401490
:1023c800000000003000c22725304000039d023c79
:1023d800885845241000c22725204000d229410fe3
:1023e800000000003000c28f05004010000000000f
:1023f8003000c28f0a00422c130040140000000075
:10240800039d023c60524624039d023c60524524d1
:10241800039d023c64524424acf4400f00000000c9
:102428003000c28f25284000039d023c9458442464
:102438007d28410f0000000001f5400f000000005a
:102448001c000010000000003000c28fff00423066
:1024580025204000c645400f000000001500001070
:1024680000000000039d023c60524624039d023c8c
:1024780060524524039d023c64524424acf4400f4e
:10248800000000001000c22725284000039d023ce0
:10249800d45844247d28410f00000000039d023ccd
:1024a80020594424bf27410f0000000001f5400fc8
:1024b800000000000000000025e8c0033c00bf8fba
:1024c8003800be8f4000bd270800e0030000000070
:1024d800e8ffbd271400bfaf1000beaf25f0a00372
:1024e800039d023c24254624039d023cf0594524c3
:1024f800039d023c6c5a4424c971400f000000003f
:102508000000000025e8c0031400bf8f1000be8f34
:102518001800bd270800e00300000000e8ffbd2701
:102528001400bfaf1000beaf25f0a0031800c4af61
:1025380001f5400f00000000e28a400f0000000093
:1025480001f5400f000000000000000025e8c0036e
:102558001400bf8f1000be8f1800bd270800e003cd
:1025680000000000e8ffbd271400bfaf1000beaf99
:1025780025f0a003039d023cb8254624039d023c98
:102588007c5a4524039d023cb05a4424c971400f2b
:10259800000000000000000025e8c0031400bf8f01
:1025a8001000be8f1800bd270800e00300000000df
:1025b800e8ffbd271400bfaf1000beaf25f0a00391
:1025c8001800c4afd5ae400f00000000039d023cc8
:1025d80060524624039d023c60524524039d023c00
:1025e80064524424acf4400f00000000039d023cf8
:1025f800c05a44247d28410f0000000001f5400f17
:10260800000000000000000025e8c0031400bf8f90
:102618001000be8f1800bd270800e003000000006e
:10262800e8ffbd271400bfaf1000beaf25f0a00320
:10263800039d023c74264624039d023c085b452406
:10264800039d023c285b4424c971400f0000000030
:102658000000000025e8c0031400bf8f1000be8fe3
:102668001800bd270800e00300000000e8ffbd27b0
:102678001400bfaf1000beaf25f0a0031800c4af10
:10268800a2b4400f0000000001a0023c0100032496
:10269800b44343a001f5400f00000000039d023c35
:1026a80060524624039d023c60524524039d023c2f
:1026b800cc524424acf4400f00000000039d023cbf
:1026c800385b44247d28410f0000000001f5400fcd
:1026d800000000000000000025e8c0031400bf8fc0
:1026e8001000be8f1800bd270800e003000000009e
:1026f800e8ffbd271400bfaf1000beaf25f0a00350
:10270800039d023c44274624039d023c585b452414
:10271800039d023cb45b4424c971400f00000000d3
:102728000000000025e8c0031400bf8f1000be8f12
:102738001800bd270800e00300000000e8ffbd27df
:102748001400bfaf1000beaf25f0a0031800c4af3f
:10275800039d023c60524624039d023c605245247e
:10276800039d023ccc524424acf4400f000000000e
:10277800039d023cc85b4524039d023ccc5b44247a
:102788007d28410f00000000280a410f00000000ca
:1027980001f5400f000000000000000025e8c0031c
:1027a8001400bf8f1000be8f1800bd270800e0037b
:1027b80000000000e8ffbd271400bfaf1000beaf47
:1027c80025f0a003039d023c08284624039d023cf3
:1027d800e45b4524039d023c145c4424c971400f0a
:1027e800000000000000000025e8c0031400bf8faf
:1027f8001000be8f1800bd270800e003000000008d
:10280800e8ffbd271400bfaf1000beaf25f0a0033e
:102818001800c4af01f5400f0000000001a0023c01
:10282800f2434290ff0042301600401400000000be
:1028380061f4400f0000000070f4400f0000000039
:10284800039d023c5c524624039d023c6052452491
:10285800039d023ccc524424acf4400f000000001d
:10286800039d023c245c44247d28410f00000000a5
:1028780001a0023c01000324f24343a0130000100e
:102888000000000061f4400f0000000070f4400fe9
:1028980000000000039d023c5c524624039d023c5c
:1028a80060524524039d023c5c524424acf4400f22
:1028b80000000000039d023c405c44247d28410f39
:1028c8000000000001a0023cf24340a001f5400fc7
:1028d800000000000000000025e8c0031400bf8fbe
:1028e8001000be8f1800bd270800e003000000009c
:1028f800e8ffbd271400bfaf1000beaf25f0a0034e
:10290800039d023c44294624039d023c5c5c45240b
:10291800039d023c845c4424c971400f0000000000
:102928000000000025e8c0031400bf8f1000be8f10
:102938001800bd270800e00300000000e8ffbd27dd
:102948001400bfaf1000beaf25f0a0031800c4af3d
:1029580001f5400f00000000039d023c5c52462434
:10296800039d023c60524524039d023ccc52442402
:10297800acf4400f00000000039d023c945c44242a
:102988007d28410f00000000039d023c6052462450
:10299800039d023c60524524039d023ccc524424d2
:1029a800acf4400f0000000048a1400f00000000f8
:1029b80001f5400f000000000000000025e8c003fa
:1029c8001400bf8f1000be8f1800bd270800e00359
:1029d80000000000e8ffbd271400bfaf1000beaf25
:1029e80025f0a003039d023c282a4624039d023caf
:1029f800b85c4524039d023c745e4424c971400fb1
:102a0800000000000000000025e8c0031400bf8f8c
:102a18001000be8f1800bd270800e003000000006a
:102a280068ffbd279400bfaf9000beaf25f0a0039c
:102a38009800c4af1c00c22725304000039d023c0b
:102a4800805e45249800c48fd229410f0000000001
:102a58001c00c283d0014010000000001c00c327e6
:102a6800039d023c945e452425206000ba7a400ffd
:102a78000000000056004014000000006000c52758
:102a88005c00c4271c00c3276400c2271000a2af43
:102a98002538a00025308000039d023c9c5e45241b
:102aa80025206000d229410f000000006400c28f79
:102ab800d007422c2e004014000000005c00c28f9a
:102ac800ff0042306000c38fff0063306400c48f92
:102ad800ffff843025308000252860002520400035
:102ae800009e400f0000000001f5400f00000000ac
:102af800039d023c60524624039d023c60524524db
:102b0800039d023ccc524424acf4400f000000006a
:102b180001a0023c90434290ff004230251840003b
:102b280001a0023c9043422401004290ff00423041
:102b38002520400001a0023c904342240200429418
:102b4800ffff4230253840002530800025286000ee
:102b5800039d023cb45e44247d28410f0000000020
:102b680001f5400f00000000ad010010000000005a
:102b780001f5400f00000000039d023c605246240e
:102b8800039d023c60524524039d023c5c52442450
:102b9800acf4400f000000005c00c28f6000c38fdf
:102ba8006400c48f25388000253060002528400047
:102bb800039d023cd85e44247d28410f000000009c
:102bc80001f5400f00000000950100100000000012
:102bd8001c00c327039d023c1c5f45242520600080
:102be800ba7a400f000000004700401400000000bf
:102bf8006c00c5276800c4271c00c3277000c227c3
:102c08001000a2af2538a00025308000039d023cab
:102c1800245f452425206000d229410f00000000d0
:102c28006800c28f1800422c1400401000000000f9
:102c38006c00c28f3c00422c1000401000000000c5
:102c48007000c28f3c00422c0c00401000000000b5
:102c58006800c28fff0042306c00c38fff006330f2
:102c68007000c48fff008430253080002528600064
:102c7800252040001e9f400f0000000001f5400f76
:102c880000000000039d023c60524624039d023c64
:102c980060524524039d023ccc524424acf4400fbe
:102ca8000000000001a0023c90434224080042902a
:102cb800ff0042302518400001a0023c9043422406
:102cc80009004290ff0042302520400001a0023c4c
:102cd800904342240a004290ff00423025384000c9
:102ce8002530800025286000039d023c3c5f442479
:102cf8007d28410f0000000001f5400f0000000092
:102d080047010010000000001c00c327039d023c7f
:102d1800745f452425206000ba7a400f0000000047
:102d280094004014000000007400c2271c00c32750
:102d380025304000039d023c805f4524252060002b
:102d4800d229410f000000007400c327039d023cf4
:102d58008c5f4524252060003229410f00000000c7
:102d680004004014000000001800c0a34b0000102d
:102d7800000000007400c327039d023c945f4524b3
:102d8800252060003229410f000000000500401492
:102d980000000000010002241800c2a33f00001038
:102da800000000007400c327039d023c9c5f45247b
:102db800252060003229410f000000000500401462
:102dc80000000000020002241800c2a33300001013
:102dd800000000007400c327039d023ca45f452443
:102de800252060003229410f000000000500401432
:102df80000000000030002241800c2a327000010ee
:102e0800000000007400c327039d023cb05f452406
:102e1800252060003229410f000000000500401401
:102e280000000000040002241800c2a31b000010c8
:102e3800000000007400c327039d023cbc5f4524ca
:102e4800252060003229410f0000000005004014d1
:102e580000000000050002241800c2a30f000010a3
:102e6800000000007400c327039d023cc45f452492
:102e7800252060003229410f0000000005004014a1
:102e880000000000060002241800c2a3030000107e
:102e980000000000ffff02241800c2a31800c3931b
:102ea800ff0002241f0062100000000001f5400f1f
:102eb80000000000039d023c60524624039d023c32
:102ec80060524524039d023ccc524424acf4400f8c
:102ed800000000001800c2932520400039a0400fd0
:102ee8000000000001a0023c904342240400428cf0
:102ef800ff004230252040000ea1400f00000000d6
:102f080025284000039d023cd05f44247d28410fc2
:102f18000000000001f5400f00000000c000001094
:102f28000000000001f5400f00000000039d023c76
:102f380060524624039d023c60524524039d023c96
:102f48005c524424acf4400f000000007400c22717
:102f580025284000039d023cec5f44247d28410f56
:102f68000000000001f5400f00000000ac00001058
:102f7800000000001c00c327039d023c406045245c
:102f880025206000ba7a400f000000005e0040145f
:102f9800000000008800c4278400c2271c00c32743
:102fa8002538800025304000039d023c4c604524b4
:102fb80025206000d229410f000000008800c38f3f
:102fc80025106000c01002002310430040110200c9
:102fd80021104300001102008800c2af8400c38f93
:102fe8008800c28f211062008400c2af8400c28fa3
:102ff80025204000d6a0400f0000000001f5400f3a
:1030080000000000039d023c60524624039d023ce0
:1030180060524524039d023ccc524424acf4400f3a
:103028000000000001a0023c9043422408004290a6
:10303800ff0042302518400001a0023c9043422482
:1030480009004290ff0042302520400001a0023cc8
:10305800904342240a004290ff0042302538400045
:103068002530800025286000039d023c60604424d0
:103078007d28410f0000000001a0023c90434290cf
:10308800ff0042302518400001a0023c9043422432
:1030980001004290ff0042302520400001a0023c80
:1030a8009043422402004294ffff423025384000fa
:1030b8002530800025286000039d023cb45e44242e
:1030c8007d28410f0000000001a0023c90434224eb
:1030d8000400428cff004230252040000ea1400f22
:1030e8000000000025284000039d023cd05f4424d6
:1030f8007d28410f0000000001f5400f000000008e
:103108004700001000000000039d023c6052462466
:10311800039d023c60524524039d023c64524424b2
:10312800acf4400f00000000039d023c846044247e
:10313800bf27410f00000000039d023cdc604424cf
:10314800bf27410f00000000039d023cf8604424a3
:10315800bf27410f00000000039d023c2c6144245e
:10316800bf27410f00000000039d023c706144240a
:10317800bf27410f00000000039d023ca0614424ca
:10318800bf27410f0000000001f5400f00000000bc
:103198002300001000000000039d023c60524624fa
:1031a800039d023c60524524039d023c6452442422
:1031b800acf4400f00000000039d023c84604424ee
:1031c800bf27410f00000000039d023cdc6044243f
:1031d800bf27410f00000000039d023cf860442413
:1031e800bf27410f00000000039d023c2c614424ce
:1031f800bf27410f00000000039d023c706144247a
:10320800bf27410f00000000039d023ca061442439
:10321800bf27410f0000000001f5400f000000002b
:103228000000000025e8c0039400bf8f9000be8f07
:103238009800bd270800e00300000000e8ffbd2754
:103248001400bfaf1000beaf25f0a003039d023ce1
:1032580090324624039d023c30624524039d023c83
:103268008c624424c971400f000000000000000077
:1032780025e8c0031400bf8f1000be8f1800bd27bb
:103288000800e00300000000e8ffbd271400bfaffe
:103298001000beaf25f0a0031800c4af01f5400f21
:1032a80000000000039d023c60524624039d023c3e
:1032b80060524524039d023ccc524424acf4400f98
:1032c80000000000039d023c9c624424bf27410f7c
:1032d8000000000086bf033c30056294010004240e
:1032e8000463827c300562a486bf033c300162948b
:1032f80001000424c47b827c300162a40000000029
:1033080086bf023c2007428c0001427cff0042300d
:10331800fbff401000000000039d023cc0624424f3
:10332800bf27410f000000000000000086bf023cdc
:103338002001428c0002427cff004230fbff40101b
:1033480000000000039d023ce0624424bf27410fb7
:103358000000000086bf033c300162940100042491
:10336800c45a827c300162a4039d023c0063442459
:10337800bf27410f0000000086bf033c3001629464
:1033880001000424446b827c300162a4039d023c4a
:1033980018634424bf27410f0000000086bf033c88
:1033a8003003629401000424c47b827c300362a44d
:1033b800039d023c40634424bf27410f00000000e6
:1033c800039d023c64634424bf27410f00000000b2
:1033d80001f5400f000000000000000025e8c003d0
:1033e8001400bf8f1000be8f1800bd270800e0032f
:1033f80000000000e8ffbd271400bfaf1000beaffb
:1034080025f0a003039d023c48344624039d023c5a
:10341800a0634524039d023cd0634424c971400f36
:10342800000000000000000025e8c0031400bf8f62
:103438001000be8f1800bd270800e0030000000040
:10344800e8ffbd271400bfaf1000beaf25f0a003f2
:103458001800c4af86bf033c300562940463027c45
:10346800300562a486bf033c30016294c47b027cb1
:10347800300162a401f5400f00000000039d023cea
:1034880060524624039d023c60524524039d023c41
:10349800cc524424acf4400f00000000039d023cd1
:1034a800e0634424bf27410f0000000001f5400fee
:1034b800000000000000000025e8c0031400bf8fd2
:1034c8001000be8f1800bd270800e00300000000b0
:020000040000fa
:020000041d03da
:1034d800e0ffbd271c00bfaf1800beaf25f0a0035a
:1034e8001400a0af1000a0af25380000010006248a
:1034f8002528000025200000a0d1400f0000000072
:103508001400a0af1000a0af25380000253000003f
:103518000100052425200000a0d1400f0000000074
:103528001400a0af1000a0af253800000100062449
:103538000200052425200000a0d1400f0000000053
:103548001400a0af1000a0af2538000025300000ff
:103558000300052425200000a0d1400f0000000032
:103568001400a0af1000a0af2538000025300000df
:103578000400052425200000a0d1400f0000000011
:103588001400a0af1000a0af2538000025300000bf
:103598000500052425200000a0d1400f00000000f0
:1035a8001400a0af1000a0af2538000001000624c9
:1035b8000600052425200000a0d1400f00000000cf
:1035c8001400a0af1000a0af2538000001000624a9
:1035d8000700052425200000a0d1400f00000000ae
:1035e8001400a0af1000a0af253800000100062489
:1035f8000900052425200000a0d1400f000000008c
:103608001400a0af1000a0af253800000100062468
:103618000a00052425200000a0d1400f000000006a
:103628001400a0af1000a0af253800000100062448
:103638000e00052425200000a0d1400f0000000046
:103648001400a0af1000a0af253800000100062428
:103658000f00052425200000a0d1400f0000000025
:103668000000000025e8c0031c00bf8f1800be8fb3
:103678002000bd270800e00300000000e0ffbd2790
:103688001c00bfaf1800beaf25f0a0031400a0af08
:103698001000a0af253800002530000025280000c4
:1036a80001000424a0d1400f000000001400a0afc6
:1036b8001000a0af253800002530000001000524c7
:1036c80001000424a0d1400f000000001400a0afa6
:1036d8001000a0af010007242530000002000524d7
:1036e80001000424a0d1400f000000001400a0af86
:1036f8001000a0af010007242530000003000524b6
:1037080001000424a0d1400f0000000080bf033c4a
:103718004c156290030004240418827c4c1562a0a6
:103728001400a0af1000a0af01000724253000004e
:103738000400052401000424a0d1400f000000006b
:103748001400a0af1000a0af2538000025300000fd
:103758000500052401000424a0d1400f000000004a
:1037680080bf033c541562900b0004240418827c2b
:10377800541562a01400a0af1000a0af25380000b7
:10378800010006240600052401000424a0d1400fee
:103798000000000080bf033c8014629005000424f0
:1037a8000418827c801462a01400a0af1000a0af9f
:1037b8002538000001000624070005240100042420
:1037c800a0d1400f000000001400a0af1000a0af6f
:1037d80025380000010006240800052401000424ff
:1037e800a0d1400f000000001400a0af1000a0af4f
:1037f80001000724253000000900052401000424e5
:10380800a0d1400f0000000080bf033c6415629007
:10381800070004240418827c641562a01400a0af79
:103828001000a0af25380000010006240a00052476
:1038380001000424a0d1400f0000000080bf033c19
:10384800b4146290060004240418827cb41462a0a4
:103858001400a0af1000a0af2538000025300000ec
:103868000b00052401000424a0d1400f0000000033
:103878001400a0af1000a0af0100072425300000fd
:103888000c00052401000424a0d1400f0000000012
:103898001400a0af1000a0af2538000025300000ac
:1038a8000d00052401000424a0d1400f00000000f1
:1038b8001400a0af1000a0af0100072425300000bd
:1038c8000e00052401000424a0d1400f00000000d0
:1038d8001400a0af1000a0af25380000253000006c
:1038e8000f00052401000424a0d1400f00000000af
:1038f8000000000025e8c0031c00bf8f1800be8f21
:103908002000bd270800e00300000000e0ffbd27fd
:103918001c00bfaf1800beaf25f0a0031400a0af75
:103928001000a0af2538000001000624010005247e
:1039380002000424a0d1400f000000001400a0af32
:103948001000a0af2538000001000624020005245d
:1039580002000424a0d1400f000000001400a0af12
:103968001000a0af2538000001000624030005243c
:1039780002000424a0d1400f000000001400a0aff2
:103988001000a0af253800002530000004000524f1
:1039980002000424a0d1400f0000000080bf033cb7
:1039a800901562900b0004240418827c901562a084
:1039b8001400a0af1000a0af2538000001000624b5
:1039c8000c00052402000424a0d1400f00000000d0
:1039d8001400a0af1000a0af25380000253000006b
:1039e8000d00052402000424a0d1400f00000000af
:1039f8001400a0af1000a0af253800000100062475
:103a08000e00052402000424a0d1400f000000008d
:103a18001400a0af1000a0af25380000253000002a
:103a28000f00052402000424a0d1400f000000006c
:103a38000000000025e8c0031c00bf8f1800be8fdf
:103a48002000bd270800e00300000000e0ffbd27bc
:103a58001c00bfaf1800beaf25f0a0031400a0af34
:103a68001000a0af2538000001000624252800001a
:103a780003000424a0d1400f0000000080bf033cd5
:103a880004146290030004240418827c041462a0c5
:103a98001400a0af1000a0af0100072425300000db
:103aa8000100052403000424a0d1400f00000000f9
:103ab8001400a0af1000a0af25380000253000008a
:103ac8000200052403000424a0d1400f00000000d8
:103ad8001400a0af1000a0af25380000253000006a
:103ae8000300052403000424a0d1400f00000000b7
:103af8001400a0af1000a0af253800000100062474
:103b08000400052403000424a0d1400f0000000095
:103b18001400a0af1000a0af253800002530000029
:103b28000500052403000424a0d1400f0000000074
:103b380080bf033cd4156290080004240418827cda
:103b4800d41562a01400a0af1000a0af2538000063
:103b5800253000000600052403000424a0d1400fee
:103b6800000000001400a0af1000a0af253800002e
:103b7800010006240700052403000424a0d1400ff7
:103b88000000000080bf033cc01462900e000424b3
:103b98000418827cc01462a01400a0af1000a0af6b
:103ba80025380000253000000900052403000424fe
:103bb800a0d1400f000000001400a0af1000a0af7b
:103bc80025380000253000000a00052403000424dd
:103bd800a0d1400f000000001400a0af1000a0af5b
:103be80025380000253000000b00052403000424bc
:103bf800a0d1400f0000000080bf033cec1562908c
:103c08000f0004240418827cec1562a01400a0aff5
:103c18001000a0af25380000253000000c00052456
:103c280003000424a0d1400f000000001400a0af3e
:103c38001000a0af25380000253000000d00052435
:103c480003000424a0d1400f000000001400a0af1e
:103c58001000a0af25380000253000000e00052414
:103c680003000424a0d1400f000000001400a0affe
:103c78001000a0af25380000253000000f000524f3
:103c880003000424a0d1400f000000000000000041
:103c980025e8c0031c00bf8f1800be8f2000bd2779
:103ca8000800e00300000000e0ffbd271c00bfafd4
:103cb8001800beaf25f0a0031400a0af1000a0affd
:103cc80025380000010006242528000004000424eb
:103cd800a0d1400f000000001400a0af1000a0af5a
:103ce80025380000010006240100052404000424ee
:103cf800a0d1400f000000001400a0af1000a0af3a
:103d080025380000253000000200052404000424a2
:103d1800a0d1400f000000001400a0af1000a0af19
:103d28002538000025300000030005240400042481
:103d3800a0d1400f000000001400a0af1000a0aff9
:103d48000100072425300000040005240400042491
:103d5800a0d1400f000000001400a0af1000a0afd9
:103d6800253800002530000005000524040004243f
:103d7800a0d1400f000000001400a0af1000a0afb9
:103d8800010007242530000006000524040004244f
:103d9800a0d1400f000000001400a0af1000a0af99
:103da80025380000253000000700052404000424fd
:103db800a0d1400f000000001400a0af1000a0af79
:103dc8002538000001000624080005240400042406
:103dd800a0d1400f000000001400a0af1000a0af59
:103de80025380000253000000900052404000424bb
:103df800a0d1400f000000000000000025e8c0032b
:103e08001c00bf8f1800be8f2000bd270800e003ec
:103e180000000000e0ffbd271c00bfaf1800beafc8
:103e280025f0a0031400a0af1000a0af25380000b3
:103e3800253000002528000005000424a0d1400feb
:103e4800000000001400a0af1000a0af253800004b
:103e5800253000000100052405000424a0d1400fee
:103e6800000000001400a0af1000a0af253800002b
:103e7800253000000200052405000424a0d1400fcd
:103e8800000000001400a0af1000a0af253800000b
:103e9800253000000300052405000424a0d1400fac
:103ea800000000001400a0af1000a0af25380000eb
:103eb800253000000400052405000424a0d1400f8b
:103ec800000000001400a0af1000a0af25380000cb
:103ed800253000000500052405000424a0d1400f6a
:103ee800000000001400a0af1000a0af25380000ab
:103ef800253000000800052405000424a0d1400f47
:103f0800000000001400a0af1000a0af253800008a
:103f1800253000000c00052405000424a0d1400f22
:103f2800000000001400a0af1000a0af253800006a
:103f3800253000000d00052405000424a0d1400f01
:103f4800000000000000000025e8c0031c00bf8f2f
:103f58001800be8f2000bd270800e0030000000005
:103f6800e0ffbd271c00bfaf1800beaf25f0a003bf
:103f78001400a0af1000a0af2538000025300000c5
:103f88002528000006000424a0d1400f00000000ee
:103f98001400a0af1000a0af2538000025300000a5
:103fa8000100052406000424a0d1400f00000000f1
:103fb8001400a0af1000a0af0100072425300000b6
:103fc8000600052406000424a0d1400f00000000cc
:103fd8001400a0af1000a0af25380000010006248f
:103fe8000700052406000424a0d1400f00000000ab
:103ff80080bf033ca8146290010004240418827c4a
:10400800a81462a01400a0af1000a0af25380000cb
:10401800253000000800052406000424a0d1400f24
:104028000000000080bf033ca01662900600042434
:104038000418827ca01662a01400a0af1000a0afe4
:104048000100072425300000090005240600042487
:10405800a0d1400f000000001400a0af1000a0afd6
:1040680025380000010006240c000524060004245d
:10407800a0d1400f000000001400a0af1000a0afb6
:1040880025380000010006240d000524060004243c
:10409800a0d1400f000000001400a0af1000a0af96
:1040a80025380000010006240e000524060004241b
:1040b800a0d1400f000000001400a0af1000a0af76
:1040c80025380000253000000f00052406000424d0
:1040d800a0d1400f000000000000000025e8c00348
:1040e8001c00bf8f1800be8f2000bd270800e0030a
:1040f80000000000e0ffbd271c00bfaf1800beafe6
:1041080025f0a0031400a0af1000a0af25380000d0
:10411800253000002528000007000424a0d1400f06
:10412800000000001400a0af1000a0af2538000068
:10413800253000000100052407000424a0d1400f09
:10414800000000001400a0af1000a0af2538000048
:10415800010006240200052407000424a0d1400f12
:10416800000000001400a0af1000a0af2538000028
:10417800010006240300052407000424a0d1400ff1
:10418800000000001400a0af1000a0af2538000008
:10419800010006240400052407000424a0d1400fd0
:1041a800000000001400a0af1000a0af25380000e8
:1041b800253000000500052407000424a0d1400f85
:1041c800000000001400a0af1000a0af25380000c8
:1041d800253000000600052407000424a0d1400f64
:1041e800000000001400a0af1000a0af25380000a8
:1041f800010006240700052407000424a0d1400f6d
:10420800000000001400a0af1000a0af2538000087
:10421800253000000800052407000424a0d1400f21
:10422800000000001400a0af1000a0af2538000067
:10423800253000000900052407000424a0d1400f00
:10424800000000001400a0af1000a0af2538000047
:10425800253000000a00052407000424a0d1400fdf
:10426800000000001400a0af1000a0af2538000027
:10427800253000000b00052407000424a0d1400fbe
:10428800000000001400a0af1000a0af2538000007
:10429800253000000c00052407000424a0d1400f9d
:1042a800000000001400a0af1000a0af25380000e7
:1042b800253000000d00052407000424a0d1400f7c
:1042c800000000001400a0af1000a0af25380000c7
:1042d800253000000e00052407000424a0d1400f5b
:1042e800000000001400a0af1000a0af25380000a7
:1042f800253000000f00052407000424a0d1400f3a
:10430800000000000000000025e8c0031c00bf8f6b
:104318001800be8f2000bd270800e0030000000041
:10432800e0ffbd271c00bfaf1800beaf25f0a003fb
:104338001400a0af1000a0af253800002530000001
:104348002528000008000424a0d1400f0000000028
:104358001400a0af1000a0af2538000025300000e1
:104368000100052408000424a0d1400f000000002b
:104378001400a0af1000a0af2538000025300000c1
:104388000200052408000424a0d1400f000000000a
:104398001400a0af1000a0af2538000025300000a1
:1043a8000300052408000424a0d1400f00000000e9
:1043b8001400a0af1000a0af253800002530000081
:1043c8000400052408000424a0d1400f00000000c8
:1043d8001400a0af1000a0af253800002530000061
:1043e8000500052408000424a0d1400f00000000a7
:1043f8001400a0af1000a0af253800002530000041
:104408000600052408000424a0d1400f0000000085
:104418001400a0af1000a0af253800002530000020
:104428000700052408000424a0d1400f0000000064
:104438001400a0af1000a0af25380000010006242a
:104448000800052408000424a0d1400f0000000043
:104458001400a0af1000a0af2538000025300000e0
:104468000900052408000424a0d1400f0000000022
:104478001400a0af1000a0af2538000025300000c0
:104488000a00052408000424a0d1400f0000000001
:104498001400a0af1000a0af2538000025300000a0
:1044a8000b00052408000424a0d1400f00000000e0
:1044b8001400a0af1000a0af253800002530000080
:1044c8000c00052408000424a0d1400f00000000bf
:1044d8001400a0af1000a0af253800002530000060
:1044e8000d00052408000424a0d1400f000000009e
:1044f8001400a0af1000a0af253800002530000040
:104508000e00052408000424a0d1400f000000007c
:104518001400a0af1000a0af25380000253000001f
:104528000f00052408000424a0d1400f000000005b
:104538000000000025e8c0031c00bf8f1800be8fd4
:104548002000bd270800e00300000000e0ffbd27b1
:104558001c00bfaf1800beaf25f0a0031400a0af29
:104568001000a0af253800002530000025280000e5
:1045780009000424a0d1400f000000001400a0afdf
:104588001000a0af253800002530000001000524e8
:1045980009000424a0d1400f000000001400a0afbf
:1045a8001000a0af253800002530000002000524c7
:1045b80009000424a0d1400f000000001400a0af9f
:1045c8001000a0af253800002530000003000524a6
:1045d80009000424a0d1400f000000001400a0af7f
:1045e8001000a0af25380000253000000400052485
:1045f80009000424a0d1400f000000001400a0af5f
:104608001000a0af25380000253000000500052463
:1046180009000424a0d1400f000000001400a0af3e
:104628001000a0af25380000253000000600052442
:1046380009000424a0d1400f000000001400a0af1e
:104648001000a0af25380000253000000700052421
:1046580009000424a0d1400f000000000000000061
:1046680025e8c0031c00bf8f1800be8f2000bd279f
:104678000800e00300000000f8ffbd270400beaffb
:1046880025f0a0030800c4af2510a0002520c00015
:104698002518e0000c00c2a3251080001000c2a35a
:1046a800251060001400c2a30800c28f3100401416
:1046b800000000000c00c293010003240410430012
:1046c8002518400086bf023c340043ac1400c39355
:1046d8000c00c293041043002518400086bf023c1a
:1046e800380043ac0c00c2930100032404104300bb
:1046f8002518400086bf023c440043ac1800c39311
:104708000c00c293041043002518400086bf023ce9
:10471800480043ac0c00c29301000324041043007a
:104728002518400086bf023c040043ac1c00c3931c
:104738000c00c293041043002518400086bf023cb9
:10474800080043ac0c00c29301000324041043008a
:104758002518400086bf023c140043ac1000c393e8
:104768000c00c293041043002518400086bf023c89
:10477800180043ac0800c38f010002243100621402
:10478800000000000c00c293010003240410430041
:104798002518400086bf023c340143ac1400c39383
:1047a8000c00c293041043002518400086bf023c49
:1047b800380143ac0c00c2930100032404104300e9
:1047c8002518400086bf023c440143ac1800c3933f
:1047d8000c00c293041043002518400086bf023c19
:1047e800480143ac0c00c2930100032404104300a9
:1047f8002518400086bf023c040143ac1c00c3934b
:104808000c00c293041043002518400086bf023ce8
:10481800080143ac0c00c2930100032404104300b8
:104828002518400086bf023c140143ac1000c39316
:104838000c00c293041043002518400086bf023cb8
:10484800180143ac0800c38f02000224310062142f
:10485800000000000c00c293010003240410430070
:104868002518400086bf023c340243ac1400c393b1
:104878000c00c293041043002518400086bf023c78
:10488800380243ac0c00c293010003240410430017
:104898002518400086bf023c440243ac1800c3936d
:1048a8000c00c293041043002518400086bf023c48
:1048b800480243ac0c00c2930100032404104300d7
:1048c8002518400086bf023c040243ac1c00c39379
:1048d8000c00c293041043002518400086bf023c18
:1048e800080243ac0c00c2930100032404104300e7
:1048f8002518400086bf023c140243ac1000c39345
:104908000c00c293041043002518400086bf023ce7
:10491800180243ac0800c38f03000224310062145c
:10492800000000000c00c29301000324041043009f
:104938002518400086bf023c340343ac1400c393df
:104948000c00c293041043002518400086bf023ca7
:10495800380343ac0c00c293010003240410430045
:104968002518400086bf023c440343ac1800c3939b
:104978000c00c293041043002518400086bf023c77
:10498800480343ac0c00c293010003240410430005
:104998002518400086bf023c040343ac1c00c393a7
:1049a8000c00c293041043002518400086bf023c47
:1049b800080343ac0c00c293010003240410430015
:1049c8002518400086bf023c140343ac1000c39373
:1049d8000c00c293041043002518400086bf023c17
:1049e800180343ac0800c38f04000224310062148a
:1049f800000000000c00c2930100032404104300cf
:104a08002518400086bf023c340443ac1400c3930d
:104a18000c00c293041043002518400086bf023cd6
:104a2800380443ac0c00c293010003240410430073
:104a38002518400086bf023c440443ac1800c393c9
:104a48000c00c293041043002518400086bf023ca6
:104a5800480443ac0c00c293010003240410430033
:104a68002518400086bf023c040443ac1c00c393d5
:104a78000c00c293041043002518400086bf023c76
:104a8800080443ac0c00c293010003240410430043
:104a98002518400086bf023c140443ac1000c393a1
:104aa8000c00c293041043002518400086bf023c46
:104ab800180443ac0800c38f0500022431006214b7
:104ac800000000000c00c2930100032404104300fe
:104ad8002518400086bf023c340543ac1400c3933c
:104ae8000c00c293041043002518400086bf023c06
:104af800380543ac0c00c2930100032404104300a2
:104b08002518400086bf023c440543ac1800c393f7
:104b18000c00c293041043002518400086bf023cd5
:104b2800480543ac0c00c293010003240410430061
:104b38002518400086bf023c040543ac1c00c39303
:104b48000c00c293041043002518400086bf023ca5
:104b5800080543ac0c00c293010003240410430071
:104b68002518400086bf023c140543ac1000c393cf
:104b78000c00c293041043002518400086bf023c75
:104b8800180543ac0800c38f0600022431006214e4
:104b9800000000000c00c29301000324041043002d
:104ba8002518400086bf023c340643ac1400c3936a
:104bb8000c00c293041043002518400086bf023c35
:104bc800380643ac0c00c2930100032404104300d0
:104bd8002518400086bf023c440643ac1800c39326
:104be8000c00c293041043002518400086bf023c05
:104bf800480643ac0c00c293010003240410430090
:104c08002518400086bf023c040643ac1c00c39331
:104c18000c00c293041043002518400086bf023cd4
:104c2800080643ac0c00c29301000324041043009f
:104c38002518400086bf023c140643ac1000c393fd
:104c48000c00c293041043002518400086bf023ca4
:104c5800180643ac0800c38f070002243100621411
:104c6800000000000c00c29301000324041043005c
:104c78002518400086bf023c340743ac1400c39398
:104c88000c00c293041043002518400086bf023c64
:104c9800380743ac0c00c2930100032404104300fe
:104ca8002518400086bf023c440743ac1800c39354
:104cb8000c00c293041043002518400086bf023c34
:104cc800480743ac0c00c2930100032404104300be
:104cd8002518400086bf023c040743ac1c00c39360
:104ce8000c00c293041043002518400086bf023c04
:104cf800080743ac0c00c2930100032404104300ce
:104d08002518400086bf023c140743ac1000c3932b
:104d18000c00c293041043002518400086bf023cd3
:104d2800180743ac0800c38f08000224310062143e
:104d3800000000000c00c29301000324041043008b
:104d48002518400086bf023c340843ac1400c393c6
:104d58000c00c293041043002518400086bf023c93
:104d6800380843ac0c00c29301000324041043002c
:104d78002518400086bf023c440843ac1800c39382
:104d88000c00c293041043002518400086bf023c63
:104d9800480843ac0c00c2930100032404104300ec
:104da8002518400086bf023c040843ac1c00c3938e
:104db8000c00c293041043002518400086bf023c33
:104dc800080843ac0c00c2930100032404104300fc
:104dd8002518400086bf023c140843ac1000c3935a
:104de8000c00c293041043002518400086bf023c03
:104df800180843ac0800c38f09000224310062146c
:104e0800000000000c00c2930100032404104300ba
:104e18002518400086bf023c340943ac1400c393f4
:104e28000c00c293041043002518400086bf023cc2
:104e3800380943ac0c00c29301000324041043005a
:104e48002518400086bf023c440943ac1800c393b0
:104e58000c00c293041043002518400086bf023c92
:104e6800480943ac0c00c29301000324041043001a
:104e78002518400086bf023c040943ac1c00c393bc
:104e88000c00c293041043002518400086bf023c62
:104e9800080943ac0c00c29301000324041043002a
:104ea8002518400086bf023c140943ac1000c39388
:104eb8000c00c293041043002518400086bf023c32
:104ec800180943ac0000000025e8c0030400be8fa9
:104ed8000800bd270800e00300000000e8ffbd2728
:104ee8001400bfaf1000beaf25f0a0033e3e400f38
:104ef8000000000036cd400f00000000a1cd400f9b
:104f08000000000045ce400f0000000095ce400f85
:104f1800000000002ccf400f0000000087cf400f9a
:104f280000000000dacf400f000000003fd0400f23
:104f380000000000cad0400f0000000055d1400f0b
:104f480000000000513e400f000000000100022454
:104f580025e8c0031400bf8f1000be8f1800bd27be
:084f68000800e0030000000056
:020000040000fa
:020000041d03da
:104f7000436f6e66696775726174696f6e00000ccd
:104f80005553422047656e6572616c00555342204f
:104f90004672616d696e67005553422050617269b7
:104fa00074790000555342204f76657272756e0019
:104fb00055534220545820444d410000555342203f
:104fc000525820444d410000446561646d616e207b
:104fd00054696d657200000c53797374656d2042dd
:104fe00075732050726f74656374696f6e205669b3
:104ff0006f6c6174696f6e0050726566657463688a
:10500000204d6f64756c652053454300436c6f639e
:105010006b204661696c75726500000c57617463a2
:1050200068646f672054696d65722054696d656f9f
:1050300075740000446561646d616e2054696d652e
:10504000722054696d656f757400000c4d435520d6
:105050005644442042726f776e6f75740000000ce6
:105060004d43552056444420484c56442042726fcc
:10507000776e6f757400000c4d43552056444420e4
:10508000436f726520484c56442042726f776e6fb2
:1050900075740000414443205265666572656e6315
:1050a00065204661756c740041444320436f6e6611
:1050b000696775726174696f6e204572726f7200f4
:1050c00044445232204d504c4c20566f6c746167f2
:1050d0006520526567756c61746f722054696d65e7
:1050e0006f75740044445232204d504c4c204c6f2c
:1050f000636b2054696d656f7574000044445232cf
:1051000020496e697420436f6d6d616e6420536534
:105110007175656e63652054696d656f7574000007
:10512000444452322053656c662d43616c6962724f
:105130006174696f6e2054696d656f757400000c41
:105140004444523220426f6f742053656c662d5474
:10515000657374204661696c6564000053797374eb
:10516000656d20436c6f636b20496e697400000ca1
:105170004865617274626561742054696d6572205e
:10518000496e69740000000c555342205541525439
:1051900020496e697400000c50726566657463681e
:1051a00020496e697400000c506572697068657200
:1051b000616c204d6f64756c652044697361626c2d
:1051c0006520496e697400005761746368646f6795
:1051d0002054696d657220496e69740052544343ce
:1051e00020496e697400000c41444320496e697483
:1051f0000000000c493243204d61737465722049f0
:105200006e697400484c564420496e697400000c65
:105210004444523220496e697400000c5072696e29
:1052200074732068656c70206d65737361676520a9
:10523000666f7220616c6c20737570706f7274652c
:10524000642073657269616c20636f6d6d616e645b
:105250007300000c48656c70000000003100000015
:105260003000000033000000537570706f72746579
:105270006420436f6d6d616e64733a0a0d00000027
:105280002020202025733a2025730d0a00000000fd
:105290000d0a48656c70206d6573736167657320d6
:1052a000616e64206e65757472616c2072657370d6
:1052b0006f6e7365732061707065617220696e2016
:1052c00079656c6c6f770a0d0000000032000000f9
:1052d00053797374656d20706172616d6574657268
:1052e0007320616e642061666669726d61746976af
:1052f0006520726573706f6e736573206170706581
:10530000617220696e20677265656e0a0d0000008b
:10531000360000004d6561737572656d656e7420b1
:10532000726573706f6e7365732061707065617202
:1053300020696e206379616e0a0d0000350000005f
:10534000557267656e742f696e74657272757074cc
:10535000206d65737361676573206170706561723c
:1053600020696e206d6167656e74610a0d00000032
:105370004572726f727320616e64206e656761742e
:1053800069766520726573706f6e736573206170e6
:105390007065617220696e207265640a0d000000fc
:1053a0005573657220696e707574206170706561e7
:1053b000727320696e2077686974650a0d000000b9
:1053c000457865637574657320616e204d43552083
:1053d000736f66747761726520726573657400001f
:1053e0005265736574000000436c656172732074cc
:1053f00068652073657269616c20706f72742074c7
:1054000065726d696e616c00436c656172205363f7
:105410007265656e000000005072696e74732069d9
:1054200064656e74696669636174696f6e20737414
:1054300072696e67000000002a49444e3f00000078
:10544000302e3200446563656d6265722032303201
:1054500034000000546865726d616c2043616d65b5
:105460007261000025732062792044726577204db7
:105470006161746d616e2c2025732c204657207657
:10548000657273696f6e2025730d0a005072696e24
:1054900074732070726f6a65637420476974207238
:1054a00065706f206c6f636174696f6e000000003f
:1054b0005265706f7369746f72793f0068747470ad
:1054c000733a2f2f6769746875622e636f6d2f644e
:1054d00072657773756d2f546865726d616c5f438b
:1054e000616d65726100000050726f6a65637420bf
:1054f000476974207265706f7369746f727920697f
:105500007320686f737465642061743a2025730d8d
:105510000a0000005072696e7473207374617475b0
:1055200073206f66204d435520686f737420646547
:105530007669636520284944732c205744542c20f5
:10554000444d542c2050726566657463682c20436a
:1055500061757365206f662052657365742c2075c4
:10556000702074696d652900486f737420537461ed
:105570007475733f00000000486f737420466972b1
:105580006d776172652056657273696f6e3a20257a
:10559000730d0a00486f7374204465766963652053
:1055a0004944733a0d000000202020205049433325
:1055b000324d5a2053657269616c204e756d62657b
:1055c00072207265747269657665642066726f6dab
:1055d00020466c6173683a2025730a0d00000000b4
:1055e0002020202044657669636520494420726547
:1055f000747269657665642066726f6d20466c61b1
:1056000073683a202573202830782558290a0d0020
:10561000202020205265766973696f6e20494420ee
:105620007265747269657665642066726f6d204676
:105630006c6173683a202573202830782558290a30
:105640000d0000004361757365206f66206d6f73f8
:105650007420726563656e74206465766963652085
:1056600072657365743a2025730d0a0055702074b5
:10567000696d652073696e6365206c617374206465
:1056800065766963652072657365743a2025730acf
:105690000d0000000808203c706572697068657232
:1056a000616c5f6e616d653e3a205072696e747315
:1056b00020737461747573206f66207061737365f5
:1056c0006420686f737420706572697068657261b8
:1056d0006c2e20417661696c61626c652070657228
:1056e0006970686572616c733a0d0a202020202071
:1056f0002020496e74657272757074730d0a2020d3
:105700002020202020436c6f636b730d0a20202023
:1057100020202020504d440d0a2020202020202031
:105720005744540d0a20202020202020444d540da1
:105730000a20202020202020484c56440d0a2020fa
:105740002020202020444452320d0a2020202020f6
:10575000202050726566657463680d0a2020202041
:10576000202020444d410d0a2020202020202041cf
:1057700044430d0a20202020202020414443204380
:1057800068616e6e656c730d0a2020202020202039
:10579000493243204d61737465720d0a2020202028
:1057a000202020525443430d0a2020202020202076
:1057b00054696d6572203c783e202878203d203168
:1057c0002d3929005065726970686572616c2053cb
:1057d00074617475733f000050657269706865721a
:1057e000616c205374617475733f20255b5e090af8
:1057f0000d5d0000496e74657272757074730000ff
:10580000436c6f636b730000504d44005744540069
:10581000444d5400484c5644000000004444523269
:105820000000000050726566657463680000000047
:10583000444d4100414443204368616e6e656c7382
:105840000000000041444300525443430000000064
:10585000493243204d617374657200004932432020
:10586000427573204d617374657220436f6e74725c
:105870006f6c6c6572205374617475733a0d00001f
:1058800054696d657220000054696d65722025753c
:1058900000000000506c6561736520656e74657270
:1058a00020612074696d6572206e756d626572206d
:1058b0006265747765656e203120616e6420392cd5
:1058c000207573657220656e746572656420257538
:1058d0000d0a0000506c6561736520656e74657219
:1058e0002061207065726970686572616c20746fe8
:1058f0002076696577207374617475732e20526504
:105900006365697665642025732061732070657214
:105910006970686572616c206e616d650d0a0000ca
:105920005065726970686572616c73207468617427
:105930002063616e206265206d6f6e69746f7265a1
:105940006420696e636c7564653a0d0a20202049f5
:105950006e74657272757074730d0a202020436c2a
:105960006f636b730d0a202020504d440d0a2020d8
:10597000205744540d0a202020444d540d0a202065
:1059800020484c56440d0a202020444452320d0a2f
:105990002020204144430d0a20202041444320433d
:1059a00068616e6e656c730d0a202020507265660a
:1059b000657463680d0a202020444d410d0a2020a3
:1059c00020493243204d61737465720d0a202020f6
:1059d000525443430d0a20202054696d6572203cc7
:1059e000783e202878203d20312d39290d000000f7
:1059f00052756e73206120444553545255435449a7
:105a0000564520726561642f777269746520696eee
:105a1000746567726974792074657374206f766534
:105a20007220616c6c2033324d42206f66204444fa
:105a30005232202864617461206275732c20616485
:105a40006472657373206275732c2066756c6c2d9f
:105a500061727261792920616e64207072696e745e
:105a60007320706173732f6661696c004444523215
:105a70002053656c66205465737400005072696e23
:105a800074732074686520737461747573206f6615
:105a900020766172696f7573206572726f7220680b
:105aa000616e646c657220666c6167730000000053
:105ab0004572726f72205374617475733f000000f9
:105ac0000a0d43616c6c2027436c6561722045723e
:105ad000726f72732720636f6d6d616e6420746fd7
:105ae00020636c65617220616e79206572726f72dd
:105af0007320746861742068617665206265656ee4
:105b0000207365740a0d0000436c65617273206137
:105b10006c6c206572726f722068616e646c657265
:105b200020666c6167730000436c6561722045728a
:105b3000726f7273000000004572726f72204861cc
:105b40006e646c657220666c61677320636c65615e
:105b50007265640a0d0000005072696e74732063f0
:105b6000757272656e74207374617465206f66203f
:105b7000737572726f756e64696e672063697263a4
:105b800075697472792c20696e636c7564696e67cf
:105b90002050474f4f442c2074696d65206f66205c
:105ba000666c696768742c2049324320736c617697
:105bb00065730000506c6174666f726d2053746180
:105bc0007475733f0000000041000000506c617468
:105bd000666f726d205265766973696f6e3a202523
:105be000730d0a00546f67676c6573206c69766586
:105bf0002075706461746573206f662073797374a7
:105c0000656d206c6576656c2074656c656d65747a
:105c1000727900004c6976652054656c656d657419
:105c200072790000456e61626c696e67204c69761e
:105c3000652054656c656d657472790a0d0000000d
:105c400044697361626c696e67204c6976652054a3
:105c5000656c656d657472790a0d00005072696e2d
:105c60007473207468652063757272656e74207336
:105c7000797374656d2074696d6520616e6420644c
:105c80006174650054696d6520616e6420446174bf
:105c9000653f000043757272656e7420737973748a
:105ca000656d2074696d6520616e64206461746542
:105cb0003a0d0a20202000000808203c7061726123
:105cc0006d657465723e3a203c706172616d6574f9
:105cd000657220617267733e3a2073657473206148
:105ce0002074696d6520706172616d6574657220e4
:105cf00077697468696e20746865205265616c20ec
:105d000054696d6520436c6f636b20616e64204342
:105d1000616c656e6461722e20417661696c6162ae
:105d20006c6520706172616d65746572733a0d0afd
:105d300020202020202020446174653a203c6d6d95
:105d40003e2f3c64643e2f3c797979793e3a20536a
:105d500065747320746865205254434320646174f1
:105d600065200d0a2020202020202054696d653aee
:105d7000203c68683e3a3c6d6d3e3a3c73733e3a57
:105d80002053657473207468652052544343207413
:105d9000696d652e20284d7573742062652032343c
:105da0002068722074696d6520666f726d61742958
:105db0000d0a202020202020205765656b64617922
:105dc0003a203c7765656b6461793e3a205365748f
:105dd00073207468652052544343207765656b6473
:105de00061790d0a20202020202020556e6978201e
:105df00054696d653a203c646563696d616c20751a
:105e00006e69782074696d653e2c203c686f7572f0
:105e1000206f66667365742066726f6d20555443fb
:105e200020746f206c6f63616c2074696d653e3afd
:105e30002073657473207468652052544343207442
:105e40006f2074686520737570706c696564205587
:105e50004e49582074696d65207769746820686fb1
:105e60007572206f66667365742066726f6d20555b
:105e70005443000053657420525443433a000000d9
:105e800053657420525443433a20255b5e090a0d42
:105e90005d000000446174653a200000446174654f
:105ea0003a20253132752f253132752f2531347541
:105eb0000000000053657420525443432064617411
:105ec0006520617320253032752f253032752f25de
:105ed0003034750d0a000000456e74657220612033
:105ee00076616c69642064617465206166746572b2
:105ef0002030312f30312f323030302e2055736525
:105f00007220656e746572656420253032752f25a8
:105f10003032752f253034750d0a000054696d65d7
:105f20003a20000054696d653a20253132753a25d2
:105f30003132753a25313275000000005365742006
:105f4000525443432074696d6520617320253032bb
:105f5000753a253032753a25303275202832342092
:105f600068722074696d6520666f726d6174290da9
:105f70000a0000005765656b6461793a20000000f3
:105f80005765656b6461793a2025730053756e64bb
:105f9000617900004d6f6e6461790000547565731e
:105fa000646179005765646e65736461790000000f
:105fb0005468757273646179000000004672696408
:105fc00061790000536174757264617900000000aa
:105fd0005365742052544343207765656b6461793f
:105fe0002061732025730d0a00000000506c65616c
:105ff000736520656e74657220612076616c6964da
:1060000020646179206f6620746865207765656b10
:106010006461792e20496e70757420697320636104
:1060200073652073656e7369746976652c2075736a
:10603000657220656e74657265642025730d0a00b3
:10604000556e69782054696d653a2000556e6978ff
:106050002054696d653a20256c752c20256400005c
:1060600053657420525443432074696d65206173f5
:1060700020253032753a253032753a253032750d8b
:106080000a000000506c6561736520656e7465726e
:1060900020616e205254434320706172616d6574bb
:1060a000657220746f207365742c2061732077658e
:1060b0006c6c20617320776861742074686174204f
:1060c000706172616d657465722073686f756c6460
:1060d0002062652073657420746f0d0041766169dc
:1060e0006c61626c6520706172616d65746572735c
:1060f000206172653a0d0000202020204461746503
:106100003a203c6d6d3e2f3c64643e2f3c7979799a
:10611000793e3a2053657473207468652052544365
:10612000432064617465200d0000000020202020c1
:1061300054696d653a203c68683e3a3c6d6d3e3a64
:106140003c73733e3a205365747320746865205223
:106150005443432074696d652e20284d7573742057
:1061600062652032342068722074696d65290d00e3
:10617000202020205765656b6461793a203c776563
:10618000656b6461793e3a20536574732074686569
:106190002052544343207765656b6461790d00009c
:1061a00020202020556e69782054696d653a203c86
:1061b000646563696d616c20756e69782074696dc2
:1061c000653e2c203c686f7572206f66667365743f
:1061d0002066726f6d2055544320746f206c6f637e
:1061e000616c2074696d653e3a2073657473207428
:1061f0006865205254434320746f2074686520738f
:106200007570706c69656420554e49582074696dcd
:1062100065207769746820686f7572206f66667391
:1062200065742066726f6d205554430d00000000a8
:10623000456e61626c65732074686520464c4952f6
:1062400020312e325620616e6420322e3856207056
:106250006f77657220737570706c69657320616efd
:106260006420626c6f636b7320756e74696c20744c
:10627000686569722050474f4f44207369676e61ab
:106280006c7320676f20686967680000464c49524c
:1062900020506f776572204f6e000000456e61627e
:1062a0006c696e6720464c495220706f776572208a
:1062b000737570706c6965732e2e2e0d00000000d2
:1062c000202020202b312e325620737570706c796f
:1062d0002050474f4f4420697320686967680d005c
:1062e000202020202b322e385620737570706c7948
:1062f0002050474f4f4420697320686967680d003c
:1063000020202020464c495220436c6f636b20456f
:106310006e61626c65640d0020202020464c49525d
:106320002050575220446f776e205369676e616c1e
:106330002064652d61737365727465640d000000df
:1063400020202020464c49522052657365742073ea
:1063500069676e616c2064652d6173736572746525
:10636000640d0000464c495220706f7765722073af
:106370007570706c69657320656e61626c65642c04
:1063800020616c6c2050474f4f44207369676e61e9
:106390006c732061726520686967680d00000000f9
:1063a00044697361626c65732074686520464c496a
:1063b0005220312e325620616e6420322e38562003
:1063c000706f77657220737570706c69657300000b
:1063d000464c495220506f776572204f6666000028
:1063e000464c495220706f77657220737570706cdf
:1063f0006965732064697361626c65640d000000f7
:10640000436f6e66696775726174696f6e00000c28
:106410005553422047656e6572616c0055534220aa
:106420004672616d696e6700555342205061726912
:1064300074790000555342204f76657272756e0074
:1064400055534220545820444d410000555342209a
:10645000525820444d410000446561646d616e20d6
:1064600054696d657200000c53797374656d204238
:1064700075732050726f74656374696f6e2056690e
:106480006f6c6174696f6e005072656665746368e5
:10649000204d6f64756c652053454300436c6f63fa
:1064a0006b204661696c75726500000c57617463fe
:1064b00068646f672054696d65722054696d656ffb
:1064c00075740000446561646d616e2054696d658a
:1064d000722054696d656f757400000c4d43552032
:1064e0005644442042726f776e6f75740000000c42
:1064f0004d43552056444420484c56442042726f28
:10650000776e6f757400000c4d435520564444203f
:10651000436f726520484c56442042726f776e6f0d
:1065200075740000414443205265666572656e6370
:1065300065204661756c740041444320436f6e666c
:10654000696775726174696f6e204572726f72004f
:1065500044445232204d504c4c20566f6c7461674d
:106560006520526567756c61746f722054696d6542
:106570006f75740044445232204d504c4c204c6f87
:10658000636b2054696d656f75740000444452322a
:1065900020496e697420436f6d6d616e6420536590
:1065a0007175656e63652054696d656f7574000063
:1065b000444452322053656c662d43616c696272ab
:1065c0006174696f6e2054696d656f757400000c9d
:1065d0004444523220426f6f742053656c662d54d0
:1065e000657374204661696c656400005379737447
:1065f000656d20436c6f636b20496e697400000cfd
:106600004865617274626561742054696d657220b9
:10661000496e69740000000c555342205541525494
:1066200020496e697400000c507265666574636879
:1066300020496e697400000c50657269706865725b
:10664000616c204d6f64756c652044697361626c88
:106650006520496e697400005761746368646f67f0
:106660002054696d657220496e6974005254434329
:1066700020496e697400000c41444320496e6974de
:106680000000000c493243204d617374657220494b
:106690006e697400484c564420496e697400000cc1
:1066a0004444523220496e697400000c010101001b
:1066b00000000000a000000100010000000407002d
:1066c00000000001020000000400000000010300bf
:1066d00000000400000000010100000004000000b0
:1066e00000010000530bc80000010001000000047d
:1066f000070000000101000000003300000001015c
:10670000000000003300000000010000530a0400f4
:1067100000000001010080030400000000010100ee
:1067200000008c003100000030000000320000004a
:106730004444523220534452414d2053656c662ddf
:10674000546573743a0d00002020202044445232d6
:10675000206973206e6f7420696e697469616c6959
:106760007a65642f7265616479202d2d2061626fd6
:106770007274696e672e0d00330000002020202007
:106780005741524e494e473a2074686973206f76dc
:10679000657277726974657320616c6c2033324d59
:1067a00042206f6620444452322e20446f206e6f88
:1067b000742072756e2069660d0a20202020616e9b
:1067c000797468696e6720286672616d65627566a6
:1067d0006665722c20686561702920697320757365
:1067e000696e672069742e0d0000000020202020b3
:1067f0005b70726f62655d2044697374696e637467
:106800002d6d61726b657220726561646261636b8c
:106810002028666972737420313620776f72647332
:10682000293a0d002020202020202020776f72643c
:106830002025327520403078253036583a2077723e
:106840006f74652030782530385820726561642077
:1068500030782530385820204f4b0d0a00000000ba
:106860002020202020202020776f72642025327580
:1068700020403078253036583a2077726f74652082
:1068800030782530385820726561642030782530a2
:10689000385820203c2d20776f72642025642773a0
:1068a000206d61726b6572202841444452455353f8
:1068b00020616c696173696e67290d0a0000000030
:1068c0002020202020202020776f72642025327520
:1068d00020403078253036583a2077726f74652022
:1068e0003078253038582072656164203078253042
:1068f00038582020646966663d3078253038582045
:1069000028444154412062697473290d0a00000033
:10691000202020205b70726f62655d20726561646b
:106920002f7772697465206469736372696d696e2b
:1069300061746f723a2077726f7465203131313132
:1069400031313131407732207468656e2032323215
:1069500032323232324077303b20773220726561fa
:106960006473203078253038580d0a00202020200c
:1069700020202020202020202d3e207730207772dc
:1069800069746520646964204e4f5420646973748f
:106990007572622077323a20627572737420636f69
:1069a0006c6c61707365206973206f6e207468650c
:1069b000205245414420706174680d002020202041
:1069c00020202020202020202d3e2077302077728c
:1069d000697465206c616e64656420696e2077322d
:1069e000277320736c6f743a20627572737420631e
:1069f0006f6c6c61707365206973206f6e207468b2
:106a00006520575249544520706174680d0000009c
:106a10002020202020202020202020202d3e2075f6
:106a20006e65787065637465642076616c75653a2f
:106a3000206d697865642f6f746865722066617572
:106a40006c740d00202020205b70726f62655d20e9
:106a500063616368656420767320756e6361636843
:106a600065642072656164206f66206f6e652031f9
:106a7000362d6279746520626c6f636b3a0d00008d
:106a8000202020202020202020202020776f7264ca
:106a90002025753a2077726f74652030782530385c
:106aa000582020756e6361636865642030782530f6
:106ab0003858202063616368656420307825303859
:106ac000580d0a00202020205b312f335d204461c7
:106ad000746120627573202877616c6b696e672d15
:106ae0003173292e2e2e2e2e2e2e2e200000000049
:106af000504153530d0000004641494c2028666127
:106b0000756c7479206461746120626974733a20d1
:106b1000307825303858290d0a0000002020202028
:106b20005b322f335d20416464726573732062753c
:106b3000732e2e2e2e2e2e2e2e2e2e2e2e2e2e2e30
:106b40002e2e2e20000000004641494c2028616472
:106b50006472657373206c696e6520616c69617322
:106b6000696e67290d000000202020205b332f3341
:106b70005d2046756c6c2033324d422063656c6c31
:106b800020746573742028612066657720736563bf
:106b90006f6e6473293a0d0a2020202020202020c7
:106ba000000000000d0000002020202020202020d8
:106bb000504153532028257520776f726473202f1e
:106bc0002033324d42207665726966696564290d0d
:106bd0000a00000020202020202020204641494c8f
:106be00020617420776f7264202575202862797483
:106bf00065206f66667365742030782530385829b3
:106c00003a20657870656374656420307825303883
:106c1000582c20676f74203078253038580d0a00c2
:106c200050415353000000004641494c0000000011
:106c3000202020204f766572616c6c3a2025730d00
:106c40000a0000004444523220534452414d204334
:106c50006f6e74726f6c6c657220537461747573af
:106c60003a0d0000526561647920666f722072658a
:106c70006164732f77726974657300004e4f5420fe
:106c80007265616479000000202020204f766572d3
:106c9000616c6c2053746174653a2025730d0a0091
:106ca00020202020436c6f636b7320616e64205042
:106cb0004c4c3a0d000000004c6f636b65640000a3
:106cc0004e6f7420526561647900000020202020fe
:106cd000202020204d656d6f727920504c4c20286b
:106ce0004d504c4c293a2025730d0a0052656164c1
:106cf0007900000020202020202020204d504c4ce6
:106d000020566f6c7461676520526567756c61749d
:106d10006f723a2025730d0a000000002020202009
:106d2000202020204d504c4c2056434f3a202575b2
:106d3000204d487a20282575204d487a20504f5301
:106d400043202f2025752078202575290d0a000065
:106d500020202020202020204d504c4c204f7574a6
:106d60007075743a202575204d487a202856434f77
:106d7000202f202575202f202575290d0a000000c1
:106d80002020202020202020444452322028445219
:106d9000414d2920436c6f636b3a202575204d4887
:106da0007a2028322078204d504c4c206f7574701a
:106db00075742c20706572207265666572656e63ed
:106dc0006520636c6f636b206d6f64656c290d0ac1
:106dd000000000002020202020202020436f6e741f
:106de000726f6c6c657220436c6f636b3a20257513
:106df000204d487a202868616c662d726174652c7c
:106e0000204452414d20636c6f636b202f20322948
:106e10000d0a0000202020202020202044617461e1
:106e200020526174653a202575204d542f73202817
:106e30004444522c20626f746820636c6f636b2033
:106e40006564676573290d0a000000004578746564
:106e5000726e616c20646976696465722028696e5f
:106e60007465726e616c2064697361626c65642024
:106e7000706572206572726174756d2023323129dc
:106e800000000000496e7465726e616c20284e4fe0
:106e90004e2d46554e4354494f4e414c2c20736560
:106ea00065206572726174756d202332312900008e
:106eb00020202020202020204444525652454620a5
:106ec000536f757263653a2025732028494e5456d6
:106ed000524546434f4e3d2575290d0a00000000de
:106ee00020202020436f6e74726f6c6c65723a0db7
:106ef00000000000446f6e6520286e6f726d616c3b
:106f0000206f7065726174696f6e29004e6f742016
:106f1000636f6d706c657465000000002020202098
:106f200020202020496e697469616c697a617469f6
:106f30006f6e3a2025730d0a0000000050617373d4
:106f4000656400004661696c65642f4e6f74205261
:106f5000756e0000202020202020202053656c66c4
:106f60002d43616c6962726174696f6e20285343ae
:106f70004c293a206c6f776572206c616e65202514
:106f8000732c207570706572206c616e652025739e
:106f90000d0a000048616c662d7261746500000086
:106fa00046756c6c2d7261746500000020202020f5
:106fb000202020205472616e73666572204d6f64cc
:106fc000653a2025730d0a00456e61626c65642088
:106fd00028657665727920616363657373290000a3
:106fe00044697361626c6564000000002020202009
:106ff000202020204175746f2d5072656368617286
:1070000067653a2025730d0a00000000202020202b
:10701000202020204f6e2d446965205465726d69d3
:107020006e6174696f6e20284f4454293a0d000038
:10703000456e61626c6564002020202020202020a5
:107040002020202050485920706164204f44542053
:10705000284f4454454e293a2025730d0a0000005c
:10706000313530206f686d003735206f686d000056
:107070002020202020202020202020205465726df8
:10708000696e6174696f6e20284f445453454c29d2
:107090003a2025730d0a00002020202020202020e7
:1070a000202020205061642063616c20284f4454cc
:1070b000505543414c2f4f4454504443414c293a7e
:1070c000202575202f2025750d0a0000417373655a
:1070d00072746564000000004e4f54206173736544
:1070e00072746564000000002020202020202020f1
:1070f00020202020436f6e74726f6c6c657220725a
:10710000656164204f445420284f445452454e2911
:107110003a2025730d0a00004e6f74206173736569
:1071200072746564000000002020202020202020b0
:1071300020202020436f6e74726f6c6c6572207714
:1071400072697465204f445420284f445457454e6b
:10715000293a2025730d0a002020202020202020fd
:10716000202020204f445420647572696e6720539c
:10717000434c2077726974657320284f44544353fd
:1071800057293a2025730d0a0000000020202020f6
:1071900020202020202020204444524f44544346a5
:1071a000473d30782530385820204444524f4454cd
:1071b000454e4346473d3078253038580d0a00008b
:1071c0004269672d656e6469616e00004c69747474
:1071d0006c652d656e6469616e00000020202020c2
:1071e000202020204461746120456e6469616e6ec8
:1071f0006573733a2025730d0a00000020202020bb
:1072000054696d696e673a0d00000000202020204f
:1072100020202020434153204c6174656e63792007
:1072200028434c293a2025642c2052656164204c67
:107230006174656e63792028524c293a2025642cac
:10724000205772697465204c6174656e63792028db
:10725000574c293a2025640d0a00000020202020e8
:10726000202020204275727374204c656e6774680c
:107270003a20257520284452414d206d6f646520c9
:107280007265676973746572290d0a0020202020d9
:10729000202020204452414d20506572696f6420a7
:1072a0002874434b293a2025642070732c20436fa7
:1072b0006e74726f6c6c657220506572696f643a9f
:1072c0002025642070730d0a00000000202020207b
:1072d0002020202041432074696d696e672028704a
:1072e00073293a20745243442025642c2074525050
:1072f0002025642c20745241532025642c20745284
:10730000432025642c20745246432025642c20748d
:1073100057522025640d0a00202020202020202004
:107320005265667265736820496e74657276616c29
:1073300020287452454649293a202564207073203c
:10734000205b524546434e543d25752c2052454600
:10735000444c593d25752c204d4158524546533dce
:1073600025755d0d0a0000002020202047656f6d07
:107370006574727920616e64204164647265737310
:10738000204d61703a0d0000202020202020202078
:107390004f7267616e697a6174696f6e3a2031333a
:1073a00020726f77202f20322062616e6b202f2099
:1073b0003920636f6c756d6e20626974732c203197
:1073c000362d62697420646174612c2031206368f9
:1073d00069702073656c6563740d000020202020a7
:1073e0002020202043617061636974793a20333230
:1073f000204d422028342c3139342c333034206c49
:107400006f636174696f6e73207820342062616edf
:107410006b7320782031362062697473290d000067
:107420002020202020202020506879736963616c1f
:107430003a203078253038582020204b53454730ab
:107440002028636163686564293a203078253038e4
:10745000582020204b534547312028756e636163c7
:10746000686564293a203078253038580d0a0000c4
:1074700020202020526177205265676973746572fd
:10748000733a0d0020202020202020204346474d25
:10749000504c4c3d30782530385820204444524dd3
:1074a000454d434f4e3d30782530385820204444d8
:1074b0005253434c53544152543d30782530385840
:1074c0000d0a000020202020202020204444524d7e
:1074d000454d434647303d307825303858202044cc
:1074e00044525245464346473d307825303858206f
:1074f00020444452584645524346473d3078253053
:1075000038580d0a000000002020202020202020d4
:10751000444452444c5943464720303d307825304e
:10752000385820313d30782530385820323d307879
:107530002530385820333d3078253038580d0a0032
:1075400020202020202020204444525048595041df
:1075500044434f4e3d3078253038580d0a00000026
:10756000202020202020202044445253434c4c41d2
:10757000543d307825303858202044445253434cf1
:10758000434647303d307825303858202044445217
:1075900053434c434647313d3078253038580d0a27
:1075a00000000000202020202020202044445250b1
:1075b0004859444c4c523d307825303858202044ae
:1075c000445241444c4c4259503d30782530385853
:1075d0002020444452504859434c4b444c593d3070
:1075e00078253038580d0a00202020204272696e1c
:1075f000672d7570204572726f72733a0d0000002e
:1076000020202020202020204d504c4c20766f6cd4
:107610007461676520726567756c61746f72207242
:10762000656164792074696d656f75740d00000083
:1076300020202020202020204d504c4c206c6f63b7
:107640006b2074696d656f75740d0000202020201b
:1076500020202020496e697420636f6d6d616e6417
:107660002073657175656e63652074696d656f75ee
:10767000740d0000202020202020202053656c66ff
:107680002d63616c6962726174696f6e2074696ddb
:10769000656f75740d000000202020202020202020
:1076a0004e6f6e650d0000004c3d2e1f88796a5ba1
:1076b000f0e1d2c33d2c1b0a6b7a8f9e7f6e5c4d2e
:1076c000c3d2e1f066554433ddccbbaaaa998877d2
:1076d00034dcfe127698ba56dec0addecefaedfe90
:1076e0000df0ad8bb5006bb1fecaad0bdec0ed1c6d
:0876f000eeefac2fa5e51c3df7
:020000040000fa
:020000041d03da
:1076f8003000000032000000310000007072657335
:10770800656e7400616273656e740000202020202d
:107718004368616e6e656c20414e30206973202588
:10772800730a0d00202020204368616e6e656c206e
:10773800414e312069732025730a0d002020202036
:107748004368616e6e656c20414e32206973202556
:10775800730a0d00202020204368616e6e656c203e
:10776800414e332069732025730a0d002020202004
:107778004368616e6e656c20414e34206973202524
:10778800730a0d00202020204368616e6e656c200e
:10779800414e352069732025730a0d0020202020d2
:1077a8004368616e6e656c20414e362069732025f2
:1077b800730a0d00202020204368616e6e656c20de
:1077c800414e372069732025730a0d0020202020a0
:1077d8004368616e6e656c20414e382069732025c0
:1077e800730a0d00202020204368616e6e656c20ae
:1077f800414e392069732025730a0d00202020206e
:107808004368616e6e656c20414e3130206973208b
:1078180025730a0d00000000202020204368616eb7
:107828006e656c20414e31312069732025730a0d35
:1078380000000000202020204368616e6e656c20e7
:10784800414e31322069732025730a0d0000000073
:10785800202020204368616e6e656c20414e3133d4
:107868002069732025730a0d0000000020202020c5
:107878004368616e6e656c20414e31342069732017
:1078880025730a0d00000000202020204368616e47
:107898006e656c20414e31352069732025730a0dc1
:1078a80000000000202020204368616e6e656c2077
:1078b800414e31362069732025730a0d00000000ff
:1078c800202020204368616e6e656c20414e313760
:1078d8002069732025730a0d000000002020202055
:1078e8004368616e6e656c20414e313820697320a3
:1078f80025730a0d00000000202020204368616ed7
:107908006e656c20414e31392069732025730a0d4c
:1079180000000000202020204368616e6e656c2006
:10792800414e32302069732025730a0d0000000093
:10793800202020204368616e6e656c20414e3231f4
:107948002069732025730a0d0000000020202020e4
:107958004368616e6e656c20414e32322069732037
:1079680025730a0d00000000202020204368616e66
:107978006e656c20414e32332069732025730a0de1
:1079880000000000202020204368616e6e656c2096
:10799800414e32342069732025730a0d000000001f
:1079a800202020204368616e6e656c20414e323580
:1079b8002069732025730a0d000000002020202074
:1079c8004368616e6e656c20414e323620697320c3
:1079d80025730a0d00000000202020204368616ef6
:1079e8006e656c20414e32372069732025730a0d6d
:1079f80000000000202020204368616e6e656c2026
:107a0800414e32382069732025730a0d00000000aa
:107a1800202020204368616e6e656c20414e32390b
:107a28002069732025730a0d000000002020202003
:107a38004368616e6e656c20414e33302069732057
:107a480025730a0d00000000202020204368616e85
:107a58006e656c20414e33312069732025730a0d01
:107a680000000000202020204368616e6e656c20b5
:107a7800414e33322069732025730a0d000000003f
:107a8800202020204368616e6e656c20414e3333a0
:107a98002069732025730a0d000000002020202093
:107aa8004368616e6e656c20414e333420697320e3
:107ab80025730a0d00000000202020204368616e15
:107ac8006e656c20414e33352069732025730a0d8d
:107ad80000000000202020204368616e6e656c2045
:107ae800414e33362069732025730a0d00000000cb
:107af800202020204368616e6e656c20414e33372c
:107b08002069732025730a0d000000002020202022
:107b18004368616e6e656c20414e3338206973206e
:107b280025730a0d00000000202020204368616ea4
:107b38006e656c20414e33392069732025730a0d18
:107b480000000000202020204368616e6e656c20d4
:107b5800414e34302069732025730a0d000000005f
:107b6800202020204368616e6e656c20414e3431c0
:107b78002069732025730a0d0000000020202020b2
:107b88004368616e6e656c20414e34322069732003
:107b980025730a0d00000000202020204368616e34
:107ba8006e656c20414e34332069732025730a0dad
:107bb80000000000656e61626c6564006469736151
:107bc800626c656400000000202020204368616e1c
:107bd8006e656c20414e30207363616e2025730af8
:107be8000d000000202020204368616e6e656c2027
:107bf800414e31207363616e2025730a0d00000029
:107c0800202020204368616e6e656c20414e322032
:107c18007363616e2025730a0d0000002020202068
:107c28004368616e6e656c20414e33207363616eec
:107c38002025730a0d000000202020204368616e73
:107c48006e656c20414e34207363616e2025730a83
:107c58000d000000202020204368616e6e656c20b6
:107c6800414e35207363616e2025730a0d000000b4
:107c7800202020204368616e6e656c20414e3620be
:107c88007363616e2025730a0d00000020202020f8
:107c98004368616e6e656c20414e37207363616e78
:107ca8002025730a0d000000202020204368616e03
:107cb8006e656c20414e38207363616e2025730a0f
:107cc8000d000000202020204368616e6e656c2046
:107cd800414e39207363616e2025730a0d00000040
:107ce800202020204368616e6e656c20414e313043
:107cf800207363616e2025730a0d00002020202068
:107d08004368616e6e656c20414e3131207363614a
:107d18006e2025730a0d0000202020204368616e24
:107d28006e656c20414e3132207363616e2025737d
:107d38000a0d0000202020204368616e6e656c20cb
:107d4800414e3133207363616e2025730a0d0000a4
:107d5800202020204368616e6e656c20414e3134ce
:107d6800207363616e2025730a0d000020202020f7
:107d78004368616e6e656c20414e313520736361d6
:107d88006e2025730a0d0000202020204368616eb4
:107d98006e656c20414e3136207363616e20257309
:107da8000a0d0000202020204368616e6e656c205b
:107db800414e3137207363616e2025730a0d000030
:107dc800202020204368616e6e656c20414e31385a
:107dd800207363616e2025730a0d00002020202087
:107de8004368616e6e656c20414e31392073636162
:107df8006e2025730a0d0000202020204368616e44
:107e08006e656c20414e3230207363616e2025739d
:107e18000a0d0000202020204368616e6e656c20ea
:107e2800414e3231207363616e2025730a0d0000c4
:107e3800202020204368616e6e656c20414e3232ee
:107e4800207363616e2025730a0d00002020202016
:107e58004368616e6e656c20414e323320736361f6
:107e68006e2025730a0d0000202020204368616ed3
:107e78006e656c20414e3234207363616e20257329
:107e88000a0d0000202020204368616e6e656c207a
:107e9800414e3235207363616e2025730a0d000050
:107ea800202020204368616e6e656c20414e32367a
:107eb800207363616e2025730a0d000020202020a6
:107ec8004368616e6e656c20414e32372073636182
:107ed8006e2025730a0d0000202020204368616e63
:107ee8006e656c20414e3238207363616e202573b5
:107ef8000a0d0000202020204368616e6e656c200a
:107f0800414e3239207363616e2025730a0d0000db
:107f1800202020204368616e6e656c20414e33300e
:107f2800207363616e2025730a0d00002020202035
:107f38004368616e6e656c20414e33312073636116
:107f48006e2025730a0d0000202020204368616ef2
:107f58006e656c20414e3332207363616e20257349
:107f68000a0d0000202020204368616e6e656c2099
:107f7800414e3333207363616e2025730a0d000070
:107f8800202020204368616e6e656c20414e33349a
:107f9800207363616e2025730a0d000020202020c5
:107fa8004368616e6e656c20414e333520736361a2
:107fb8006e2025730a0d0000202020204368616e82
:107fc8006e656c20414e3336207363616e202573d5
:107fd8000a0d0000202020204368616e6e656c2029
:107fe800414e3337207363616e2025730a0d0000fc
:107ff800202020204368616e6e656c20414e333826
:10800800207363616e2025730a0d00002020202054
:108018004368616e6e656c20414e3339207363612d
:108028006e2025730a0d0000202020204368616e11
:108038006e656c20414e3430207363616e20257369
:108048000a0d0000202020204368616e6e656c20b8
:10805800414e3431207363616e2025730a0d000090
:10806800202020204368616e6e656c20414e3432ba
:10807800207363616e2025730a0d000020202020e4
:108088004368616e6e656c20414e343320736361c2
:108098006e2025730a0d0000202020204368616ea1
:1080a8006e656c20414e30206461746120696e7485
:1080b8006572727570742025730a0d0020202020c7
:1080c8004368616e6e656c20414e31206461746155
:1080d80020696e746572727570742025730a0d00bc
:1080e800202020204368616e6e656c20414e32204e
:1080f8006461746120696e7465727275707420258c
:10810800730a0d00202020204368616e6e656c2084
:10811800414e33206461746120696e7465727275b2
:1081280070742025730a0d00202020204368616e9a
:108138006e656c20414e34206461746120696e74f0
:108148006572727570742025730a0d002020202036
:108158004368616e6e656c20414e352064617461c0
:1081680020696e746572727570742025730a0d002b
:10817800202020204368616e6e656c20414e3620b9
:108188006461746120696e746572727570742025fb
:10819800730a0d00202020204368616e6e656c20f4
:1081a800414e37206461746120696e74657272751e
:1081b80070742025730a0d00202020204368616e0a
:1081c8006e656c20414e38206461746120696e745c
:1081d8006572727570742025730a0d0020202020a6
:1081e8004368616e6e656c20414e3920646174612c
:1081f80020696e746572727570742025730a0d009b
:10820800202020204368616e6e656c20414e31301d
:10821800206461746120696e74657272757074206f
:1082280025730a0d00000000202020204368616e9d
:108238006e656c20414e3131206461746120696e35
:10824800746572727570742025730a0d0000000041
:10825800202020204368616e6e656c20414e3132cb
:10826800206461746120696e74657272757074201f
:1082780025730a0d00000000202020204368616e4d
:108288006e656c20414e3133206461746120696ee3
:10829800746572727570742025730a0d00000000f1
:1082a800202020204368616e6e656c20414e313479
:1082b800206461746120696e7465727275707420cf
:1082c80025730a0d00000000202020204368616efd
:1082d8006e656c20414e3135206461746120696e91
:1082e800746572727570742025730a0d00000000a1
:1082f800202020204368616e6e656c20414e313627
:10830800206461746120696e74657272757074207e
:1083180025730a0d00000000202020204368616eac
:108328006e656c20414e3137206461746120696e3e
:10833800746572727570742025730a0d0000000050
:10834800202020204368616e6e656c20414e3138d4
:10835800206461746120696e74657272757074202e
:1083680025730a0d00000000202020204368616e5c
:108378006e656c20414e3139206461746120696eec
:10838800746572727570742025730a0d0000000000
:10839800202020204368616e6e656c20414e32308b
:1083a800206461746120696e7465727275707420de
:1083b80025730a0d00000000202020204368616e0c
:1083c8006e656c20414e3231206461746120696ea3
:1083d800746572727570742025730a0d00000000b0
:1083e800202020204368616e6e656c20414e323239
:1083f800206461746120696e74657272757074208e
:1084080025730a0d00000000202020204368616ebb
:108418006e656c20414e3233206461746120696e50
:10842800746572727570742025730a0d000000005f
:10843800202020204368616e6e656c20414e3234e6
:10844800206461746120696e74657272757074203d
:1084580025730a0d00000000202020204368616e6b
:108468006e656c20414e3235206461746120696efe
:10847800746572727570742025730a0d000000000f
:10848800202020204368616e6e656c20414e323694
:10849800206461746120696e7465727275707420ed
:1084a80025730a0d00000000202020204368616e1b
:1084b8006e656c20414e3237206461746120696eac
:1084c800746572727570742025730a0d00000000bf
:1084d800202020204368616e6e656c20414e323842
:1084e800206461746120696e74657272757074209d
:1084f80025730a0d00000000202020204368616ecb
:108508006e656c20414e3239206461746120696e59
:10851800746572727570742025730a0d000000006e
:10852800202020204368616e6e656c20414e3330f8
:10853800206461746120696e74657272757074204c
:1085480025730a0d00000000202020204368616e7a
:108558006e656c20414e3331206461746120696e10
:10856800746572727570742025730a0d000000001e
:10857800202020204368616e6e656c20414e3332a6
:10858800206461746120696e7465727275707420fc
:1085980025730a0d00000000202020204368616e2a
:1085a8006e656c20414e3333206461746120696ebe
:1085b800746572727570742025730a0d00000000ce
:1085c800202020204368616e6e656c20414e333454
:1085d800206461746120696e7465727275707420ac
:1085e80025730a0d00000000202020204368616eda
:1085f8006e656c20414e3335206461746120696e6c
:10860800746572727570742025730a0d000000007d
:10861800202020204368616e6e656c20414e333601
:10862800206461746120696e74657272757074205b
:1086380025730a0d00000000202020204368616e89
:108648006e656c20414e3337206461746120696e19
:10865800746572727570742025730a0d000000002d
:10866800202020204368616e6e656c20414e3338af
:10867800206461746120696e74657272757074200b
:1086880025730a0d00000000202020204368616e39
:108698006e656c20414e3339206461746120696ec7
:1086a800746572727570742025730a0d00000000dd
:1086b800202020204368616e6e656c20414e343066
:1086c800206461746120696e7465727275707420bb
:1086d80025730a0d00000000202020204368616ee9
:1086e8006e656c20414e3431206461746120696e7e
:1086f800746572727570742025730a0d000000008d
:10870800202020204368616e6e656c20414e343213
:10871800206461746120696e74657272757074206a
:1087280025730a0d00000000202020204368616e98
:108738006e656c20414e3433206461746120696e2b
:10874800746572727570742025730a0d000000003c
:10875800964e0a4466664a3f333333333333f33f26
:10876800000000000000e03f7b14ae47e17a743f50
:08877800000000000000444075
:020000040000fa
:020000041d03da
:108780004045018088000000010000001045049d64
:108790002045049d2c45049d3845049d4445049d79
:1087a0005045049d5c45049d6845049d7845049da5
:1087b0009845049dac45049dbc45049dd445049d4d
:1087c000ec45049d0046049d1846049d3446049dd6
:1087d0004846049d6046049d8446049d9c46049d35
:1087e000c046049de046049dfc46049d1047049d40
:1087f0002847049d3847049d4847049d6847049dc9
:108800007c47049d8847049d9447049da447049d8c
:10881000b047049db44301a0020000000000000026
:10882000c00000a00040000000000000902301a054
:108830000010000000000000480000800800000058
:1088400000000000c8450180880000000100000011
:10885000b858049dc858049dd458049de058049d00
:10886000ec58049df858049d0459049d1059049d2a
:108870002059049d4059049d5459049d6459049df8
:108880007c59049d9459049da859049dc059049d88
:10889000dc59049df059049d085a049d2c5a049dee
:1088a000445a049d685a049d885a049da45a049d04
:1088b000b85a049dd05a049de05a049df05a049d74
:1088c000105b049d245b049d305b049d3c5b049d18
:1088d0004c5b049d585b049db64301a00100000061
:1088e00000000000500000801000000000000000a8
:1088f000b74301a00100000000000000c04000a03c
:108900009000000000000000b84301a0010000003a
:1089100000000000000000800800000001000000ce
:10892000000000000000f03f504100a09000000057
:1089300000000000b94301a0010000000000000099
:10894000e04100a09000000000000000ba4301a038
:1089500001000000000000000c4d01802800000014
:1089600000000000bb4301a0010000000000000067
:1089700060000080100000000000000050460180f0
:108980008800000001000000c81f049dd81f049d3e
:10899000e41f049df01f049dfc1f049d0820049dfe
:1089a0001420049d2020049d3020049d5020049d0f
:1089b0006420049d7420049d8c20049da420049dab
:1089c000b820049dd020049dec20049d0021049d2e
:1089d0001821049d3c21049d5421049d7821049d6f
:1089e0009821049db421049dc821049de021049d8b
:1089f000f021049d0022049d2022049d3422049d28
:108a00004022049d4c22049d5c22049d6822049d0a
:108a1000bc4301a00100000000000000d846018016
:108a200088000000010000008804049d9804049d53
:108a3000a404049db004049dbc04049dc804049dca
:108a4000d404049de004049df004049d1005049ddd
:108a50002405049d3405049d4c05049d6405049d76
:108a60007805049d9005049dac05049dc005049dfa
:108a7000d805049dfc05049d1406049d3806049d3c
:108a80005806049d7406049d8806049da006049d56
:108a9000b006049dc006049de006049df406049df6
:108aa0000007049d0c07049d1c07049d2807049dd6
:108ab000bd4301a00100000000000000b84b018090
:108ac0003c00000001000000b066049dbc66049def
:108ad000e466049d1467049d2c67049d4c67049d07
:108ae0005c67049d7067049d8867049d9867049d7a
:108af000a867049db867049dc867049dd867049d56
:108b00001868049d70000080040000000000000050
:108b1000904301a00c0000000000000060470180ad
:108b2000880000000100000098c0039da8c0039dbc
:108b3000b4c0039dc0c0039dccc0039dd8c0039d9d
:108b4000e4c0039df0c0039d00c1039d20c1039daf
:108b500034c1039d44c1039d5cc1039d74c1039d49
:108b600088c1039da0c1039dbcc1039dd0c1039dcd
:108b7000e8c1039d0cc2039d24c2039d48c2039d0e
:108b800068c2039d84c2039d98c2039db0c2039d29
:108b9000c0c2039dd0c2039df0c2039d04c3039dc8
:108ba00010c3039d1cc3039d2cc3039d38c3039da9
:108bb0000800008008000000010000000000000024
:108bc0000000f03fbe4301a00100000000000000d3
:108bd000e84701808800000001000000f0e0039dec
:108be00000e1039d0ce1039d18e1039d24e1039d39
:108bf00030e1039d3ce1039d48e1039d58e1039d65
:108c000078e1039d8ce1039d9ce1039db4e1039d0c
:108c1000cce1039de0e1039df8e1039d14e2039d97
:108c200028e2039d40e2039d64e2039d7ce2039df4
:108c3000a0e2039dc0e2039ddce2039df0e2039d00
:108c400008e3039d18e3039d28e3039d48e3039d88
:108c50005ce3039d68e3039d74e3039d84e3039d4c
:108c600090e3039d444c01803400000000000000ac
:108c7000bf4301a001000000000000007048018017
:108c800088000000010000000064039d1064039d43
:108c90001c64039d2864039d3464039d4064039d0c
:108ca0004c64039d5864039d6864039d8864039d20
:108cb0009c64039dac64039dc464039ddc64039dbc
:108cc000f064039d0865039d2465039d3865039d3d
:108cd0005065039d7465039d8c65039db065039d80
:108ce000d065039dec65039d0066039d1866039d9a
:108cf0002866039d3866039d5866039d6c66039d38
:108d00007866039d8466039d9466039da066039d1b
:108d1000c04301a0010000000000000074000080ba
:108d20000100000000000000f848018088000000f9
:108d300001000000344c049d444c049d504c049da3
:108d40005c4c049d684c049d744c049d804c049db7
:108d50008c4c049d9c4c049dbc4c049dd04c049dab
:108d6000e04c049df84c049d104d049d244d049d41
:108d70003c4d049d584d049d6c4d049d844d049db7
:108d8000a84d049dc04d049de44d049d044e049dda
:108d9000204e049d344e049d4c4e049d5c4e049d1b
:108da0006c4e049d8c4e049da04e049dac4e049dc3
:108db000b84e049dc84e049dd44e049df44b0180d2
:108dc0005000000000000000c14301a001000000ad
:108dd00000000000906300a00040000000000000c0
:108de000903301a000100000000000007800008017
:108df0000800000000000000c24301a001000000c4
:108e0000000000008049018088000000010000008f
:108e1000704f039d804f039d8c4f039d984f039d82
:108e2000a44f039db04f039dbc4f039dc84f039dae
:108e3000d84f039df84f039d0c50039d1c50039d7c
:108e40003450039d4c50039d6050039d7850039d0a
:108e50009450039da850039dc050039de450039d72
:108e6000fc50039d2051039d4051039d5c51039d87
:108e70007051039d8851039d9851039da851039df6
:108e8000c851039ddc51039de851039df451039d9e
:108e90000452039d1052039d784c01803400000061
:108ea00000000000c34301a001000000000000001a
:108eb00090a300a00040000000000000904300a02c
:108ec0000010000000000000800000801c00000076
:108ed000000000009c4301a00c0000000000000006
:108ee000c44301a00200000000000000704200a086
:108ef0009000000000000000c64301a00100000037
:108f000000000000100000800800000001000000c8
:108f1000000000000000f03f084a018088000000c7
:108f20000100000060d9039d70d9039d7cd9039d89
:108f300088d9039d94d9039da0d9039dacd9039de5
:108f4000b8d9039dc8d9039de8d9039dfcd9039dd9
:108f50000cda039d24da039d3cda039d50da039d6d
:108f600068da039d84da039d98da039db0da039de5
:108f7000d4da039decda039d10db039d30db039d07
:108f80004cdb039d60db039d78db039d88db039d49
:108f900098db039db8db039dccdb039dd8db039df1
:108fa000e4db039df4db039d00dc039dac4c0180fe
:108fb0003400000000000000c74301a001000000d1
:108fc000000000009c0000801c0000000000000069
:108fd000a84301a00c00000000000000c84301a04d
:108fe0000100000000000000004300a0900000000d
:108ff00000000000c94301a00200000000000000c2
:1090000090e300a00040000000000000905300a08a
:1090100000100000000000001800008008000000a0
:1090200001000000000000000000f03f400581bf8b
:10903000b001000001000000300300003003000018
:109040003003000030030000000200003003000085
:109050003003000030030000300300003003000044
:109060003003000030030000300300003003000034
:109070003003000030030000300300003003000024
:109080003003000030030000300300003003000014
:109090003003000030030000300300003003000004
:1090a00030030000300300003003000030030000f4
:1090b00030030000300300003003000030030000e4
:1090c00030030000300300003003000030030000d4
:1090d00030030000300300003003000030030000c4
:1090e00030030000300300003003000030030000b4
:1090f00030030000300300003003000030030000a4
:109100003003000030030000300300003003000093
:109110003003000030030000300300003003000083
:109120002002000030030000300300003003000084
:109130003003000030030000300300003003000063
:109140003003000030030000300300003003000053
:109150003003000030030000300300003003000043
:109160003003000030030000300300003003000033
:109170003003000030030000300300003003000023
:109180003003000030030000300300003003000013
:109190003003000030030000300300003003000003
:1091a00030030000300300003003000030030000f3
:1091b00030030000300300003003000030030000e3
:1091c00030030000300300004002000048020000ad
:1091d00050020000300300003003000030030000a4
:1091e0005802000030030000f40681bf5401000063
:1091f00001000000300300003003000030030000d5
:109200003003000030030000300300009002000033
:10921000300300009802000030030000300300001b
:109220003003000030030000300300003003000072
:109230003003000030030000300300003003000062
:109240003003000030030000300300003003000052
:109250003003000030030000a0020000b80200004c
:109260003003000030030000300300003003000032
:109270003003000030030000300300003003000022
:109280003003000030030000300300003003000012
:109290003003000030030000300300003003000002
:1092a00030030000300300003003000030030000f2
:1092b00030030000300300003003000030030000e2
:1092c00030030000300300003003000030030000d2
:1092d0003003000030030000d00200003003000023
:1092e000e80200003003000000030000300300002b
:1092f00030030000300300003003000030030000a2
:1093000030030000300300003003000018030000a9
:109310003003000030030000300300003003000081
:109320003003000030030000300300003003000071
:109330003003000030030000300300003003000061
:1093400030030000300300004c0881bf24000000ff
:109350000100000030030000300300003003000073
:109360003003000030030000300300003003000031
:109370003003000030030000740881bf1c000000af
:109380000100000030030000300300003003000043
:109390003003000030030000300300003003000001
:1093a000980881bf080000000100000030030000a1
:1093b00030030000200000802400000001000000b5
:1093c000ffffffffffffffff01000000ffffffffa8
:1093d000ffffffff01000000ffffffffffffffff98
:1093e00001000000584d018008000000000000004e
:1093f000b80000800400000001000000010000002f
:10940000e04c01802c00000000000000904a018028
:109410006800000001000000984a0180984a01801d
:109420000100000003000000000000000000000038
:109430000000000000000000000000001087049df4
:1094400000000000000000000000000090a8049d43
:10945000cc91049d0000000000000000000000000e
:1094600000000000000000000000000000000000fc
:1094700000000000000000000000000000000000ec
:10948000bc0000800400000001000000944a01803c
:10949000f84a0180600000000100000001000000a7
:1094a00003000000000000000000000000000000b9
:1094b00000000000000000001087049d0000000074
:1094c000000000000000000090a8049dcc91049dc5
:1094d000000000000000000000000000000000008c
:1094e000000000000000000000000000000000007c
:1094f000000000000000000000000000604d01803e
:109500000400000000000000584b018060000000d3
:109510000100000001000000030000000000000046
:10952000000000000000000000000000000000003b
:109530001087049d000000000000000000000000f3
:1095400090a8049dcc91049d000000000000000044
:10955000000000000000000000000000000000000b
:1095600000000000000000000000000000000000fb
:1095700000000000344d01802400000000000000c5
:109580004400008004000000010000000200000010
:10959000644d018004000000000000000000000095
:1095a000666666666666666666666666666666665b
:1095b000666666666666666666666666666666664b
:1095c000666666666666666666666666666666663b
:020000040000fa
:020000041d03da
:1095d0003100000030000000320000005065726968
:1095e00070686572616c204d6f64756c65204469ac
:1095f0007361626c65205374617475733a0a0d006f
:109600004600000054000000202020414443204533
:109610006e61626c65643a2020202020202020208a
:10962000202020202020202020202020202020203a
:10963000202020202025730a0d00000037000000a4
:10964000202020436f6d70617261746f7220566fbd
:109650006c74616765205265666572656e6365202e
:10966000456e61626c65643a202020202025730ad3
:109670000d00000020202043686172676520546956
:109680006d65204d6561737572656d656e742055ed
:109690006e697420456e61626c65643a20202020fa
:1096a0002025730a0d0000002020204c6f772d56d6
:1096b0006f6c746167652044657465637420456ee2
:1096c00061626c65643a2020202020202020202028
:1096d000202020202025730a0d0000002020204398
:1096e0006f6d70617261746f72203120456e6162be
:1096f0006c65643a2020202020202020202020207b
:1097000020202020202020202025730a0d0000008a
:10971000202020436f6d70617261746f722032205f
:10972000456e61626c65643a202020202020202054
:109730002020202020202020202020202025730ae7
:109740000d000000202020496e7075742043617068
:1097500074757265203120456e61626c65643a20d3
:1097600020202020202020202020202020202020f9
:109770002025730a0d000000202020496e707574aa
:109780002043617074757265203220456e61626c91
:1097900065643a2020202020202020202020202026
:1097a000202020202025730a0d00000020202049c1
:1097b0006e70757420436170747572652033204536
:1097c0006e61626c65643a202020202020202020d9
:1097d00020202020202020202025730a0d000000ba
:1097e000202020496e707574204361707475726515
:1097f000203420456e61626c65643a202020202070
:109800002020202020202020202020202025730a16
:109810000d000000202020496e7075742043617097
:1098200074757265203520456e61626c65643a20fe
:109830002020202020202020202020202020202028
:109840002025730a0d000000202020496e707574d9
:109850002043617074757265203620456e61626cbc
:1098600065643a2020202020202020202020202055
:10987000202020202025730a0d00000020202049f0
:109880006e70757420436170747572652037204561
:109890006e61626c65643a20202020202020202008
:1098a00020202020202020202025730a0d000000e9
:1098b000202020496e707574204361707475726544
:1098c000203820456e61626c65643a20202020209b
:1098d0002020202020202020202020202025730a46
:1098e0000d000000202020496e70757420436170c7
:1098f00074757265203920456e61626c65643a202a
:109900002020202020202020202020202020202057
:109910002025730a0d0000002020204f75747075fb
:109920007420436f6d70617265203120456e6162f5
:109930006c65643a20202020202020202020202038
:10994000202020202025730a0d0000002020204f19
:10995000757470757420436f6d706172652032206c
:10996000456e61626c65643a202020202020202012
:1099700020202020202020202025730a0d00000018
:109980002020204f757470757420436f6d70617264
:1099900065203320456e61626c65643a202020208a
:1099a0002020202020202020202020202025730a75
:1099b0000d0000002020204f757470757420436fd7
:1099c0006d70617265203420456e61626c65643a29
:1099d0002020202020202020202020202020202087
:1099e0002025730a0d0000002020204f757470752b
:1099f0007420436f6d70617265203520456e616221
:109a00006c65643a20202020202020202020202067
:109a1000202020202025730a0d0000002020204f48
:109a2000757470757420436f6d7061726520362097
:109a3000456e61626c65643a202020202020202041
:109a400020202020202020202025730a0d00000047
:109a50002020204f757470757420436f6d70617293
:109a600065203720456e61626c65643a20202020b5
:109a70002020202020202020202020202025730aa4
:109a80000d0000002020204f757470757420436f06
:109a90006d70617265203820456e61626c65643a54
:109aa00020202020202020202020202020202020b6
:109ab0002025730a0d0000002020204f757470755a
:109ac0007420436f6d70617265203920456e61624c
:109ad0006c65643a20202020202020202020202097
:109ae000202020202025730a0d0000002020205473
:109af000696d6572203120456e61626c65643a2043
:109b00002020202020202020202020202020202055
:109b100020202020202020202025730a0d00000076
:109b200020202054696d6572203220456e61626c80
:109b300065643a2020202020202020202020202082
:109b40002020202020202020202020202025730ad3
:109b50000d00000020202054696d657220332045df
:109b60006e61626c65643a20202020202020202035
:109b700020202020202020202020202020202020e5
:109b80002025730a0d00000020202054696d6572a5
:109b9000203420456e61626c65643a2020202020cc
:109ba00020202020202020202020202020202020b5
:109bb000202020202025730a0d00000020202054a2
:109bc000696d6572203520456e61626c65643a206e
:109bd0002020202020202020202020202020202085
:109be00020202020202020202025730a0d000000a6
:109bf00020202054696d6572203620456e61626cac
:109c000065643a20202020202020202020202020b1
:109c10002020202020202020202020202025730a02
:109c20000d00000020202054696d6572203720450a
:109c30006e61626c65643a20202020202020202064
:109c40002020202020202020202020202020202014
:109c50002025730a0d00000020202054696d6572d4
:109c6000203820456e61626c65643a2020202020f7
:109c700020202020202020202020202020202020e4
:109c8000202020202025730a0d00000020202054d1
:109c9000696d6572203920456e61626c65643a2099
:109ca00020202020202020202020202020202020b4
:109cb00020202020202020202025730a0d000000d5
:109cc00020202055415254203120456e61626c6540
:109cd000643a202020202020202020202020202026
:109ce0002020202020202020202020202025730a32
:109cf0000d00000020202055415254203220456e96
:109d000061626c65643a20202020202020202020e1
:109d10002020202020202020202020202020202043
:109d20002025730a0d0000002020205541525420a8
:109d30003320456e61626c65643a2020202020202b
:109d40002020202020202020202020202020202013
:109d5000202020202025730a0d00000020202055ff
:109d6000415254203420456e61626c65643a202073
:109d700020202020202020202020202020202020e3
:109d800020202020202020202025730a0d00000004
:109d900020202055415254203520456e61626c656b
:109da000643a202020202020202020202020202055
:109db0002020202020202020202020202025730a61
:109dc0000d00000020202055415254203620456ec1
:109dd00061626c65643a2020202020202020202011
:109de0002020202020202020202020202020202073
:109df0002025730a0d0000002020205350492031f7
:109e000020456e61626c65643a202020202020206d
:109e10002020202020202020202020202020202042
:109e2000202020202025730a0d0000002020205330
:109e30005049203220456e61626c65643a202020d2
:109e40002020202020202020202020202020202012
:109e500020202020202020202025730a0d00000033
:109e6000202020535049203320456e61626c656488
:109e70003a202020202020202020202020202020c8
:109e80002020202020202020202020202025730a90
:109e90000d000000202020535049203420456e61e1
:109ea000626c65643a202020202020202020202081
:109eb00020202020202020202020202020202020a2
:109ec0002025730a0d000000202020535049203522
:109ed00020456e61626c65643a202020202020209d
:109ee0002020202020202020202020202020202072
:109ef000202020202025730a0d0000002020205360
:109f00005049203620456e61626c65643a202020fd
:109f10002020202020202020202020202020202041
:109f200020202020202020202025730a0d00000062
:109f3000202020493243203120456e61626c6564e7
:109f40003a202020202020202020202020202020f7
:109f50002020202020202020202020202025730abf
:109f60000d000000202020493243203220456e6140
:109f7000626c65643a2020202020202020202020b0
:109f800020202020202020202020202020202020d1
:109f90002025730a0d000000202020493243203381
:109fa00020456e61626c65643a20202020202020cc
:109fb00020202020202020202020202020202020a1
:109fc000202020202025730a0d0000002020204999
:109fd0003243203420456e61626c65643a20202053
:109fe0002020202020202020202020202020202071
:109ff00020202020202020202025730a0d00000092
:10a00000202020493243203520456e61626c656412
:10a010003a20202020202020202020202020202026
:10a020002020202020202020202020202025730aee
:10a030000d00000020202055534220456e61626cc7
:10a0400065643a202020202020202020202020206d
:10a050002020202020202020202020202020202000
:10a060002025730a0d00000020202043414e20319e
:10a0700020456e61626c65643a20202020202020fb
:10a0800020202020202020202020202020202020d0
:10a09000202020202025730a0d00000020202043ce
:10a0a000414e203220456e61626c65643a2020206a
:10a0b00020202020202020202020202020202020a0
:10a0c00020202020202020202025730a0d000000c1
:10a0d0002020205265666572656e636520436c6f53
:10a0e000636b203120456e61626c65643a202020ec
:10a0f0002020202020202020202020202025730a1e
:10a100000d0000002020205265666572656e636553
:10a1100020436c6f636b203220456e61626c656416
:10a120003a20202020202020202020202020202015
:10a130002025730a0d0000002020205265666572fc
:10a14000656e636520436c6f636b203320456e61e1
:10a15000626c65643a2020202020202020202020ce
:10a16000202020202025730a0d00000020202052ee
:10a1700065666572656e636520436c6f636b203442
:10a1800020456e61626c65643a20202020202020ea
:10a1900020202020202020202025730a0d000000f0
:10a1a0002020205265666572656e636520436c6f82
:10a1b000636b203520456e61626c65643a20202017
:10a1c0002020202020202020202020202025730a4d
:10a1d0000d000000202020506172616c6c656c20c5
:10a1e0004d617374657220506f727420456e6162a8
:10a1f0006c65643a20202020202020202020202070
:10a200002025730a0d000000202020457874657217
:10a210006e616c2042757320496e7465726661636d
:10a220006520456e61626c65643a20202020202004
:10a23000202020202025730a0d0000002020204728
:10a24000505520456e61626c65643a2020202020c4
:10a2500020202020202020202020202020202020fe
:10a2600020202020202020202025730a0d0000001f
:10a270002020204772617068696373204c4344203a
:10a28000436f6e74726f6c6c657220456e61626ca8
:10a2900065643a2020202020202020202025730ad9
:10a2a0000d000000202020534420486f7374204389
:10a2b0006f6e74726f6c6c657220456e61626c6556
:10a2c000643a202020202020202020202020202030
:10a2d0002025730a0d00000020202053657269615b
:10a2e0006c205175616420496e74657266616365a6
:10a2f00020456e61626c65643a2020202020202079
:10a30000202020202025730a0d0000002020204559
:10a31000746865726e657420456e61626c65643a3e
:10a32000202020202020202020202020202020202d
:10a3300020202020202020202025730a0d0000004e
:10a34000202020446972656374204d656d6f7279b9
:10a350002041636365737320456e61626c65643a86
:10a360002020202020202020202020202025730aab
:10a370000d00000020202052616e646f6d204e752c
:10a380006d6265722047656e657261746f722045fb
:10a390006e61626c65643a202020202020202020fd
:10a3a0002025730a0d000000202020444452322052
:10a3b000436f6e74726f6c6c657220456e61626c77
:10a3c00065643a20202020202020202020202020ea
:10a3d000202020202025730a0d000000202020507e
:10a3e0004d44204c6f636b65643a20202020202070
:10a3f000202020202020202020202020202020205d
:10a4000020202020202020202025730a0d0000007d
:020000040000fa
:020000041d03da
:10a41000f8ffbd270400beaf25f0a00380bf033cba
:10a420000008628cc47b027c000862ac80bf033ce5
:10a430000008628c0400027c000862ac80bf033c10
:10a440000008628c01000424c47b827c000862ac9a
:10a4500080bf023c0008428cc003427cff004230b7
:10a4600025e8c0030400be8f0800bd270800e003f4
:10a4700000000000f8ffbd270400beaf25f0a003d8
:10a4800080bf033c0008628c01000424c47b827cf2
:10a49000000862ac0000000025e8c0030400be8f85
:10a4a0000800bd270800e00300000000f8ffbd27fa
:10a4b0000400beaf25f0a00380bf033c0008628cff
:10a4c000c47b027c000862ac0000000025e8c003e9
:10a4d0000400be8f0800bd270800e0030000000054
:10a4e000f8ffbd270400beaf25f0a00380bf023ceb
:10a4f0000008422443570324020043a40000000044
:10a5000025e8c0030400be8f0800bd270800e00353
:10a5100000000000f8ffbd270400beaf25f0a00337
:10a5200080bf033c000a629401000424c47b827c47
:10a53000000a62a40000000025e8c0030400be8fea
:10a540000800bd270800e00300000000f8ffbd2759
:10a550000400beaf25f0a00380bf033c000a629454
:10a5600001000424c47b827c000a62a40000000075
:10a5700025e8c0030400be8f0800bd270800e003e3
:10a5800000000000f8ffbd270400beaf25f0a003c7
:10a5900080bf033c000a6294c47b027c000a62a470
:10a5a0000000000025e8c0030400be8f0800bd279e
:10a5b0000800e00300000000e8ffbd271400bfaf63
:10a5c0001000beaf25f0a00380bf023c400a428cc1
:10a5d000c021020080bf023c700a438c251060003d
:10a5e000c0110200231043002b1082000a0040100b
:10a5f0000000000080bf023c100a422440000324f7
:10a60000010043a080bf023c08000324200a43a0ad
:10a610008de9400f000000000000000025e8c003a5
:10a620001400bf8f1000be8f1800bd270800e00384
:10a6300000000000f8ffbd270400beaf25f0a00316
:10a6400080bf023c300a428cc001427cff00423095
:10a650000d0040140000000080bf023c300a428c14
:10a660008001427cff0042300700401400000000df
:10a6700080bf023c300a428c4001427cff004230e5
:10a68000050040100000000001a0023c3c444224b0
:10a6900001000324070043a00000000025e8c003d8
:10a6a0000400be8f0800bd270800e0030000000082
:10a6b000e8ffbd271400bfaf1000beaf25f0a00318
:10a6c00001f5400f00000000049d023c34074624c1
:10a6d000049d023c38074524049d023c3c07442469
:10a6e000acf4400f00000000049d023c40074424ed
:10a6f0007d28410f00000000049d023c38074624dd
:10a70000049d023c38074524049d023c3c07442438
:10a71000acf4400f00000000049d023c5c074424a0
:10a720007d28410f00000000c1bf023cc8ff428ce1
:10a730000024427cff0042301500432c9a00601038
:10a740000000000080180200049d023c60a7422423
:10a75000211062000000428c080040000000000050
:10a76000b4a7039dcca7039de4a7039dfca7039d6d
:10a7700014a8039d2ca8039d44a8039d5ca8039dd9
:10a7800074a8039d8ca8039da4a8039dbca8039d49
:10a79000d4a8039deca8039d04a9039d1ca9039db7
:10a7a00034a9039d4ca9039d64a9039d7ca9039d25
:10a7b00094a9039d049d023c700744247d28410f09
:10a7c000000000007800001000000000049d023c22
:10a7d000740744247d28410f00000000720000101f
:10a7e00000000000049d023c780744247d28410fae
:10a7f000000000006c00001000000000049d023cfe
:10a800007c0744247d28410f0000000066000010f2
:10a8100000000000049d023c800744247d28410f75
:10a82000000000006000001000000000049d023cd9
:10a83000880744247d28410f000000005a000010c2
:10a8400000000000049d023c900744247d28410f35
:10a85000000000005400001000000000049d023cb5
:10a86000980744247d28410f000000004e0000108e
:10a8700000000000049d023ca00744247d28410ff5
:10a88000000000004800001000000000049d023c91
:10a89000a80744247d28410f00000000420000105a
:10a8a00000000000049d023cb00744247d28410fb5
:10a8b000000000003c00001000000000049d023c6d
:10a8c000b80744247d28410f000000003600001026
:10a8d00000000000049d023cc00744247d28410f75
:10a8e000000000003000001000000000049d023c49
:10a8f000c80744247d28410f000000002a000010f2
:10a9000000000000049d023cd00744247d28410f34
:10a91000000000002400001000000000049d023c24
:10a92000d80744247d28410f000000001e000010bd
:10a9300000000000049d023ce00744247d28410ff4
:10a94000000000001800001000000000049d023c00
:10a95000e80744247d28410f000000001200001089
:10a9600000000000049d023cf40744247d28410fb0
:10a97000000000000c00001000000000049d023cdc
:10a98000000844247d28410f00000000060000104c
:10a9900000000000049d023c0c0844247d28410f67
:10a9a0000000000000000000049d023c1808442440
:10a9b0007d28410f0000000080bf023c0008428c4f
:10a9c0000000427cff004230070040100000000001
:10a9d000049d023c300844247d28410f0000000003
:10a9e0000500001000000000049d023c38084424cb
:10a9f0007d28410f00000000049d023c40084424d3
:10aa00007d28410f00000000c1bf023cc8ff428cfe
:10aa1000000e427cff00423002000324130043106a
:10aa20000000000003000324160043100000000093
:10aa3000010003240700431000000000049d023cb5
:10aa4000540844247d28410f00000000120000102b
:10aa500000000000049d023c5c0844247d28410f56
:10aa6000000000000c00001000000000049d023ceb
:10aa7000640844247d28410f0000000006000010f7
:10aa800000000000049d023c6c0844247d28410f16
:10aa9000000000000000000080bf023c0008428c63
:10aaa000c003427cff0042300b0040100000000059
:10aab000049d023c38074624049d023c3807452487
:10aac000049d023c3c074424acf4400f000000000d
:10aad0000900001000000000049d023c38074624d5
:10aae000049d023c38074524049d023c340744245d
:10aaf000acf4400f0000000080bf023c0008428c14
:10ab0000c003427cff0042300400401000000000ff
:10ab1000540002240200001000000000460002243d
:10ab200025284000049d023c740844247d28410fe0
:10ab30000000000001f5400f0000000000000000d0
:10ab400025e8c0031400bf8f1000be8f1800bd277a
:10ab50000800e00300000000e0ffbd271c00bfafbd
:10ab60001800beaf25f0a00301f5400f0000000063
:10ab7000049d023c34074624049d023c38074524ca
:10ab8000049d023c3c074424acf4400f000000004c
:10ab9000049d023c8c0844247d28410f00000000e5
:10aba000049d023c38074624049d023c3807452496
:10abb000049d023c3c074424acf4400f000000001c
:10abc000049d023ca40844247d28410f000000009d
:10abd000c1bf023cc8ff428c8026427cff0042304d
:10abe00001004224001202001000c2af1000c58f05
:10abf000049d023cc80844247d28410f0000000049
:10ac000080bf023c400a428c25284000049d023c43
:10ac1000dc0844247d28410f0000000080bf023c76
:10ac2000700a428c25284000049d023c00094424ff
:10ac30007d28410f00000000049d023c2c094424a3
:10ac40007d28410f00000000c1bf023cc8ff428cbc
:10ac5000c010427cff0042300800432c10006010fe
:10ac60000000000080180200049d023c80ac4224d9
:10ac7000211062000000428c08004000000000002b
:10ac8000a0ac039db8ac039dd0ac039de8ac039d84
:10ac900000ad039d18ad039d30ad039d48ad039df0
:10aca000049d023c480944247d28410f0000000017
:10acb0002a00001000000000049d023c68094424a2
:10acc0007d28410f0000000024000010000000005b
:10acd000049d023c980944247d28410f0000000097
:10ace0001e00001000000000049d023cc80944241e
:10acf0007d28410f00000000180000100000000037
:10ad0000049d023cf80944247d28410f0000000006
:10ad10001200001000000000049d023c280a442498
:10ad20007d28410f000000000c0000100000000012
:10ad3000049d023c580a44247d28410f0000000075
:10ad40000600001000000000049d023c880a442414
:10ad50007d28410f000000000000000080bf023c81
:10ad6000000a428cc003427cff0042300b004010be
:10ad700000000000049d023c38074624049d023c6c
:10ad800038074524049d023c3c074424acf4400fa2
:10ad9000000000000900001000000000049d023cbb
:10ada00038074624049d023c38074524049d023c94
:10adb00034074424acf4400f0000000080bf023c84
:10adc000000a428cc003427cff0042300400401065
:10add00000000000540002240200001000000000e7
:10ade0004600022425284000049d023cbc0a44245d
:10adf0007d28410f0000000001f5400f0000000019
:10ae00000000000025e8c0031c00bf8f1800be8fa3
:10ae10002000bd270800e00300000000e8ffbd2778
:10ae20001400bfaf1000beaf25f0a0031800c4afe0
:10ae30002510a0002000c6af1c00c2a31c00c293b6
:10ae40001000401000000000049d023c0cdc462471
:10ae5000049d023c0cdc4524049d023c10dc44248f
:10ae6000acf4400f000000001800c58f049d023ca8
:10ae700014dc44247d28410f000000001c00001059
:10ae8000000000002000c28f0400401000000000fd
:10ae90002000c28f01000324000043a0049d023c57
:10aea0002cdc4624049d023c0cdc4524049d023c21
:10aeb0002cdc4424acf4400f000000001800c58fc7
:10aec000049d023c30dc44247d28410f000000003a
:10aed000049d023c0cdc4624049d023c0cdc452411
:10aee000049d023c10dc4424acf4400f0000000040
:10aef0001c00c29325e8c0031400bf8f1000be8f52
:10af00001800bd270800e00300000000e0ffbd2797
:10af10001c00bfaf1800beaf25f0a0032f12410fd9
:10af200000000000808082af61f4400f000000004c
:10af300070f4400f0000000040000424ad22410fd7
:10af4000000000001000c2af049d023c50dc46240b
:10af5000049d023c60dc45241000c48fdc29410fb5
:10af6000000000001000c48f47f6400f00000000f2
:10af70001000c48f4400400f0000000001f5400f96
:10af800000000000049d023c2cdc4624049d023c91
:10af90000cdc4524049d023c10dc4424acf4400f3e
:10afa00000000000049d023c50dc4524049d023c4e
:10afb00074dc44247d28410f00000000049d023c05
:10afc0007cdc4624049d023c80dc4524049d023c3c
:10afd00084dc44247d28410f00000000049d023cd5
:10afe000c0dc4524049d023cd0dc44247d28410f74
:10aff00000000000049d023cf0dc4424bf27410f08
:10b0000000000000049d023cf4dc4424bf27410ff3
:10b010000000000001f5400f000000008080828fda
:10b0200025004010000000008080838f0100022472
:10b0300021006210000000008080838f0200022443
:10b040001d006210000000008080838f0300022436
:10b0500019006210000000008080838f0600022427
:10b0600015006210000000008080838f070002241a
:10b0700011006210000000008080838f0500022410
:10b080000d006210000000008080838f0400022405
:10b0900009006210000000008080838f0a000224f3
:10b0a00005006210000000008080838f0d000224e4
:10b0b0000b00621400000000049d023c0cdc4624de
:10b0c000049d023c0cdc4524049d023c2cdc442401
:10b0d000acf4400f00000000090000100000000068
:10b0e000049d023c0cdc4624049d023c0cdc4524ff
:10b0f000049d023c10dc4424acf4400f000000002e
:10b100008080838f0b0002240d006210000000007d
:10b110008080838f0c000224090062100000000070
:10b120008080838f0e000224050062100000000062
:10b130008080838f0d00022405006214000000004f
:10b14000a2b4400f0000000001a0023cf24340a066
:10b1500016ae400f0000000001a0023cb84340a022
:10b160008080828f25204000fe12410f00000000e9
:10b1700025284000049d023ca4de44247d28410f84
:10b180000000000001f5400f00000000049d023c9b
:10b190002cdc4624049d023c0cdc4524049d023c2e
:10b1a00010dc4424acf4400f00000000049d023c7d
:10b1b000d0de4424bf27410f00000000049d023c64
:10b1c0000cdc4624049d023c0cdc4524049d023c1e
:10b1d00010dc4424acf4400f00000000b9d3400f51
:10b1e000000000002530000025284000049d023c9e
:10b1f000f0de442487eb400f000000000000000058
:10b2000086bf023c2007428cc000427cff004230d7
:10b21000fbff4010000000000000000086bf023c61
:10b220002007428cc001427cff004230fbff4010ef
:10b2300000000000049d023cfcde4424bf27410fb7
:10b24000000000000f01400f00000000e13b400f34
:10b25000000000002518400001a0023c5344462491
:10b2600025286000049d023c18df442487eb400f32
:10b2700000000000ee00400f000000001400c2a318
:10b280000301400f000000001400c29325300000ad
:10b2900025284000049d023c3cdf442487eb400ffe
:10b2a0000000000016ae400f000000002530000036
:10b2b00025284000049d023c54df442487eb400fc6
:10b2c000000000005f0e410f000000002518400044
:10b2d00001a0023c5444462425286000049d023c01
:10b2e00064df442487eb400f00000000ad6f400f87
:10b2f000000000002518400001a0023c55444624ef
:10b3000025286000049d023c74df442487eb400f35
:10b31000000000008cff400f0000000025184000d6
:10b3200001a0023c5644462425286000049d023cae
:10b3300080df442487eb400f000000000000000085
:10b34000da7a400f00000000fdff4014000000000a
:10b35000e67a400f000000002518400001a0023ce2
:10b360005744462425286000049d023ca0df442465
:10b3700087eb400f0000000000000000da7a400f69
:10b3800000000000fdff40140000000004e9400f31
:10b39000000000002518400001a0023c584446244b
:10b3a00025286000049d023cc0df442487eb400f49
:10b3b0000000000000000000da7a400f00000000ea
:10b3c000fdff401400000000de9c400f0000000064
:10b3d0001500c2a38080838f0b0002240500621039
:10b3e000000000008080838f0d000224030062149f
:10b3f000000000004b9d400f000000001500c393ab
:10b4000001a0023c5944462425286000049d023cca
:10b41000d0df442487eb400f000000000000000054
:10b42000da7a400f00000000fdff40140000000029
:10b430009abe400f000000002518400001a0023c09
:10b440005a44462425286000049d023cecdf442435
:10b4500087eb400f0000000000000000da7a400f88
:10b4600000000000fdff40140000000081b6400f06
:10b47000000000002518400001a0023c5b44462467
:10b4800025286000049d023c08e0442487eb400f1f
:10b490000000000000000000da7a400f0000000009
:10b4a000fdff4014000000002528000005000424d2
:10b4b0008105410f000000001600c2a3000000003b
:10b4c000b805410f00000000fdff40100000000023
:10b4d0001600c2930800401000000000b805410f9c
:10b4e00000000000040040100000000001000224e1
:10b4f0000200001000000000251000000100423092
:10b50000ff00433001a0023c5c4446242528600033
:10b51000049d023c18e0442487eb400f000000002b
:10b5200000000000da7a400f00000000fdff401428
:10b53000000000005487400f000000002518400064
:10b5400001a0023c5d44462425286000049d023c85
:10b5500020e0442487eb400f0000000000000000c2
:10b56000da7a400f00000000fdff401400000000e8
:10b57000bd87400f000000001000401000000000d8
:10b58000e28a400f0000000001004238ff00423014
:10b59000050040100000000001a0023c3c44422491
:10b5a00001000324160043a000000000da7a400fd7
:10b5b00000000000fdff40140000000086bf033cb7
:10b5c000300462940421027c300462a4049d023c95
:10b5d0000cdc4624049d023c0cdc4524049d023c0a
:10b5e00010dc4424acf4400f00000000049d023c39
:10b5f00038e04424bf27410f000000000000000095
:10b60000da7a400f00000000fdff40140000000047
:10b6100001f5400f00000000049d023c0cdc4624b4
:10b62000049d023c0cdc4524049d023c60e0442463
:10b63000acf4400f00000000049d023c64e0442490
:10b640007d28410f0000000001f5400f00000000c0
:10b6500001a0023cb6434290ff004230050040107a
:10b660000000000038e9400f0000000001a0023c8b
:10b67000b64340a001a0023cb5434290ff004230d7
:10b680000f0040100000000001a0023c9023442461
:10b690002a77400f0000000001a0023c90234424c0
:10b6a0001b29410f00000000253040002528000024
:10b6b00001a0023c90234424a029410f0000000077
:10b6c00001a0023cb8434290ff0042302a004010e3
:10b6d0000000000001a0023cf2434290ff00423013
:10b6e000250040100000000061f4400f0000000041
:10b6f00070f4400f0000000001f5400f0000000052
:10b70000049d023c2cdc4624049d023c0cdc4524b8
:10b71000049d023c98e04424acf4400f000000007b
:10b72000049d023c9ce044247d28410f0000000061
:10b73000370b410f00000000049d023c0cdc462446
:10b74000049d023c0cdc4524049d023c60e0442442
:10b75000acf4400f00000000049d023cbce0442417
:10b760007d28410f0000000001f5400f000000009f
:10b7700001a0023cb84340a06eb6400f000000009c
:10b78000d005410f0000000005004010000000003f
:10b7900001a0023c3c444224010003240e0043a0cb
:10b7a000e205410f0000000005004010000000000d
:10b7b00001a0023c3c444224010003240f0043a0aa
:10b7c00001a0023cb4434290ff004230a0ff401071
:10b7d00000000000bab4400f000000009cff001001
:04b7e0000000000065
:020000040000fa
:020000041d03da
:10b7e40078ffbd279400a7af0000a28c6c00b3af14
:10b7f4000400d38c1c00a2af0800a28c6400b1af7b
:10b804006000b0af2000a2af1000a28c8800a4afeb
:10b814008c00a5af3400a2af0000c28c0400b18c30
:10b824000c00b08c1800a2af1800a38f25300000c4
:10b834002538000025206000252860028400bfaf61
:10b844008000beaf7c00b7af7800b6af7400b5af70
:10b854007000b4af6e1d410f6800b2af0d0040041c
:10b864000080023c1c00a28f0400423037004014c8
:10b874002000b28f1c00a28f080042300c00401040
:10b884002400a2af20000224000002a2060000103f
:10b89400ffff5226269853002d000224000002a226
:10b8a4002000a28fffff5224010002242400a2af33
:10b8b4002400a38f211803022c00a3af1800a38f28
:10b8c4002600601400f0627ef07f033c24004314e1
:10b8d400f07f043c9400a28fbfff42241a00422c44
:10b8e4001c004010059d053c059d053c14aba5249a
:10b8f400aa29410f2c00a48f1b29410f25200002e7
:10b904001c00a38f2000a78f8800a48f1000a3af72
:10b9140025280002c91e410f253040008400bf8f36
:10b924008000be8f7c00b78f7800b68f7400b58f0f
:10b934007000b48f6c00b38f6800b28f6400b18f55
:10b944006000b08f0800e0038800bd27d3ff00101b
:10b954002b000224e6ff001018aba524f07f043c62
:10b96400010083242b184300050060509400a28f2b
:10b974000c0044141800a28f0a0040109400a28ff7
:10b98400bfff42241a00422c04004050059d053c90
:10b99400059d053cd6ff00101caba524d4ff001068
:10b9a40020aba5241800a38f253000002538000003
:10b9b40025206000231d410f25286002059d173caa
:10b9c400059d033c3000a3afb0a8f58eb4a8f68e55
:10b9d4001300401425a00000612a410f9400a48f95
:10b9e4002014027c2800a2af2800a38fa501200602
:10b9f40067000224570062142800a98f0100205216
:10ba040001001124fcff822a030040142a10910231
:10ba140096014014000000005a000010650009243b
:10ba2400059d023cb8a84a8cbca84b8c253040012b
:10ba3400253860012520a0022528c0023800aaafbd
:10ba4400de13410f3c00abaf1800a48f2538600211
:10ba540025286000253080002520400025f0400086
:10ba6400231d410f2800a3af2d00401c2800a38fe5
:10ba74003800aa8f3c00ab8f0100942625a8c00390
:10ba8400eaff001025b06000130040102800a28fc8
:10ba9400110040141800a38f3800a68f25286002d7
:10baa4002538c003de13410f252060004800a68f0f
:10bab4005000a78f2520a0022528c0021800a2af9d
:10bac400de13410f2598600025a8400001000224e0
:10bad40025b060002800a2af4000a68f4400a78fc5
:10bae4002520a002c406410f2528c00225a8400035
:10baf40025b06000ffff94261800a38f2530a00214
:10bb04002538c002252060006e1d410f25286002e3
:10bb1400ddff4204d4fe822aafff001000000000c3
:10bb2400059d023cc0a8438cc4a85e8c3000a28f43
:10bb34003800a3af4800a3afbca8438cb8a8428c7c
:10bb44002800a0af5000beaf4000a2afeaff001033
:10bb54004400a3af660002240a0022150100312626
:10bb6400040081062800a38fb0a8f58eb4a8f68e31
:10bb740025a0000067000224020062106600092468
:10bb8400218834021800ac8f2558a0022550c00229
:10bb940025b8600225700000253060012538400179
:10bba400252080012528e0025c00a9af5800aeaf33
:10bbb4005000abaf5400aaafc406410f4800acaf6d
:10bbc40025204000871e410f25286000252860009d
:10bbd400252040004400a3afe124410f4000a2af60
:10bbe4004000ac8f4800af8f5400aa8f5000ab8f39
:10bbf4004400ad8f25f0e0020080173c2620fe02b1
:10bc040025306001253840012528a0011000afaf80
:10bc14001400a4af252080014800aaaf1cfa400fed
:10bc24003800a2af4000a2af25f040003000a28f40
:10bc34005000ab8f4800aa8fb8a8468cbca8478c8c
:10bc44002520600125284001c406410f26b8e302df
:10bc54005800ae8f25584000255060000100ce25c5
:10bc64004000ac8fccff2e165c00a98f059d023cd2
:10bc7400c8a8468ccca8478c2520600125286000e4
:10bc8400de13410f4800a9af25304000253860007d
:10bc94002520c0032528e0024000a2af6e1d410ffd
:10bca4004400a3af100040044800a98f4000aa8fad
:10bcb4004400ab8f2520c0032530400125386001a6
:10bcc400231d410f2528e0024000aa8f4400ab8fba
:10bcd400070040144800a98f3800a28f01004230a9
:10bce400040040141800a38f2550000025580000bc
:10bcf4001800a38f253040012538600125286002f3
:10bd040025206000550d410f4800a9af25f04000e3
:10bd14001800a2af3000a28f2520a0022528c0025f
:10bd2400b8a8468cbca8478c25b86000de13410f28
:10bd34003800a3af252040002530c0032538e00299
:10bd440025286000259840006e1d410f4000a3afd8
:10bd54005400401c4800a98f660002240100942668
:10bd6400520022154000ab8f0100312625b080021d
:10bd74002400b58f2310d1024000a2af25f00000ab
:10bd8400258800004000a28f0700561025b8a002a5
:10bd94008c00a28f1000428cfbff42242b10a202c5
:10bda400470040141800a38f070020161c00a28f20
:10bdb400100042300400401021b817022e00022463
:10bdc4000100b5260000e2a221201502650002242c
:10bdd40022002215000080a003008106251800001f
:10bde40023a01400010003243400a28ffeff4a267e
:10bdf4000a000724ffff4224212802020000a0a019
:10be04000200052488008016219045018600a01cac
:10be14002d0006242b0005240b28c3002518a000a0
:10be240021280202ffffa3a09400a38f450005244c
:10be3400feff4224bfff63241a00632c0b48a300b7
:10be44002aa8a202212802020000a9a00300a0122d
:10be5400feff5226aa29410f000000001c00a28ff9
:10be64000200032403004230a3fe43140000000038
:10be7400a1fe401a000000001b29410f25200002ea
:10be84002400a38f2a18430071006010253040025b
:10be94002c00a48fa029410f3000052496fe001029
:10bea4002000a0af2598a0022558c00265003639ad
:10beb400251080020a101600adff001025b04000c6
:10bec4003800a28f253860012530600225206000eb
:10bed400252840005400a9afc406410f5000abaf61
:10bee40025204000871e410f2528600025204000a2
:10bef400252860004c00a3afe124410f4800a2af05
:10bf04000a004428090003240a1064001c00a38fbb
:10bf14004800ae8f4c00af8f1000633025186200cc
:10bf24005000ab8f0c0060145400a98f2800a48f1c
:10bf34006700032408008314000000001d00c006ed
:10bf44000100d7272518a0022120150225b8c00317
:10bf54000e00001030000524fbff20162518a00257
:10bf6400faffc3062120150221b817022e0003246c
:10bf74000100b526ffff52260000e3a2f1ff0010e6
:10bf840001001124fffff72601008424fdffe05681
:10bf9400000085a0ffff52260100b52621180302e8
:10bfa40023905e0221a8be023000422421f07e00cc
:10bfb4000000c2a33800a28f1800a58f00801e3c89
:10bfc4002620c20325306002253860011000a5af89
:10bfd4001400a4af2528e0012520c0015000a9af1a
:10bfe4001cfa400f4800abaf1800a2af2610c303e1
:10bff4003800a2af3000a28f4800ab8f252060022a
:10c00400b8a8468cbca8478c25286001c406410ffb
:10c01400ffffd626259840002558600025f0e00251
:10c0240058ff00105000a98f1a008702f401e000a5
:10c03400ffff422421580202ffffa5241030000014
:10c044003000c624000066a16eff001012a000009c
:10c054002118020200006480211842022118030200
:10c06400000064a086ff0010ffff4224c1fe810689
:10c074002800a38fb7fe00106600092461fe00109b
:10c08400060011245ffe621006001124b1fe0010a8
:04c0940025486000db
:020000040000fa
:020000041d03da
:10c09800436f6e66696775726174696f6e00000c34
:10c0a8005553422047656e6572616c0055534220b6
:10c0b8004672616d696e670055534220506172691e
:10c0c80074790000555342204f76657272756e0080
:10c0d80055534220545820444d41000055534220a6
:10c0e800525820444d410000446561646d616e20e2
:10c0f80054696d657200000c53797374656d204244
:10c1080075732050726f74656374696f6e20566919
:10c118006f6c6174696f6e005072656665746368f0
:10c12800204d6f64756c652053454300436c6f6305
:10c138006b204661696c75726500000c5761746309
:10c1480068646f672054696d65722054696d656f06
:10c1580075740000446561646d616e2054696d6595
:10c16800722054696d656f757400000c4d4355203d
:10c178005644442042726f776e6f75740000000c4d
:10c188004d43552056444420484c56442042726f33
:10c19800776e6f757400000c4d435520564444204b
:10c1a800436f726520484c56442042726f776e6f19
:10c1b80075740000414443205265666572656e637c
:10c1c80065204661756c740041444320436f6e6678
:10c1d800696775726174696f6e204572726f72005b
:10c1e80044445232204d504c4c20566f6c74616759
:10c1f8006520526567756c61746f722054696d654e
:10c208006f75740044445232204d504c4c204c6f92
:10c21800636b2054696d656f757400004444523235
:10c2280020496e697420436f6d6d616e642053659b
:10c238007175656e63652054696d656f757400006e
:10c24800444452322053656c662d43616c696272b6
:10c258006174696f6e2054696d656f757400000ca8
:10c268004444523220426f6f742053656c662d54db
:10c27800657374204661696c656400005379737452
:10c28800656d20436c6f636b20496e697400000c08
:10c298004865617274626561742054696d657220c5
:10c2a800496e69740000000c5553422055415254a0
:10c2b80020496e697400000c507265666574636885
:10c2c80020496e697400000c506572697068657267
:10c2d800616c204d6f64756c652044697361626c94
:10c2e8006520496e697400005761746368646f67fc
:10c2f8002054696d657220496e6974005254434335
:10c3080020496e697400000c41444320496e6974e9
:10c318000000000c493243204d6173746572204956
:10c328006e697400484c564420496e697400000ccc
:10c338004444523220496e69740000003100000004
:10c348003000000032000000416e616c6f6720749d
:10c358006f204469676974616c20436f6e766572fb
:10c36800746572205374617475733a0a0d00000085
:10c37800456e61626c65640044697361626c6564f2
:10c3880000000000202020204144432025730a0d8e
:10c3980000000000202020204144433720526573cc
:10c3a8006f6c7574696f6e3a200000003620626900
:10c3b80074730a0d000000003820626974730a0d56
:10c3c80000000000313020626974730a0d0000001b
:10c3d800313220626974730a0d000000467261638d
:10c3e80074696f6e616c0000496e746567657200f0
:10c3f800202020204672616374696f6e20466f7238
:10c408006d61743a2025730a0d0000002020202059
:10c41800414443205363616e2054726967676572b3
:10c4280020536f757263653a200000004e6f2054e8
:10c438007269676765720a0d00000000476c6f62d9
:10c44800616c20736f6674776172652065646765d7
:10c45800207472696767657220284753575452479a
:10c46800290a0d00476c6f62616c206c6576656cfb
:10c4780020736f6674776172652074726967676587
:10c48800722028474c5357545247290a0d00000080
:10c49800494e54302045787465726e616c20696e1f
:10c4a800746572727570740a0d000000544d523133
:10c4b800206d617463680a0d00000000544d52330a
:10c4c800206d617463680a0d00000000544d5235f8
:10c4d800206d617463680a0d000000004f434d50e1
:10c4e800310a0d004f434d50330a0d004f434d5054
:10c4f800350a0d00436f6d70617261746f7220317f
:10c508002028434f5554290a0d000000436f6d70d1
:10c51800617261746f7220322028434f5554290a82
:10c528000d000000556e646566696e65640a0d004d
:10c538004c6576656c000000456467650000000086
:10c54800202020205363616e2054726967676572ea
:10c558002053656e73697469766974793a20257316
:10c568000a0d000073757370656e646564000000e1
:10c578006e6f742073757370656e64656400000077
:10c58800202020205363616e2054726967676572aa
:10c598002053757370656e73696f6e3a2025730a40
:10c5a8000d00000052656164790000004e6f742030
:10c5b80052656164790000002020202042616e6489
:10c5c800676170205265666572656e636520537495
:10c5d800617475733a2025730a0d00006661756ce5
:10c5e80074790000776f726b696e672070726f7074
:10c5f80065726c79000000002020202042616e6482
:10c60800676170205265666572656e63652069733f
:10c618002025730a0d0000002020202041444337c4
:10c628002053616d706c652054696d6520285453e2
:10c63800414d3729203d202564202a205441443784
:10c648000a0d0000202020204144433720436c6f0e
:10c65800636b20285441443729203d202564202a33
:10c668002054510a0d00000020202020414443207e
:10c67800436c6f636b20536f757263652028544356
:10c688004c4b293a200000005042434c4b330a0dd2
:10c698000000000053797374656d20436c6f636b01
:10c6a8002028544359290a0d0000000052454643ea
:10c6b8004c4b330a0d0000004652430a0d0000009f
:10c6c8002020202041444320436f6e74726f6c20f9
:10c6d800436c6f636b2028545129203d202564202a
:10c6e8002a2054434c4b0a0d000000006469676916
:10c6f80074616c20656e61626c6564006469676969
:10c7080074616c2064697361626c65640000000088
:10c7180020202020414443302069732025730a0dce
:10c72800000000002020202041444331206973206c
:10c7380025730a0d000000002020202041444332c8
:10c748002069732025730a0d000000002020202096
:10c75800414443332069732025730a0d000000000b
:10c7680020202020414443342069732025730a0d7a
:10c778000000000020202020414443372069732016
:10c7880025730a0d0000000020202020566f6c74cd
:10c79800616765207265666572656e63652073659d
:10c7a8006c656374696f6e3a20000000415644441a
:10c7b80020616e6420415653530a0d005652454677
:10c7c8004820616e6420415653530a0d0000000052
:10c7d8004156444420616e6420565245464c0a0d29
:10c7e80000000000565245464820616e64205652ab
:10c7f80045464c0a0d000000616e616c6f6720654c
:10c808006e61626c65640000616e616c6f672064c4
:10c81800697361626c6564002020202041444320d4
:10c828007761726d757020636f756e7420657870ae
:10c838006f6e656e74203d2025640a0d00000000af
:10c848007761726d6564207570000000636f6c64b9
:10c8580000000000202020204144433020636f6ef8
:10c8680066696720646174613a20307825303858e9
:10c878000a0d0000202020204144433120636f6ec0
:10c8880066696720646174613a20307825303858c9
:10c898000a0d0000202020204144433220636f6e9f
:10c8a80066696720646174613a20307825303858a9
:10c8b8000a0d0000202020204144433320636f6e7e
:10c8c80066696720646174613a2030782530385889
:10c8d8000a0d0000202020204144433420636f6e5d
:10c8e80066696720646174613a2030782530385869
:10c8f8000a0d0000202020204144433720636f6e3a
:10c9080066696720646174613a2030782530385848
:08c918000a0d0a0d00000000e9
:020000040000fa
:020000041d03da
:10c920000400a28c70ffbd278000b6af1c00a2af30
:10c930000800a28c7c00b5af0000d68c0400d58c1a
:10c940001800a2af1000a28c8800beaf6c00b1af7f
:10c950006800b0af9000a4af2588e0000000be8c56
:10c960000c00b08c25300000253800002520c002c6
:10c970002528a0028c00bfaf8400b7af7800b4af09
:10c980007400b3af7000b2af6e1d410f4000a2af94
:10c99000080040040400c233340040140800d433bb
:10c9a0001800a28f0b0080123000a2af040000100c
:10c9b000200002240080023c26a855002d000224fd
:10c9c000000002a21800a28f01001424ffff4224dd
:10c9d0003000a2afbfff232600f0a27e2500c016c4
:10c9e0002000a3aff07f033c23004354f07f053cbd
:10c9f0002000a28f059d113c212014021a00422c18
:10ca00000300401008ab2526059d053c04aba5247a
:10ca1000aa29410f0000000008ab24261b29410f62
:10ca2000000000001800a78f9000a48f1000beaf78
:10ca300025280002c91e410f253040008c00bf8f01
:10ca40008800be8f8400b78f8000b68f7c00b58fc2
:10ca50007800b48f7400b38f7000b28f6c00b18f08
:10ca60006800b08f0800e0039000bd27d4ff0010dd
:10ca70002b000224f07f053c2000a48f0100a3249a
:10ca80002b18430021b81402050060101a00842cf2
:10ca90000c004514300002240b00c012580003247f
:10caa000059d113c0300801010ab2526059d053c1b
:10cab0000caba524aa29410f2520e002d7ff0010c6
:10cac00010ab2426580003240000e2a278000224c0
:10cad0000b10640025300000253800002520c0021e
:10cae0002528a002231d410f4400a2af059d033c51
:10caf00025980000c0a7718c15014014c4a7728c42
:10cb00001c00a28f1c00a48f1800032400004228e0
:10cb10000a1882004400a28f3800a3af25482002e3
:10cb20000100e2a2010062244400a2af25404002bd
:10cb30002800b6af2400b5af25b800002800ab8fa1
:10cb40002400aa8f253020012520600125284001de
:10cb5000253800012400abaf2800aaaf5400a9afcc
:10cb6000c406410f5000a8af25204000871e410f8a
:10cb7000252860005400a98f5000a88f2520400070
:10cb80002530200125380001252860005800a9af74
:10cb90005400a8af4800a2afde13410f4c00a3af72
:10cba0002400ab8f2800aa8f25304000252060018b
:10cbb00025284001530d410f25386000059d0c3c90
:10cbc0005800a98f5400a88fd8a7868ddca7878d21
:10cbd00025202001252800012800a2af6000a2af77
:10cbe0002400a3af5c00a3afde13410f5000acaf35
:10cbf000254840001c00a28f254060000d00410424
:10cc00000100f7266000ab8f5c00aa8f2530000082
:10cc10002538000025206001252840015400a9afd7
:10cc2000231d410f5800a3af5400a98f05004010e9
:10cc30005800a88f4400a28fc0ff57143800a28f5d
:10cc400001005724059d023ce0a7468ce4a7478cd1
:10cc500025202001de13410f25280001253040004a
:10cc6000253860003800a2af3c00a3af2400a28f9b
:10cc70002800a38f252840006e1d410f252060004d
:10cc8000150040043800a88f3c00a98f2800a38f0e
:10cc90002400a28f253000012538200125206000c6
:10cca000231d410f252840003800a88f0c00401498
:10ccb0003c00a98f4800a48f4c00a58f2800a8af86
:10ccc000e124410f2c00a9af010042302800a88fb9
:10ccd000030040142c00a98f2540000025480000c7
:10cce00025300001253820012520c002550d410fb7
:10ccf0002528a0022400a3af020094262800a2af9a
:10cd00000400401400f0637cf07f023c39ff6210a5
:10cd10002000a28f3000a28f25a8800225480000a5
:10cd2000feff4a24231017003800a2af25b80000e8
:10cd300025b000004000a28ffbff42242b10a2026e
:10cd4000370040102568a0022800a38f2400a28f7e
:10cd5000253020022538400225206000252840008b
:10cd60005400aaaf4400a9afc406410f4800adafbc
:10cd700025204000871e410f252860002520400007
:10cd8000252860003000a2afe124410f3400a3af9a
:10cd90004800ad8f4400a98fb50040145400aa8ffd
:10cda000bc00c0522bb81700010029253000a48f09
:10cdb0003400a58f25302002253840024400aaaf58
:10cdc000de13410f4800a9af253040002538600030
:10cdd0002400a28f2800a38fffffd626252840001d
:10cde000530d410f252060002800a2af5000a28ff4
:10cdf0002520200225284002d8a7468cdca7478c96
:10ce0000de13410f2400a3af258840003800a28f15
:10ce1000259060004800a98fc6ff56144400aa8fd1
:10ce20001400e01621201502cf0020112110150258
:10ce30001c00a38fcc0060180100c333ca0060142b
:10ce40002e000324000043a02118350121180302fd
:10ce500030000424010044a001004224fdff4314db
:10ce600021403501274809000100152521502a01dc
:10ce700021201502000080a0030061062518000093
:10ce800023981300010003244000a28fffff4a25ce
:10ce900001000924ffff4224212802020000a0a073
:10cea0000a000724010005249e0060162188450120
:10ceb0009c00a9102d0006242b0005240b28c3007c
:10cec0002518a00021280202ffffa3a02000a38fa5
:10ced00050000624700005241a00632c0b28c300a0
:10cee000feff42242518a000212802022a10a202d7
:10cef000030040100000a3a0aa29410f0000000079
:10cf00000300c233020003240c004314feff322648
:10cf1000c2fe401a252000021b29410f25200002d5
:10cf20002a18540089006010253040023000052482
:10cf3000a029410f212014021800a0afb7fe001055
:10cf4000252000020100732625882001259060001d
:10cf5000253020022538400225202002550d410fa2
:10cf60002528400225386000253040002520c002d9
:10cf70002528a0022800a3af6e1d410f2400a2aff8
:10cf80002800a38fefff41042400a98f059d023cd8
:10cf9000c8a7438ccca7428c2800a3af2400a2af23
:10cfa000059d023cd0a7438cd4a7428c3800a3af88
:10cfb0004800a2af4800a28f5000a3af5400a2af18
:10cfc0002800a28f5800a2af2400a28f5c00a2af5d
:10cfd00025302002253840022520c0026e1d410f59
:10cfe0002528a002c6fe41042800a68f2400a78f92
:10cff00025202002de13410f252840022520400075
:10d000002530000025380000231d410f2528600031
:10d010000e0040143800a68f4800a78f252020025c
:10d02000de13410f252840025000a68f5400a78f21
:10d030002520c0022528a00225884000de13410fcc
:10d040002590600025b0400025a860005800a68ffc
:10d050005c00a78f25202002de13410f2528400207
:10d060002588400025906000d9ff0010ffff73263f
:10d070000900e0162518a0020700c01221680d0261
:10d080002e0003240100b526ffff4a250000a3a1be
:10d09000010017242518a0022128150225202001af
:10d0a00004000010300006240000a6a0ffff842426
:10d0b0000100a524fcff80140100a826ffff4a25db
:10d0c0002350490121a80901214823010a004328ce
:10d0d0002148090202006010570044243000442413
:10d0e0002000a28f1a00422c0b0040102000823436
:10d0f0009fff42241a00422c08004050000024a147
:10d100004400a9af922a410f4800aaaf4400a98f5a
:10d110004800aa8f25204000000024a123ff001012
:10d12000254800001a006702f401e000ffff4224d6
:10d1300021580202ffffa524103000003000c62451
:10d14000000066a158ff001012980000211802028a
:10d15000000064802118220221180302feff64a04f
:10d160006fff0010ffff42241000c33341ff601027
:10d17000212015022e0003240100b5263cff0010db
:04d18000000043a0c8
:020000040000fa
:020000041d03da
:10d18400e8ffbd271400bfaf1000beaf25f0a00319
:10d19400049d023cc45544247d28410f0000000036
:10d1a4000000000025e8c0031400bf8f1000be8fec
:10d1b4001800bd270800e00300000000e8ffbd27b9
:10d1c4001400bfaf1000beaf25f0a003049d023cc5
:10d1d400cc5544247d28410f0000000000000000cd
:10d1e40025e8c0031400bf8f1000be8f1800bd27b0
:10d1f4000800e00300000000e8ffbd271400bfaff3
:10d204001000beaf25f0a003049d023cd055442479
:10d214007d28410f000000000000000025e8c00345
:10d224001400bf8f1000be8f1800bd270800e00354
:10d2340000000000e8ffbd271400bfaf1000beaf20
:10d2440025f0a003049d023cd45544247d28410fbd
:10d25400000000000000000025e8c0031400bf8f98
:10d264001000be8f1800bd270800e0030000000076
:10d27400e8ffbd271400bfaf1000beaf25f0a00328
:10d28400049d023cd85544247d28410f0000000031
:10d294000000000025e8c0031400bf8f1000be8ffb
:10d2a4001800bd270800e00300000000d0ffbd27e0
:10d2b4002c00bfaf2800beaf25f0a0033000c4afe0
:10d2c4003400c5af3800c6af1000c0a3080000107a
:10d2d400000000001000c2931000c3272110620058
:10d2e400040040a01000c293010042241000c2a315
:10d2f4001000c2931000422cf6ff401400000000fe
:10d304001400c32710000624049d023cdc55452468
:10d3140025206000b429410f000000001400c2273a
:10d324003800c58f25204000e528410f000000008b
:10d334001400c227252040001b29410f00000000d3
:10d344001400c327211062003b000324000043a003
:10d3540033000324010043a0020040a01400c227ac
:10d364003000c58f25204000e528410f0000000053
:10d374001400c227252040001b29410f0000000093
:10d384001400c327211062003b000324000043a0c3
:10d3940034000324010043a0020040a01400c2276b
:10d3a4003400c58f25204000e528410f000000000f
:10d3b4001400c227252040001b29410f0000000053
:10d3c4001400c327211062006d000324000043a051
:10d3d400010040a01400c227252040007d28410ff1
:10d3e400000000000000000025e8c0032c00bf8fef
:10d3f4002800be8f3000bd270800e00300000000b5
:10d40400e8ffbd271400bfaf1000beaf25f0a00396
:10d41400049d023ce05544247d28410f0000000097
:10d424000000000025e8c0031400bf8f1000be8f69
:10d434001800bd270800e00300000000e8ffbd2736
:10d444001400bfaf1000beaf25f0a00301f5400fdc
:10d454000000000061f4400f0000000070f4400f71
:10d4640000000000049d023cec5544247d28410f3b
:10d4740000000000049d023c005644247d28410f16
:10d484000000000001f5400f00000000049d023c74
:10d494001c564624049d023c20564524049d023c0f
:10d4a4001c564424acf4400f00000000049d023cd0
:10d4b400245644247d28410f0000000001f5400f4c
:10d4c40000000000049d023c1c564624049d023cbe
:10d4d4001c564524049d023c3c564424acf4400fa5
:10d4e40000000000049d023c405644247d28410f66
:10d4f4000000000001f5400f00000000049d023c04
:10d504001c564624049d023c1c564524049d023ca2
:10d5140054564424acf4400f00000000049d023c27
:10d52400585644247d28410f0000000001f5400fa7
:10d5340000000000049d023c1c564624049d023c4d
:10d544001c564524049d023c70564424acf4400f00
:10d5540000000000049d023c745644247d28410fc1
:10d564000000000001f5400f00000000049d023c93
:10d574001c564624049d023c20564524049d023c2e
:10d584008c564424acf4400f00000000049d023c7f
:10d59400905644247d28410f0000000001f5400fff
:10d5a40000000000049d023c1c564624049d023cdd
:10d5b4001c564524049d023ca4564424acf4400f5c
:10d5c40000000000049d023ca85644247d28410f1d
:10d5d4000000000001f5400f00000000049d023c23
:10d5e4001c564624049d023c1c564524049d023cc2
:10d5f400c0564424acf4400f00000000049d023cdb
:10d60400c45644247d28410f0000000001f5400f5a
:10d6140000000000049d023c1c564624049d023c6c
:10d624001c564524049d023c20564424acf4400f6f
:10d6340000000000049d023cd85644247d28410f7c
:10d644000000000001f5400f00000000049d023cb2
:10d654001c564624049d023c3c564524049d023c31
:10d664001c564424acf4400f00000000049d023c0e
:10d67400fc5644247d28410f0000000001f5400fb2
:10d6840000000000049d023c1c564624049d023cfc
:10d6940054564524049d023c1c564424acf4400fcb
:10d6a40000000000049d023c205744247d28410fc3
:10d6b4000000000001f5400f00000000049d023c42
:10d6c4001c564624049d023c70564524049d023c8d
:10d6d4001c564424acf4400f00000000049d023c9e
:10d6e400445744247d28410f0000000001f5400ff9
:10d6f40000000000049d023c1c564624049d023c8c
:10d704008c564524049d023c20564424acf4400f1e
:10d7140000000000049d023c685744247d28410f0a
:10d724000000000001f5400f00000000049d023cd1
:10d734001c564624049d023ca4564524049d023ce8
:10d744001c564424acf4400f00000000049d023c2d
:10d754008c5744247d28410f0000000001f5400f40
:10d7640000000000049d023c1c564624049d023c1b
:10d77400c0564524049d023c1c564424acf4400f7e
:10d7840000000000049d023cb45744247d28410f4e
:10d794000000000001f5400f00000000049d023c61
:10d7a4001c564624049d023c20564524049d023cfc
:10d7b4001c564424acf4400f00000000049d023cbd
:10d7c400d85744247d28410f0000000001f5400f84
:10d7d40000000000049d023c3c564624049d023c8b
:10d7e4001c564524049d023c20564424acf4400fae
:10d7f40000000000049d023cfc5744247d28410f96
:10d804000000000001f5400f00000000049d023cf0
:10d814008c564624049d023c1c564524049d023c1f
:10d8240020564424acf4400f00000000049d023c48
:10d83400105844247d28410f0000000001f5400fda
:10d8440000000000049d023ca4564624049d023cb2
:10d854001c564524049d023c20564424acf4400f3d
:10d8640000000000049d023c2c5844247d28410ff4
:10d874000000000001f5400f00000000049d023c80
:10d8840020564624049d023c1c564524049d023c1b
:10d8940020564424acf4400f00000000049d023cd8
:10d8a400445844247d28410f0000000001f5400f36
:10d8b40000000000049d023c5c5844247d28410f74
:10d8c40000000000049d023c1c564624049d023cba
:10d8d4001c564524049d023c54564424acf4400f89
:10d8e40000000000049d023c745844247d28410f2c
:10d8f4000000000001f5400f0000000000000000df
:10d9040025e8c0031400bf8f1000be8f1800bd2788
:10d914000800e00300000000e8ffbd271400bfafcb
:10d924001000beaf25f0a0031800c4af1800c58fc7
:10d93400049d023cb05844247d28410f000000009f
:10d944000000000025e8c0031400bf8f1000be8f44
:0cd954001800bd270800e00300000000e0
:020000040000fa
:020000041d03da
:10d96000436f6e66696775726174696f6e00000c53
:10d970005553422047656e6572616c0055534220d5
:10d980004672616d696e670055534220506172693d
:10d9900074790000555342204f76657272756e009f
:10d9a00055534220545820444d41000055534220c5
:10d9b000525820444d410000446561646d616e2001
:10d9c00054696d657200000c53797374656d204263
:10d9d00075732050726f74656374696f6e20566939
:10d9e0006f6c6174696f6e00507265666574636810
:10d9f000204d6f64756c652053454300436c6f6325
:10da00006b204661696c75726500000c5761746328
:10da100068646f672054696d65722054696d656f25
:10da200075740000446561646d616e2054696d65b4
:10da3000722054696d656f757400000c4d4355205c
:10da40005644442042726f776e6f75740000000c6c
:10da50004d43552056444420484c56442042726f52
:10da6000776e6f757400000c4d435520564444206a
:10da7000436f726520484c56442042726f776e6f38
:10da800075740000414443205265666572656e639b
:10da900065204661756c740041444320436f6e6697
:10daa000696775726174696f6e204572726f72007a
:10dab00044445232204d504c4c20566f6c74616778
:10dac0006520526567756c61746f722054696d656d
:10dad0006f75740044445232204d504c4c204c6fb2
:10dae000636b2054696d656f757400004444523255
:10daf00020496e697420436f6d6d616e64205365bb
:10db00007175656e63652054696d656f757400008d
:10db1000444452322053656c662d43616c696272d5
:10db20006174696f6e2054696d656f757400000cc7
:10db30004444523220426f6f742053656c662d54fa
:10db4000657374204661696c656400005379737471
:10db5000656d20436c6f636b20496e697400000c27
:10db60004865617274626561742054696d657220e4
:10db7000496e69740000000c5553422055415254bf
:10db800020496e697400000c5072656665746368a4
:10db900020496e697400000c506572697068657286
:10dba000616c204d6f64756c652044697361626cb3
:10dbb0006520496e697400005761746368646f671b
:10dbc0002054696d657220496e6974005254434354
:10dbd00020496e697400000c41444320496e697409
:10dbe0000000000c493243204d6173746572204976
:10dbf0006e697400484c564420496e697400000cec
:10dc00004444523220496e697400000c3000000c0c
:10dc10003200000c20202020257320496e69746991
:10dc2000616c697a65640d0a0000000c3100000c1b
:10dc3000202020202573204641494c454420746f04
:10dc400020696e697469616c697a650d0a0000006b
:10dc5000546865726d616c2043616d65726100008e
:10dc600025732053657269616c205465726d696e0d
:10dc7000616c000025730d0a0000000041000000e7
:10dc8000302e3200486f7374204669726d7761726e
:10dc9000652056657273696f6e3a2025732c20508b
:10dca0006c6174666f726d20486172647761726531
:10dcb000205265766973696f6e3a2025730d0a00ec
:10dcc000446563656d626572203230323400000055
:10dcd00043726561746564206279204472657720bf
:10dce0004d6161746d616e2c2025730d0a0000007a
:10dcf0000d0000000d0a20205f5f5f5f5f205f2046
:10dd00002020202020202020202020202020202013
:10dd100020202020202020202020202020205f20c4
:10dd20002020205f5f5f5f202020202020202020f7
:10dd300020202020202020202020202020202020e3
:10dd40002020202020200d0a207c5f2020205f7cc6
:10dd5000207c5f5f2020205f5f5f205f205f5f206f
:10dd60005f205f5f205f5f5f2020205f5f205f7c20
:10dd7000207c20202f205f5f5f7c5f5f205f205f23
:10dd8000205f5f205f5f5f2020205f5f5f205f205c
:10dd90005f5f205f5f205f200d0a2020207c207cb9
:10dda000207c20275f205c202f205f205c20275fc5
:10ddb0005f7c20275f2060205f205c202f205f6039
:10ddc000207c207c207c207c2020202f205f602055
:10ddd0007c20275f2060205f205c202f205f205c5c
:10dde00020275f5f2f205f60207c0d0a2020207c91
:10ddf000207c207c207c207c207c20205f5f2f20ca
:10de00007c20207c207c207c207c207c207c202886
:10de10005f7c207c207c207c207c5f5f7c20285fd6
:10de20007c207c207c207c207c207c207c20205f2f
:10de30005f2f207c207c20285f7c207c0d0a202006
:10de4000207c5f7c207c5f7c207c5f7c5c5f5f5ff4
:10de50007c5f7c20207c5f7c207c5f7c207c5f7ce6
:10de60005c5f5f2c5f7c5f7c20205c5f5f5f5f5c42
:10de70005f5f2c5f7c5f7c207c5f7c207c5f7c5cb8
:10de80005f5f5f7c5f7c20205c5f5f2c5f7c0d0aa6
:10de90002020202020202020202020202020200d95
:10dea000000000000d0a4361757365206f66206de8
:10deb0006f737420726563656e7420646576696340
:10dec000652072657365743a2025730d0a0d0a008a
:10ded000426567696e6e696e6720486f737420498a
:10dee0006e697469616c697a6174696f6e3a0d006c
:10def0004750494f2050696e7300000020202020b9
:10df0000496e70757420706f776572206973207325
:10df10007461626c650d00004f7363696c6c6174b1
:10df20006f72732c20504c4c2c20616e64205379fe
:10df30007374656d20436c6f636b7300496e746519
:10df4000727275707420436f6e74726f6c6c657250
:10df5000000000004572726f722048616e646c654b
:10df600072000000486561727462656174205469d2
:10df70006d65720055534220554152540000000017
:10df800043505520496e737472756374696f6e20c7
:10df90005072656665746368204d6f64756c6500ca
:10dfa0005065726970686572616c204d6f64756c44
:10dfb000652044697361626c652028504d442900d6
:10dfc0005761746368646f672054696d65720000ff
:10dfd0005265616c2054696d6520436c6f636b2dd5
:10dfe00043616c656e64617200000000416e616c9b
:10dff0006f6720746f204469676974616c20436f98
:10e000006e766572746572004932432042757320e2
:10e010004d61737465720000484c56440000000066
:10e020004444523220534452414d20436f6e747227
:10e030006f6c6c65720000002020202052657365b3
:10e0400074204c45442044697361626c65642c20e3
:10e05000626f6f7420636f6d706c6574650d000086
:10e06000330000000a0d54797065202748656c70f4
:10e070002720666f72206c697374206f6620737539
:10e0800070706f7274656420636f6d6d616e647320
:10e090000a0d0a0d00000000360000004c6976658c
:10e0a0002073797374656d2074656c656d65747229
:10e0b000793a1b5b4b0a0d1b5b4b000043616c6c98
:10e0c00020274c6976652054656c656d657472799e
:10e0d0002720636f6d6d616e6420746f20646973b7
:0ce0e00061626c651b5b4b0a0d000000c8
:020000040000fa
:020000041d03da
:10e0f000436f6e66696775726174696f6e00000cbc
:10e100005553422047656e6572616c00555342203d
:10e110004672616d696e67005553422050617269a5
:10e1200074790000555342204f76657272756e0007
:10e1300055534220545820444d410000555342202d
:10e14000525820444d410000446561646d616e2069
:10e1500054696d657200000c53797374656d2042cb
:10e1600075732050726f74656374696f6e205669a1
:10e170006f6c6174696f6e00507265666574636878
:10e18000204d6f64756c652053454300436c6f638d
:10e190006b204661696c75726500000c5761746391
:10e1a00068646f672054696d65722054696d656f8e
:10e1b00075740000446561646d616e2054696d651d
:10e1c000722054696d656f757400000c4d435520c5
:10e1d0005644442042726f776e6f75740000000cd5
:10e1e0004d43552056444420484c56442042726fbb
:10e1f000776e6f757400000c4d43552056444420d3
:10e20000436f726520484c56442042726f776e6fa0
:10e2100075740000414443205265666572656e6303
:10e2200065204661756c740041444320436f6e66ff
:10e23000696775726174696f6e204572726f7200e2
:10e2400044445232204d504c4c20566f6c746167e0
:10e250006520526567756c61746f722054696d65d5
:10e260006f75740044445232204d504c4c204c6f1a
:10e27000636b2054696d656f7574000044445232bd
:10e2800020496e697420436f6d6d616e6420536523
:10e290007175656e63652054696d656f75740000f6
:10e2a000444452322053656c662d43616c6962723e
:10e2b0006174696f6e2054696d656f757400000c30
:10e2c0004444523220426f6f742053656c662d5463
:10e2d000657374204661696c6564000053797374da
:10e2e000656d20436c6f636b20496e697400000c90
:10e2f0004865617274626561742054696d6572204d
:10e30000496e69740000000c555342205541525427
:10e3100020496e697400000c50726566657463680c
:10e3200020496e697400000c5065726970686572ee
:10e33000616c204d6f64756c652044697361626c1b
:10e340006520496e697400005761746368646f6783
:10e350002054696d657220496e69740052544343bc
:10e3600020496e697400000c41444320496e697471
:10e370000000000c493243204d61737465722049de
:10e380006e697400484c564420496e697400000c54
:10e390004444523220496e6974000000300000008d
:10e3a0003200000031000000656e61626c6564003f
:10e3b00064697361626c65640000000020202020a5
:10e3c000493243204d6173746572204d6f64756ce2
:10e3d000652069732025730a0d0000003530306e0a
:10e3e000730000003130306e7300000020202020c8
:10e3f0004932432053444120686f6c642074696d36
:10e40000652073657420746f2025730a0d00000069
:10e4100044697361626c656400000000456e61626e
:10e420006c65640020202020493243204d617374c4
:10e430006572204d6f64756c6520257320696e20b0
:10e4400049646c65204d6f64650a0d002020202012
:10e4500053747269637420616464726573732065b8
:10e460006e666f7263656d656e74206973202573c7
:10e470000a0d0000202020203130206269742061c4
:10e48000646472657373696e672069732025730a0b
:10e490000d000000202020204472697665207374ee
:10e4a00072656e67746820736c657720726174653d
:10e4b00020636f6e74726f6c2069732025730a0d70
:10e4c00000000000534d42757300000049324300c4
:10e4d00020202020492f4f206c6f676963207468cb
:10e4e000726573686f6c64732073657420746f2039
:10e4f0002573206c6576656c730a0d004e41434ba5
:10e500000000000041434b00202020204e6578741d
:10e510002061636b6e6f776c6564676520736571ee
:10e5200075656e6365206973206120646174612084
:10e5300025730a0d000000002020202041636b6e2f
:10e540006f776c656467652073657175656e63656b
:10e550002069732063757272656e746c79202573ff
:10e560000a0d000072656164696e670077726974f4
:10e57000696e6700202020204d61737465722069e8
:10e58000732063757272656e746c792025730a0d41
:10e59000000000002020202053746f7020636f6ef5
:10e5a000646974696f6e2069732063757272656e39
:10e5b000746c792025730a0d00000000696e2070cc
:10e5c000726f6772657373006e6f7420696e20706e
:10e5d000726f67726573730020202020526570652a
:10e5e0006174656420737461727420636f6e646912
:10e5f00074696f6e2069732025730a0d0000000096
:10e6000020202020537461727420636f6e646974db
:10e61000696f6e2069732063757272656e746c79b0
:10e620002025730a0d000000202020202573207271
:10e63000656365697665642066726f6d20736c61d1
:10e6400076650a0d00000000202020204d617374c3
:10e650006572207472616e736d69742069732063d2
:10e66000757272656e746c792025730a0d00000056
:10e670006465746563746564000000006e6f7420e7
:10e6800064657465637465640000000020202020c8
:10e6900042757320636f6c6c6973696f6e202573ac
:10e6a0000a0d00006d617463686564006e6f74200c
:10e6b0006d61746368656400202020203130206221
:10e6c000697420616464726573732025730a0d0098
:10e6d0006f63637572726564000000006e6f742072
:10e6e0006f63637572726564000000002020202053
:10e6f000577269746520636f6c6c6973696f6e2003
:10e700006861732025730a0d00000000202020207e
:10e7100052656365697665206f766572666c6f77a2
:10e72000206861732025730a0d000000202020203e
:10e7300053746f7020626974207761732025730aa7
:10e740000d000000202020205374617274206f722d
:10e7500020726570656174656420737461727420e1
:10e7600025730a0d0000000066756c6c0000000047
:10e77000656d70747900000020202020526563656b
:10e7800069766520627566666572206973206375b7
:10e790007272656e746c792025730a0d000000009a
:10e7a000202020205472616e736d6974206275663a
:10e7b0006665722069732063757272656e746c7918
:10e7c0002025730a0d00000020202020493243201c
:10e7d0004261756420526174652047656e6572619f
:10e7e000746f722069732073657420746f203078a1
:10e7f000253034580d0a0000202020204375727205
:10e80000656e74207472616e736d697420627566d2
:10e8100066657220636f6e74656e74733a2030782b
:10e82000253032580d0a00002020202043757272d6
:10e83000656e7420726563656976652062756666cb
:10e84000657220636f6e74656e74733a203078253c
:10e850003032580d0a000000000000400000803fe8
:10e8600076830df4f521843e000000000000f03fa7
:020000040000fa
:020000041d03da
:10e8700078ffbd278800a4af9000a6af9400a7af93
:10e88000253080002538a0003000a4278400bfafc9
:10e890008c00a5af8000beaf6c00b3af6800b2af14
:10e8a0009c00b38f9800b28f7c00b7af7800b6aff2
:10e8b0007400b5af7000b4af6400b1af5a23410f1c
:10e8c0006000b0af9000a68f9400a78f5a23410f2d
:10e8d0002000a42725304002253860025a23410f2a
:10e8e0001000a4273800be8fcb03c22b06004010b7
:10e8f0009000a68f2800af8fcb03e2290e004014b2
:10e900001800a68f9000a68f9400a78f8800a48f70
:10e91000de13410f8c00a58f2530400025386000a4
:10e9200025204002550d410f25286002259040000a
:10e930000600001025986000cb03c2281100401487
:10e94000cb030224f0ffc2149000a68f8400bf8f77
:10e9500025104002251860028000be8f7c00b78f12
:10e960007800b68f7400b58f7000b48f6c00b38fd1
:10e970006800b28f6400b18f6000b08f0800e003c0
:10e980008800bd273000a28f2000ac8f2400a48f08
:10e990003400b88f19004c0021f0cf032388de002b
:10e9a000104800004400a9af124000004000a8af8a
:10e9b0004000a98f19004400121000001018000038
:10e9c00019000c031260000021704c002b28c201ba
:10e9d000106800004400a28f21686d001900040334
:10e9e0004400a38f2170c2012128ad002b20c30158
:10e9f00012c00000212805032b10b8002120a4001c
:10ea000010c80000211059002b28850025808000a7
:10ea1000ad00201a21b0a2004000222a1000af8fc2
:10ea2000790040101400b78f2520e0012528e0026e
:10ea3000253020025400aeaf5000a9afc828410fc6
:10ea40004c00afaf4c00af8f400006242528e002f9
:10ea50002520e0012330d1004800a2afb928410fa2
:10ea60004000a3af4000b88f4800a78f5000a98f87
:10ea70005400ae8f2578400025b860002c00a28f8e
:10ea80003c00b18f268822021c00a28fb9005114cd
:10ea90002150e9002b90470121700e0321a04e0266
:10eaa0002b10980225a840010600401401000624fe
:10eab000030014172b3847010300e0142158f0011c
:10eac000253000002158f0012b786f012110f6024b
:10ead0002158cb002110e2012b30660121c8c20071
:10eae00025206001252820034800abaf9226410f66
:10eaf0004000b9afffff5324400006242330d30069
:10eb00002520a002b928410f252880024800ab8f9c
:10eb10004000b98f253060022520600125282003a0
:10eb200025804000c828410f2590600025306002f4
:10eb30002520a0022528800225800202c828410f36
:10eb400025904302251043002b1002004000de27d1
:10eb500025800202252000020500201225284002ff
:10eb6000232010002b100400232812002328a200c9
:10eb70000626410f23f0d30325b04000c4fbc22b6f
:10eb8000fc00401025b86000c3fb0224ff00c21740
:10eb900080251000b8002012059d023cf8a8548c76
:10eba000fca8558c2530c0022538e00225208002c3
:10ebb000231d410f2528a002b3004014059d023cef
:10ebc00000a9468c04a9478c2520c002de13410f02
:10ebd0002528e00225286000091f410f252040005c
:10ebe0000523410f25204000059d043c08a9868c83
:10ebf0000ca9878c25286000de13410f25204000da
:10ec00004bff001025904000c0ff3126c0ffde24de
:10ec10002538000099ff201225c000004000222a5c
:10ec20004c0040104000a48f40000b242358710179
:10ec3000253060012528c0015800b8af5400a7afa7
:10ec40005000afaf4c00abafc828410f4800aeaf8b
:10ec50004800ae8f4000a48f251043002528c00136
:10ec600025302002b928410f2ba802004c00ab8fa1
:10ec7000252000022528c0022530600125a0600063
:10ec8000c828410f25a8a2022548a20225708302a8
:10ec9000252000022528c002253020024800a9af07
:10eca000b928410f4000aeaf2580400025b060007c
:10ecb0004000ae8f4800a98f5000af8f5400a78f3f
:10ecc0006eff00105800b88f2388c6030500201679
:10ecd0001000a78f1400b88f2578000067ff001080
:10ece00025b800004000222a1f0040101000aa8f03
:10ecf0001400ab8f40000624252040012528600128
:10ed00002330d1004c00aeaf4800a9af4000aaaffd
:10ed1000c828410f4400abaf4000aa8f4400ab8f1e
:10ed200025104300253020022520400125286001c0
:10ed3000b928410f2ba002002538820225c06000af
:10ed40002578000025b800004800a98f4bff00106f
:10ed50004c00ae8f010009242570000025800000c2
:10ed600046ff001025b0000001000724daff001064
:10ed700025c00000235027012b182a012340d80169
:10ed800023a003012b10d40125a8400101001f245a
:10ed9000060040142530000004008e5625f80000bf
:10eda0000300601423180f0225f8000023180f0237
:10edb0002bc803022310d7022310590023587f00c9
:10edc0002b186b002310460023c8430013002107b3
:10edd0002350e9002b38ea0023400e032320f001e2
:10ede00023a007012b78e4012310f60225585401d3
:10edf00021f89f0023104f002b580b002b20e40319
:10ee0000211046002358eb03211082002bf8eb035e
:10ee100025a8400123c85f000100312e251079018b
:10ee20002fff40142510b402b6fe40102520a0028a
:10ee30009226410f25288002ffff53240700610618
:10ee4000c017140042801500258050000100aa322e
:10ee500025800a023fff0010429014002530600216
:10ee60002520a002c828410f2528800225804000c7
:10ee700038ff001025906000059d023cf0a8548cde
:10ee800048ff0010f4a8558c4015100039004010c0
:10ee9000c017120042201000252044004228120012
:10eea000010010320040023c252090000500201295
:10eeb00025284500232004002b10040023280500ea
:10eec0002328a2000626410f000000002530400044
:10eed0002538600025204000550d410f2528600091
:10eee00025204000253080022538a002530d410f17
:10eef0002528600025804000059d023c08a9468c1d
:10ef00000ca9478c2520000225286000de13410f44
:10ef1000258860002530400025386000252040000d
:10ef2000de13410f2528600025300002253820021d
:10ef3000252000022528200225904000530d410f76
:10ef400025986000253040002538600025204002cb
:10ef5000de13410f252860022520400025300002e5
:10ef600025382002550d410f2528600025b04000ae
:10ef700025b860002530c0032520c0020400400fe2
:10ef80002528e0026afe001025904000801512003e
:10ef900082821000258050002b2004002520900044
:10efa00025284002821504000448057c25284500d8
:10efb0000500201280220400232004002b100400ee
:10efc000232805002328a2000626410f0000000088
:08efd000e7ff001025b040002e
:020000040000fa
:020000041d03da
:10efd80020febd27d401b6afd001b5afc401b2af92
:10efe800bc01b0afdc01bfafd801b7afcc01b4af43
:10eff800c801b3afc001b1af258080002590c00023
:10f00800b401a5afb001a0af25a800001c01b62728
:10f01800b401a28f000042805a00401080000224f0
:10f02800b401a527252000029c01a0afa001a0af34
:10f03800a401a0afa801b6af3f26410fac01a2af13
:10f0480025884000b401a38f0000628003004010af
:10f05800250004243b0044543c00028eb001a28fda
:10f0680021105100b001a2af0000648025000224e5
:10f078002d00821401006224b401a2afa401a0af44
:10f08800010064802a0002240400821425880000fc
:10f0980002006324b401a3af01001124aa25410f83
:10f0a800b401a48f25284000252000027429410faf
:10f0b800a401a2afb401a38f00006280d0ff422454
:10f0c8000a00422c4b004014010063246b27410fb7
:10f0d800b401a42725a04000b401a28f612a410fe2
:10f0e80000004480680043285f00601065004328e2
:10f0f800bd00601061000324bb0043106200432878
:10f108003e00601025000424e0004410b401a38fe1
:10f118005b000424fc00441080000224b401a28f88
:10f1280001004224b401a2afffff0224ac00621622
:10f13800258800001300a052ffff152412000010bc
:10f14800dc01bf8f4c00038e2b18430019006010a0
:10f15800010043243c0003ae00005390b401a28f89
:10f168000000428019005310b001a28f4c00028e9b
:10f1780005004010dc01bf8f3c00028effff4224d7
:10f188003c0002aedc01bf8f2510a002d801b78f6a
:10f19800d401b68fd001b58fcc01b48fc801b38f1d
:10f1a800c401b28fc001b18fbc01b08f0800e00369
:10f1b800e001bd278022410f25200002259840004c
:10f1c800ffff0224e5ff6216b001a28fb401a52754
:10f1d8002520000201004224b001a2afb401a28f91
:10f1e800010042243f26410fb401a2af95ff001051
:10f1f80021882202afff0010b401a3af63000324eb
:10f208008a00431064000324c4ff4314b001a727f5
:10f218009c01a6271800a5276400400f252000029e
:10f228000c00420425884000b401a28f010042244a
:10f23800a8002016b401a2af253840020100062418
:10f2480025288002e21a410f1800a427640041040f
:10f2580025884000ffff0224b6ff2212dc01bf8f81
:10f26800caff00102510a0027000032440004310bc
:10f27800710043280d0060106e0003244b004310fa
:10f288006f0043282c00601069000324a3ff431477
:10f29800b001a7279c01a6271800a527d916410f5a
:10f2a80025200002deff0010000000007500032486
:10f2b800130043107800032426004310730003242e
:10f2c80096ff43148000022494ff8216b401a28f93
:10f2d80001004224b401a2af050020162510000049
:10f2e8000000428e04004324000043ae0000428c1c
:10f2f8001000a2afb001a7275f000010010006248c
:10f30800b001a7279c01a6271800a5272326410f8f
:10f3180025200002cfff420425884000b401a28fb7
:10f32800010042246b002016b401a2af2538400228
:10f33800c3ff001025300000b001a7279c01a627b5
:10f348001800a527e22a410f25200002f1ff00102e
:10f3580000000000b001a7279c01a6271800a527d8
:10f36800e22a410f25200002eaff001000000000f9
:10f37800b001a7279c01a6271800a527e22a410f5c
:10f3880025200002b3ff420425884000b401a28f63
:10f39800010042244f002016b401a2af25384002d4
:10f3a80025300000a7ff0010f0000524b401a28f4b
:10f3b80001004224b401a2afb001a28f1800a2af8d
:10f3c800c3170200430020161c00a2af25384002d4
:10f3d8002530000025288002e21a410f1800a427d2
:10f3e8000bff001021a8b102b001a7279c01a62796
:10f3f8001800a527e22a410f2520000295ff4204a4
:10f4080025884000b401a28f010042243100201653
:10f41800b401a2af25304002252880023023410fd5
:10f428001800a42789ff00100000000080000224b3
:10f438003aff8216a401a28f04004054b401a28f9f
:10f4480001000224a401a2afb401a28f010042244a
:10f45800b401a2af05002016251000000000428e5e
:10f4680004004324000043ae0000428c1000a2af09
:10f47800b001a727253000009c01a527e71b410ff5
:10f488002520000271ff0010000000008000022407
:10f4980023ff8216b401a28f01006324b401a3af35
:10f4a8003c00028e4c00038e2b1843000b006010aa
:10f4b80000000000010043243c0003ae000042901d
:10f4c8002500032409004314b001a28f010042243f
:10f4d800b001a2afc2ff0010258800008022410fb2
:10f4e80025200002f7ff0010250003244c00028e9f
:10f4f800bbff4050258800003c00028effff4224dd
:10f50800f4ff00103c0002ae05ff8216b401a28f82
:10f518000500201625a000000000428e04004424a7
:10f52800000044ae0000548c01006224b401a2af74
:10f53800010064805e000224040082142588000013
:10f5480002006324b401a3af010011241800a4270a
:10f5580001010624a029410f25282002b401a28f09
:10f568001800a0a32d000424000043801e0064148a
:10f578005d00042401004224b401a2af010002246a
:10f58800231051004600a2a3010002245d000524b7
:10f598002d00062423885100b401a38f0000628047
:10f5a8001800451400000000370080562588000028
:10f5b8003c00028e4c00038e2b184300560060104e
:10f5c800010043243c0003ae000053901800a2271a
:10f5d80021105300010042904b00401425b8000050
:10f5e800370000104c00028ee7ff6414010042242b
:10f5f800b401a2af0100022423105100e2ff001061
:10f608007600a2a3e8ff40100000000009004610a1
:10f61800b801a28fb401a28f1800a427000043806c
:10f6280001004224b401a2af21188300daff0010c0
:10f63800010071a000004280f7ff4050b401a28f82
:10f64800f4ff451001006224b401a2afb001a28ffb
:10f6580000004280010064802a204400edff8010f1
:10f66800010042241800a42721208200f9ff00107d
:10f67800000091a0000053a0b001a28f0100312624
:10f6880001004224b001a2af3c00028e4c00038e60
:10f698002b1843001800601025b8200201004324ed
:10f6a8003c0003ae000053901800a227211053001d
:10f6b80001004290efff4014211091024c00028e8d
:10f6c80005004010b401a28f3c00028effff4224c7
:10f6d8003c0002aeb401a28f010042248ffee0126a
:10f6e800b401a2af8dfe80120100112421a097025f
:10f6f8003bff0010000080a28022410f252000025d
:10f70800e9ff001025984000b001a28f01004224b3
:10f71800a7ff0010b001a2af8022410f25200002f0
:08f72800aaff00102598400023
:020000040000fa
:020000041d03da
:10f73000b8ffbd275c00a28f2800b2af4400bfaf66
:10f740001000a2af2500a22c4000beaf3c00b7af16
:10f750003800b6af3400b5af3000b4af2c00b3af53
:10f760002400b1af2000b0af060040105800b28fa7
:10f7700001000224258080002588a0000500a21435
:10f780002598c0000180023c160003245a00001096
:10f79000644d43ac3c00028e4c00038e2b1843009a
:10f7a0002b006010010043243c0003ae0000499090
:10f7b00020000224f7ff2211f7ff22250500422c2a
:10f7c000f4ff4014d5ff22254408027c0b004014ae
:10f7d00025a000003c00028e4c00038e2d00343921
:10f7e0000100942e2b1843001d00601023a014006c
:10f7f000010043243c0003ae000049901c0020128d
:10f800004c00038e100002248501221230000224d5
:10f81000049d023c117842242110220100004290f4
:10f820002b105100550040140a00022404006010ff
:10f83000252800003c00028effff42243c0002ae5f
:10f840007429410f25200002cfff00100180023ce7
:10f850008022410f25200002d5ff001025484000de
:10f860008022410f25200002e4ff001025484000bf
:10f8700030000224e6ff22550a0011243c00028ecb
:10f880002b1843002c006010010043243c0003ae01
:10f8900000004990200022357800032435004314ed
:10f8a000000000003c00028e4c00038e2b18430029
:10f8b00025006010010043243c0003ae0000499085
:10f8c000049d023c11784224211022010000429044
:10f8d0001000422c2b004054100011244c00028eca
:10f8e0004b014010253800001b0060123c00028ec6
:10f8f000feff42243c0002ae2538000025f0000047
:10f900004400bf8f2518c0032510e0004000be8fc3
:10f910003c00b78f3800b68f3400b58f3000b48ffd
:10f920002c00b38f2800b28f2400b18f2000b08f3d
:10f930000800e0034800bd278022410f2520000277
:10f94000d4ff0010254840008022410f25200002ee
:10f95000dbff001025484000ffff42243c0002aec0
:10f96000252800007429410f25200002e3ff001024
:10f9700025380000830020120a0002247a00221297
:10f980009919153cffff2726049d133c24a8f1007c
:10f99000f500a016117873261700022402102272b7
:10f9a000049d033c047863244011427c21104300f1
:10f9b0000000568021106902000057902b10f102c0
:10f9c000040040100008023c2b10a2026f004054bb
:10f9d0003c00028e2530c002ffff0424ffff0524f7
:10f9e0001c00a9afb928410f1800b5af1800a78fa8
:10f9f0001c00a98f25f000001400a2af25a860000c
:10fa000021106902000057902b10f1029e00401057
:10fa10002b10be029d004054049d133c0400d517da
:10fa20001400a28f2b10470098004054049d133cf3
:10fa30003c00028e4c00038e2b18430060006010c7
:10fa4000010043243c0003ae000049902520e00063
:10fa50002528c0032530c002c828410f1800a9afcf
:10fa60002538e20225f06000e5ff00101800a98f9c
:10fa70004c00038e2b184300360060100100432415
:10fa80003c0003ae000042900a000724021867728f
:10fa900021386900d0fff32425484000d0ff2225fb
:10faa0000a00422c030040102b107502f0ff405456
:10fab0003c00028e9919153c2538600225f00000a3
:10fac0009a99b536d0ff33250a00622e8700401080
:10fad0002b10d5036c004010ffffa2260600c217b2
:10fae0000a0002249999023c9a9942342b10e200b0
:10faf000650040100a0002241900470010b80000f9
:10fb000012b0000002185e7021b87700ffff0324d6
:10fb10000400e316271013002b1056005b0040541e
:10fb2000049d133c3c00028e4c00038e2b184300b6
:10fb30001000601000000000010043243c0003aef0
:10fb400000004990213876022b40f600ddff0010be
:10fb500021f01701252000028022410f1400a9afd7
:10fb6000c9ff00101400a98f25980000cbff0010da
:10fb70009999b5368022410f25200002f1ff00102f
:10fb8000254840007fff0010080011244c00038e20
:10fb90002b18430006006010010043243c0003ae14
:10fba000000049900438d50282ff001025a8f70014
:10fbb0008022410f25200002faff00102548400056
:10fbc000252000028022410f1800a7af25484000e1
:10fbd0009eff00101800a78f4c00038e2b184300c7
:10fbe0005d006010010043243c0003ae000049901a
:10fbf0000210357221a856002110690200005690ab
:10fc00002b10d102050040101c07023cc771422492
:10fc10002b10a202f0ff40543c00028e2538a002b7
:10fc200025f0000021106902000055902b10b10250
:10fc3000150040101900f100122000000900c01347
:10fc40001028000019003e02126000002110ac00d4
:10fc50002b104c001068000021104d000b00405488
:10fc6000049d133c0210d173ffff032425b08000d4
:10fc700021b845003e00e316271015002b10440064
:10fc80003c0040503c00028e049d133c11787326ca
:10fc900021483301000022912b10510014004050e4
:10fca0004c00028e3c00028e4c00038e2b18430049
:10fcb0003e006010010043243c0003ae000042906f
:10fcc00021106202000042902b105100f5ff4014f9
:10fcd0000180023c220003241000be8f644d43ac1f
:10fce00001004232253840020ba002004c00028e77
:10fcf000050040101000a28f3c00028effff42243e
:10fd00003c0002ae1000a28f2b10c2033900401439
:10fd10001000a28f03005e142b10f2003600401476
:10fd2000ffff022401004232250040141000a28f80
:10fd3000220080160180023c22000324644d43ac63
:10fd40001000a28fffff47262b90f200ffff5124e7
:10fd5000ebfe001021f051028022410f252000020d
:10fd6000a3ff001025484000a3ff001025a80000b5
:10fd70003c00028e4c00038e2b18430007006010dd
:10fd8000010043243c0003ae000049902138b60234
:10fd90002b40f600a3ff001021f017018022410f35
:10fda00025200002f9ff0010254840008022410f65
:10fdb00025200002c3ff0010211062021000a28f54
:10fdc0002b105e00050040141000a28f0900c2171e
:10fdd0002b10470208004010ffff02240180023c64
:10fde00022000324644d43ac25384002c4fe0010b9
:10fdf0001000be8fffff0224c1fe821623401e00aa
:10fe0000233807002b100700bdfe001023f002016d
:10fe1000bbfe601625f00000d2fe00102528000071
:10fe200096fe2211049d023c7bfe001011784224b4
:020000040000fa
:020000041d03da
:10fe3000e8ffbd271400bfaf1000beaf25f0a00340
:10fe4000a80004241e3a400f00000000040005240e
:10fe5000a80004249c1d400f00000000020005249f
:10fe6000a8000424f725400f00000000a800042487
:10fe70002e3a400f000000008ebf033c0000628c51
:10fe80000100042484d6827c000062ac8ebf033c57
:10fe90000000628c020004240410827c000062ac2a
:10fea0008ebf033c0000628c010004240429827c84
:10feb000000062aca80004240e3a400f00000000cd
:10fec0008ebf023c0000428c0009427cff004230a1
:10fed0002b100200ff00423025e8c0031400bf8f42
:10fee0001000be8f1800bd270800e00300000000ce
:10fef00000e85d4100701a4000601b40c0ffbd2754
:10ff00003c00baaf02601a403800bbaf3400baaf51
:10ff100044781b7c00107b3700609b40121000006f
:10ff20002c00a2af101800002800a3af1210200070
:10ff30002400a2af101820002000a3af1210400030
:10ff40001c00a2af101840001800a3af12106000f0
:10ff50001400a2af101860001000a3afb81c3f7cc3
:10ff60003000a3af25f0a0038ebf023c100040a0dc
:10ff700001a0023c3c44422401000324090043a0a8
:10ff8000a80004242e3a400f0000000000000000ea
:10ff900025e8c0033000a38ff8fc617c2c00a28f01
:10ffa000130040002800a38f110060002400a58fdb
:10ffb0001308a0002000a58f1108a0001c00a58f29
:10ffc0001310a0001800a58f1110a0001400a58f19
:10ffd0001318a0001000a58f1118a0000060604148
:10ffe000c00000003400bb8f3c00ba8f02609b4011
:10fff0003800bb8f00709a404000bd2700e8dd410b
:020000041d04d9
:1000000000609b4018000042e8ffbd271400bfaf0e
:100010001000beaf25f0a00301f5400f0000000066
:10002000049d023c74224624049d023c782245240f
:10003000049d023c7c224424acf4400f00000000ec
:10004000049d023c802244247d28410f00000000d2
:10005000049d023c78224624049d023c78224524db
:10006000049d023c7c224424acf4400f00000000bc
:10007000049d023c9c2244247d28410f0000000086
:100080008ebf023c0000428c0009427cff004230df
:100090000200032423004310000000000300032497
:1000a0002e00431000000000010003240f00431045
:1000b00000000000049d023c78224624049d023c7e
:1000c00078224524049d023c74224424acf4400f61
:1000d00000000000049d023cc02244247d28410f02
:1000e000000000002a00001000000000049d023cf7
:1000f00078224624049d023c78224524049d023c3b
:100100007c224424acf4400f00000000049d023c1b
:10011000e02244247d28410f000000001c00001054
:1001200000000000049d023c78224624049d023c0d
:1001300078224524049d023c7c224424acf4400fe8
:1001400000000000049d023c182344247d28410f38
:10015000000000000e00001000000000049d023ca2
:1001600078224624049d023c78224524049d023cca
:100170007c224424acf4400f00000000049d023cab
:10018000582344247d28410f000000000000000097
:100190008ebf023c0000428c8006427cff00423051
:1001a0000b00401000000000049d023c7822462411
:1001b000049d023c78224524049d023c7c22442478
:1001c000acf4400f00000000090000100000000027
:1001d000049d023c78224624049d023c782245245a
:1001e000049d023c74224424acf4400f0000000043
:1001f0008ebf023c0000428c8006427cff004230f1
:100200000500401000000000049d023c88234224a9
:100210000300001000000000049d023c90234224d3
:1002200025284000049d023c9c2344247d28410f46
:1002300000000000049d023c78224624049d023cfc
:1002400078224524049d023c7c224424acf4400fd7
:10025000000000008ebf023c0000428c0010427c77
:10026000ff00423025284000049d023cbc2344246a
:100270007d28410f000000008ebf023c0000428c30
:100280008006427cff0042300b004010000000005e
:10029000049d023c78224624049d023c7822452499
:1002a000049d023c7c224424acf4400f000000007a
:1002b0000900001000000000049d023c7822462442
:1002c000049d023c78224524049d023c742244246f
:1002d000acf4400f000000008ebf023c0000428cd6
:1002e0008006427cff004230050040100000000004
:1002f000049d023c882342240300001000000000fb
:10030000049d023c9023422425284000049d023c89
:100310009c2344247d28410f000000008ebf023c36
:100320001000428cc006427cff0042300b0040109f
:1003300000000000049d023c78224624049d023cfb
:1003400078224524049d023c74224424acf4400fde
:10035000000000000900001000000000049d023ca5
:1003600078224624049d023c78224524049d023cc8
:100370007c224424acf4400f000000008ebf023cfd
:100380001000428cc006427cff0042300500401045
:1003900000000000049d023cec23422403000010f6
:1003a00000000000049d023cf82342242528400060
:1003b000049d023c082444247d28410f00000000d5
:1003c0008ebf023c1000428c8006427cff0042300f
:1003d0000b00401000000000049d023c78224624df
:1003e000049d023c78224524049d023c742244244e
:1003f000acf4400f000000000900001000000000f5
:10040000049d023c78224624049d023c7822452427
:10041000049d023c7c224424acf4400f0000000008
:100420008ebf023c1000428c8006427cff004230ae
:100430000500401000000000049d023c2c244224d2
:100440000300001000000000049d023cf823422439
:1004500025284000049d023c382444247d28410f77
:100460000000000001f5400f000000000000000047
:1004700025e8c0031400bf8f1000be8f1800bd27f1
:080480000800e0030000000089
:020000040000fa
:020000041d04d9
:10048800436f6e66696775726174696f6e00000c00
:100498005553422047656e6572616c005553422082
:1004a8004672616d696e67005553422050617269ea
:1004b80074790000555342204f76657272756e004c
:1004c80055534220545820444d4100005553422072
:1004d800525820444d410000446561646d616e20ae
:1004e80054696d657200000c53797374656d204210
:1004f80075732050726f74656374696f6e205669e6
:100508006f6c6174696f6e005072656665746368bc
:10051800204d6f64756c652053454300436c6f63d1
:100528006b204661696c75726500000c57617463d5
:1005380068646f672054696d65722054696d656fd2
:1005480075740000446561646d616e2054696d6561
:10055800722054696d656f757400000c4d43552009
:100568005644442042726f776e6f75740000000c19
:100578004d43552056444420484c56442042726fff
:10058800776e6f757400000c4d4355205644442017
:10059800436f726520484c56442042726f776e6fe5
:1005a80075740000414443205265666572656e6348
:1005b80065204661756c740041444320436f6e6644
:1005c800696775726174696f6e204572726f720027
:1005d80044445232204d504c4c20566f6c74616725
:1005e8006520526567756c61746f722054696d651a
:1005f8006f75740044445232204d504c4c204c6f5f
:10060800636b2054696d656f757400004444523201
:1006180020496e697420436f6d6d616e6420536567
:100628007175656e63652054696d656f757400003a
:10063800444452322053656c662d43616c69627282
:100648006174696f6e2054696d656f757400000c74
:100658004444523220426f6f742053656c662d54a7
:10066800657374204661696c65640000537973741e
:10067800656d20436c6f636b20496e697400000cd4
:100688004865617274626561742054696d65722091
:10069800496e69740000000c55534220554152546c
:1006a80020496e697400000c507265666574636851
:1006b80020496e697400000c506572697068657233
:1006c800616c204d6f64756c652044697361626c60
:1006d8006520496e697400005761746368646f67c8
:1006e8002054696d657220496e6974005254434301
:1006f80020496e697400000c41444320496e6974b6
:100708000000000c493243204d6173746572204922
:100718006e697400484c564420496e697400000c98
:100728004444523220496e697400000031000000d0
:1007380030000000320000005761746368646f671e
:100748002054696d6572205374617475733a0a0d8b
:100758000000000020202020506f73747363616cc8
:1007680061723a2000000000313a3100313a32001b
:10077800313a3400313a3800313a3136000000005d
:10078800313a333200000000313a363400000000bc
:10079800313a313238000000313a32353600000043
:1007a800313a353132000000313a3130323400000c
:1007b800313a323034380000313a343039360000ba
:1007c800313a383139320000313a31363338340071
:1007d800313a333237363800313a36353533360028
:1007e800313a31333130373200000000313a323695
:1007f8003231343400000000313a3532343238387e
:1008080000000000313a3130343835373600000006
:100818000a0d2020202057696e646f7720456e618d
:10082800626c653a20000000547275650000000093
:1008380046616c73650000000a0d2020202057696e
:100848006e646f772053697a653a2000373525251d
:1008580000000000353025250000000033372e3514
:100868002525000032352525000000000a0d20202e
:10087800202057445420456e61626c65643a2025f7
:10088800630a0d00446561646d616e2054696d658d
:1008980072205374617475733a0a0d002020202069
:1008a800496e737472756374696f6e2046657463fc
:1008b8006820436f756e74204c696d69743a200026
:1008c800256420696e737472756374696f6e730a38
:1008d8000d00000020202020444d542063757272c2
:1008e800656e742072656164696e673a2030782598
:1008f8003038580d0a00000020202020444d542094
:10090800696e74657276616c2028696e737472758d
:100918006374696f6e7329203d203078253038580c
:100928000d0a000020202020436f756e742057693f
:100938006e646f7720496e74657276616c3a200038
:1009480057696e646f772f496e74657276616c2093
:1009580076616c7565206973207a65726f0a0d007f
:1009680057696e646f772f496e74657276616c2073
:1009780076616c756520697320312f3220636f753d
:100988006e7465722076616c75650a0d0000000052
:1009980057696e646f772f496e74657276616c2043
:1009a80076616c756520697320332f3420636f7509
:1009b8006e7465722076616c75650a0d0000000022
:1009c80057696e646f772f496e74657276616c2013
:1009d80076616c756520697320372f3820636f75d1
:1009e8006e7465722076616c75650a0d00000000f2
:1009f80057696e646f772f496e74657276616c20e3
:100a080076616c75652069732031352f3136206326
:100a18006f756e7465722076616c75650a0d0000dd
:100a280057696e646f772f496e74657276616c20b2
:100a380076616c75652069732033312f33322063fa
:100a48006f756e7465722076616c75650a0d0000ad
:100a580057696e646f772f496e74657276616c2082
:100a680076616c75652069732036332f36342063c0
:100a78006f756e7465722076616c75650a0d00007d
:100a880057696e646f772f496e74657276616c2052
:100a980076616c7565206973203132372f313238b1
:100aa80020636f756e7465722076616c75650a0dca
:100ab8000000000020202020444d5420456e616233
:0c0ac8006c65643a2025630a0d000000f4
:020000040000fa
:020000041d04d9
:100ad40018ffbd27dc00b4afd800b3afd400b2af69
:100ae400d000b1afe400bfafe000b5afcc00b0af11
:100af400259080002588c000b800a5af2598000087
:100b0400059d143cb800a58f0000a280e4004010ad
:100b1400ffff02249c00a2af1800a227a400a2afea
:100b2400800002249800a0afa000a0afa800a2af4c
:100b340025800000250003242110b000000042801d
:100b44000300401000000000fbff43540100102686
:100b54000600001225300002bd24410f252040026a
:100b6400b800a28f21105000b800a2afb800b58f12
:100b7400250002240000a382c20062140100b526ed
:100b8400b800b5af2b0005242d0006243000032443
:100b94002000072423000824b800a48f00008280ca
:100ba4001b0045509800a28f2c0049281e002011dc
:100bb40000000000180047509800a28f1800485009
:100bc4009800a28f2a0003241e0043500000228ea6
:100bd400aa25410f00000000a000a2afb800a38f17
:100be40000006280d0ff42240a00422c2100401001
:100bf40001006324f9ff0010b800a3af01004234e0
:100c0400010084249800a2afe3ff0010b800a4af51
:100c1400fbff001004004234f9ff001008004234c6
:100c2400f7ff001010004234f4ff46509800a28fe2
:100c3400e5ff43542a0003249800a28ff0ff00101c
:100c44000200423401008424b800a4af0400432409
:100c54000000428c000023ae06004104a000a2afb5
:100c64009800a38f23100200a000a2af01006338f4
:100c74009800a3af9800a28f0100433002006010d7
:100c84004408027c9800a2afb800a28f2e0003246f
:100c9400000044800d008314010044249c00a0af94
:100ca400b800a4af010045802a0003242300a31444
:100cb40002004224b800a2af0000228e04004324a4
:100cc4000000428c000023ae9c00a2af6b27410fb2
:100cd400b800a427c000a2afb800a28f612a410fb8
:100ce400000044806900032477004310c000a58fee
:100cf4006a0043282f00601063000324be004310e1
:100d0400640043281800601025000324cb0043101e
:100d1400610003244f00435025302002ffff0224ca
:100d2400b800b5af9800a0afa000a0af9c00a2afe0
:100d34001000a0afc900001025380000aa25410ffb
:100d4400000000009c00a2afb800a38f00006280e6
:100d5400d0ff42240a00422cdcff4010010063242f
:100d6400f9ff0010b800a3af640003245600431039
:100d740068004228eaff4010ffff022425302002c9
:100d8400ab27410fb000a42797004010b800a28ff2
:100d9400b000a6279800a52701004324b800a3affc
:100da40000004780f9ed400f252040023500001077
:100db40021800202700003246e0043107100432856
:100dc400130060106e000324830043106f0003249b
:100dd400d3ff4314ffff02242538200225300000ee
:100de400801a410fb000a4277f004010b800a28fe2
:100df400b000a6279800a527010042242520400220
:100e0400491f410fb800a2af1e000010218002024a
:100e1400750003243a00431078000324460043106d
:100e240073000324bdff4314800002246e00a21447
:100e3400b800a28f2538000001004224b800a2aff8
:100e44000000228e04004324000023ae760000102c
:100e54000000468cab27410fb000a427620040106d
:100e6400b800a28fb000a6279800a527010043244c
:100e7400b800a3af0000478048f2400f252040028d
:100e840021800202218070022a98130277006012e6
:100e94000180023c4f000324644d43acffff132444
:100ea400e400bf8f25106002e000b58fdc00b48f32
:100eb400d800b38fd400b28fd000b18fcc00b08fe4
:100ec4000800e003e800bd272538200201000624bd
:100ed400801a410fb000a42743004010b800a28f2d
:100ee400b000a6279800a52701004224252040022f
:100ef400931b410fb800a2afe2ff00102180020251
:100f04002538200225300000801a410fb000a427a4
:100f140035004010b800a28fb000a6279800a5277e
:100f240001004224252040022322410fb800a2af31
:100f3400d4ff001021800202253820022530000051
:100f4400801a410fb000a42727004010b800a28fd8
:100f540001004324b800a3af00004780b000a627d7
:100f64009800a527ae18410f25204002c5ff0010a8
:100f7400218002022538200225300000f0000524db
:100f8400801a410fb000a42717004010b800a28fa8
:100f9400b400a38f01004224b800a2afb000a28f16
:100fa40025104300edff4014780007241b29410f4e
:100fb40038ab84269800a38fa000a78f253040006b
:100fc4001000a3af38ab8526c91e410f252040026f
:100fd400acff00102180020225382002213070026b
:100fe400861f410fb000a427b800a28f010042243d
:100ff400a4ff0010b800a2af80000224faffa214dc
:10100400b800a28f01000724b000a62701004224e3
:10101400b800a2af0000228e040043240000428cda
:10102400000023aeb000a2a39800a527ad23410f72
:101034002520400293ff0010218002028000022438
:10104400e9ffa214b800a28fa000a78f01004224d8
:10105400b800a2af9800a28f1000a2af059d053c76
:1010640001000624d8ff001040aba524a5fe001003
:0410740025980002b9
:020000040000fa
:020000041d04d9
:1010780053756e64617900004d6f6e64617900008c
:1010880054756573646179005765646e657364614e
:10109800790000005468757273646179000000007b
:1010a800467269646179000053617475726461798c
:1010b800000000006572726f7200000054696d656f
:1010c8003a20253032753a253032753a2530327556
:1010d8002020202000000000446174653a20257318
:1010e8002c20253032752f253032752f2530347558
:1010f8000d0a00003100000030000000320000003e
:101108005265616c2054696d6520436c6f636b2078
:10111800616e642043616c656e646172204d6f641a
:10112800756c65205374617475733a0a0d0000007c
:101138002020202043757272656e74207379737451
:10114800656d2074696d6520616e642064617465e5
:101158003a0d0a2020202020202020004f6e000079
:101168004f666600202020205254434320456e617c
:10117800626c653a2025730a0d000000456e6162b5
:101188006c65640044697361626c6564000000000a
:1011980020202020525443432073746f7020696ebe
:1011a8002069646c653a2025730a0d0020202020f0
:1011b800525443432043616c6962726174696f6e73
:1011c80020626974733a203078253038580d0a0047
:1011d800534f5343000000004c5052432028494ebf
:1011e800544f5343290000002020202052544343e9
:1011f80020436c6f636b20536f757263653a2025cb
:10120800730a0d0020202020525443206f757470fb
:1012180075742073656c656374696f6e3a2000009d
:10122800416c61726d2050756c7365206973207014
:10123800726573656e746564206f6e2074686520ce
:10124800525443432070696e207768656e20746835
:101258006520616c61726d20696e7465727275705b
:1012680074206973207472696767657265640a0d12
:10127800000000005365636f6e647320436c6f63f6
:101288006b2069732070726573656e746564206f76
:101298006e2074686520525443432070696e0a0dad
:1012a800000000005254434320436c6f636b206975
:1012b800732070726573656e746564206f6e207438
:1012c800686520525443432070696e0a0d0000007f
:1012d80072657365727665640a0d000061637469ee
:1012e80076656c792072756e6e696e670000000015
:1012f8006e6f74206163746976656c792072756e9f
:101308006e696e670000000020202020525443437d
:1013180020436c6f636b2069732025730a0d0000ee
:1013280063616e206265207772697474656e2074db
:101338006f00000063616e6e6f74206265207772c3
:10134800697474656e20746f202861742074696de7
:1013580065206f66207072696e74696e6729000077
:10136800202020205254434320636f6e74726f6ca8
:10137800207265676973746572732025730a0d009e
:1013880063616e20626520726561640063616e6ee0
:101398006f742062652072656164202864617461dd
:1013a800206973206368616e67696e6729000000b1
:1013b80020202020525443432076616c75652072aa
:1013c80065676973746572732025730a0d000000e0
:1013d8002020202052544343206f75747075742068
:1013e80069732025730a0d00656e61626c6564007f
:1013f80064697361626c656400000000202020202d
:101408005254434320416c61726d206973202573e7
:101418000a0d0000202020205254434320416c61d3
:10142800726d206368696d652069732025730a0de4
:1014380000000000202020205254434320416c61ca
:10144800726d2070756c73652069732025640a0db0
:1014580000000000202020205254434320616c618a
:10146800726d2076616c7565207265676973746545
:1014780072732025730a0d00202020205254432027
:10148800616c61726d206d61736b3a200000000021
:1014980045766572792068616c662d7365636f6e39
:1014a800640d00004576657279207365636f6e641c
:1014b8000d00000045766572792031302073656330
:1014c8006f6e64730d0000004576657279206d6952
:1014d8006e7574650d0000004576657279203130af
:1014e800206d696e757465730d0000004576657230
:1014f8007920686f75720d004f6e636520612064f6
:1015080061790d004f6e63652061207765656b0d0d
:10151800000000004f6e63652061206d6f6e746877
:101528000d0000004f6e63652061207965617220af
:1015380028657863657074207768656e20636f6ec0
:101548006669677572656420666f722046656272a7
:10155800756172792032392c206f6e63652065764b
:1015680065727920666f7572207965617273290dcd
:1015780000000000202020205254434320416c6189
:10158800726d207265706561742076616c75652076
:1015980069732025640a0d002020202052544343fb
:1015a80020486172647761726520416c61726d20b8
:1015b80076616c7565733a0d0000000020202020cc
:1015c8002020202054696d653a20253032753a254f
:1015d8003032753a25303275000000002020202076
:1015e80020202020446174653a2025732c20253062
:0c15f80032752f253032750d0a000000fe
:020000040000fa
:020000041d04d9
:10160400f8ffbd270400beaf25f0a003251080001d
:101614000c00c5af0800c2a380bf033c001862944d
:10162400c47b027c001862a40800c2930f004230fd
:10163400ff00443080bf033c001862940418827c8d
:10164400001862a40c00c28f01004230ff00443035
:1016540080bf033c00186294c45a827c001862a4c0
:1016640080bf033c00186294446b027c001862a49f
:1016740080bf033c0018629401000424c47b827c74
:10168400001862a480bf023c0018428cc003427c54
:10169400ff00423025e8c0030400be8f0800bd27c8
:1016a4000800e00300000000f8ffbd270400beafff
:1016b40025f0a00380bf033c00186294c47b027c25
:1016c400001862a40000000025e8c0030400be8fd7
:1016d4000800bd270800e00300000000f8ffbd2754
:1016e4000400beaf25f0a00380bf023c0018428c6a
:1016f4008002427cff00423025e8c0030400be8f14
:101704000800bd270800e00300000000f8ffbd2723
:101714000400beaf25f0a00380bf023c0018428c39
:101724000002427cff00423025e8c0030400be8f63
:101734000800bd270800e00300000000f0ffbd27fb
:101744000c00beaf25f0a00380bf023c6012428ca7
:101754008004427cff0042300000c2a380bf033cef
:101764006012628c8494027c601262ac0000c293aa
:1017740025e8c0030c00be8f1000bd270800e0035d
:1017840000000000f0ffbd270c00beaf25f0a00351
:1017940080bf023c4012428c4007427cff00423032
:1017a4000000c2a380bf033c4012628c44ef027c61
:1017b400401262ac0000c29325e8c0030c00be8f47
:1017c4001000bd270800e00300000000e8ffbd276b
:1017d4001400bfaf1000beaf25f0a00301f5400f09
:1017e40000000000049d023c5c684624049d023c09
:1017f40060684524049d023c64684424acf4400fb2
:1018040000000000049d023c686844247d28410fc8
:1018140000000000049d023c60684624049d023cd4
:1018240060684524049d023c64684424acf4400f81
:101834000000000080bf023c0018428cc003427cc0
:10184400ff00423004004010000000005400022455
:101854000200001000000000460002242528400079
:10186400049d023c8c6844247d28410f0000000044
:1018740080bf023c0018428c0018427cff004230ba
:1018840025284000049d023ca86844247d28410f7b
:101894000000000080bf023c0018428cc002427c61
:1018a400ff0042300500401000000000049d023c8f
:1018b400cc6842240300001000000000049d023c98
:1018c4000069422425284000049d023c34694424d4
:1018d4007d28410f0000000080bf023c0018428cac
:1018e4008002427cff0042300400401000000000ef
:1018f40054000224020000100000000046000224ec
:1019040025284000049d023c486944247d28410f59
:101914000000000080bf023c0018428c0002427ca0
:10192400ff0042300b00401000000000049d023c08
:1019340060684624049d023c60684524049d023c82
:101944005c684424acf4400f00000000090000105f
:1019540000000000049d023c60684624049d023c93
:1019640060684524049d023c64684424acf4400f40
:101974000000000080bf023c0018428c0002427c40
:10198400ff00423004004010000000005400022414
:101994000200001000000000460002242528400038
:1019a400049d023c6c6944247d28410f0000000022
:1019b40080bf023c6012428c8004427cff004230b3
:1019c4000b00401000000000049d023c60684624a7
:1019d400049d023c60684524049d023c5c684424e8
:1019e400acf4400f000000000900001000000000eb
:1019f400049d023c60684624049d023c60684524c2
:101a0400049d023c64684424acf4400f00000000d0
:101a140080bf023c6012428c8004427cff00423052
:101a240004004010000000005400022402000010d2
:101a3400000000004600022425284000049d023cca
:101a4400906944247d28410f0000000080bf023cbf
:101a54004012428c4007427cff0042300b00401091
:101a640000000000049d023c60684624049d023c82
:101a740060684524049d023c5c684424acf4400f37
:101a8400000000000900001000000000049d023c5a
:101a940060684624049d023c60684524049d023c21
:101aa40064684424acf4400f0000000080bf023c92
:101ab4004012428c4007427cff0042300400401038
:101ac4000000000054000224020000100000000086
:101ad4004600022425284000049d023cbc6944249d
:101ae4007d28410f0000000001f5400f00000000b8
:101af4000000000025e8c0031400bf8f1000be8f53
:0c1b04001800bd270800e00300000000ee
:020000040000fa
:020000041d04d9
:101b10004050050042550a00c04a0500427d0400bd
:101b200025482f01c042040000800e3c25482e01ac
:101b300040680700426d0d00c0620700427d06004c
:101b400025608f01c05a060025608e012628a70057
:101b50002428ae00ffff4f25fe07e12dcb0020100b
:101b600000000000ffffaf25fe07e12df40020106c
:101b70000000000023504d01ff034a2542400800a9
:101b8000c07f090025400f0142480900023c0c00bb
:101b9000f401e0001b002701127000001048000053
:101ba000ffff86311900ce0012200000004c090012
:101bb000027c080025482f012b7824010600e01143
:101bc00023482401ffffce2521482c012b082c019e
:101bd000fcff201000000000f401e0001b002701c2
:101be00012380000104800001900c7001220000041
:101bf000004c0900ffff0f3125482f012b782401ed
:101c00000600e01123482401ffffe72421482c01ae
:101c10002b082c01fcff20100000000000740e00b7
:101c20002170c7011900cb011238000010200000fc
:101c3000000008242b780701234007012b102f01f7
:101c400023482f012b7824012578e2010b00e011b5
:101c500023482401ffffce2521400b012b780b01e7
:101c600021482c0121482f0102002c110000000006
:101c70002b782c01f7ffe0110000000006002c1566
:101c80000000000025200b002548080000000d245e
:101c90002a00001025380d00023c0c00f401e00081
:101ca0001b0027011268000010480000ffff86316a
:101cb0001900cd0012200000004c0900027c080031
:101cc00025482f012b7824010600e0112348240128
:101cd000ffffad2521482c012b082c01fcff201013
:101ce00000000000f401e0001b0027011238000092
:101cf000104800001900c70012200000004c090025
:101d0000ffff0f3125482f012b7824010600e01139
:101d100023482401ffffe72421482c012b082c0134
:101d2000fcff201000000000006c0d002168a701de
:101d30001900ab0112380000102000000000082438
:101d40002b780701234007012b102f0123482f0177
:101d50002b7824012578e2010b00e01123482401af
:101d6000ffffad2521400b012b780b0121482c01f1
:101d700021482f0102002c11000000002b782c01bb
:101d8000f7ffe011000000000600c00500000000a1
:101d90002a78a0012168ad012170ce012170cf0108
:101da000ffff4a25257828010200e011000000000d
:101db0000100ad3525480e0025400d00ffff4f25e1
:101dc000fe07e12d1500201000000000000408258a
:101dd00000040f2d21482f012b782f0121504f0196
:101de000c27a08000100ef3123400f01c22208002f
:101df000407d090025208f0040780900027b0f00fc
:101e00002528af00007d0a002528af00251004001a
:101e1000251805000800e003000000004400401df4
:101e20000000000001000e242370ca012000c12d13
:101e30000700201400000000e0ffce212b20080046
:101e40000d00091025402401f8ff0010000009349e
:101e50000900c0110000000022300e000420c8005c
:101e60000430c9000640c8010648c90102008010bc
:101e70002540c800020008350004082500040f2d85
:101e800021482f01d6ff0010c25709002a7800010f
:101e900021400801214829011700401521482f0140
:101ea000257828011400e01100000000080020152a
:101eb00000000000030000150000000029ff0010d2
:101ec00000000a242548000100000824e0ff4a25fc
:101ed00020702e7123ffc0110000000023504e011e
:101ee00022300e000630c8000440c8010448c90171
:101ef0001cff00102548260105004d1500000000bc
:101f000040780c002578eb012b00e0110000000068
:101f1000ff0701240a00a11100000000bbff4011cf
:101f200000000000257828012300e01500000000d3
:101f3000f07f013c2528a100b4ff0010000004241c
:101f40002a78600121586b0121608c011700a015cf
:101f500021608f0125788b01f5ffe0110000000062
:101f6000080080150000000003006015000000005c
:101f700000ff001000000d242560600100000b240c
:101f8000e0ffad2520708e71fafec0110000000048
:101f90002368ae0122300e000630cb000458cb017e
:101fa0000460cc01f3fe00102560860125788b01ca
:101fb0000200e01100000000f8ff053c93ff001054
:081fc0000000042400000000f1
:020000040000fa
:020000041d04d9
:101fc800436f6e66696775726174696f6e00000ca5
:101fd8005553422047656e6572616c005553422027
:101fe8004672616d696e670055534220506172698f
:101ff80074790000555342204f76657272756e00f1
:1020080055534220545820444d4100005553422016
:10201800525820444d410000446561646d616e2052
:1020280054696d657200000c53797374656d2042b4
:1020380075732050726f74656374696f6e2056698a
:102048006f6c6174696f6e00507265666574636861
:10205800204d6f64756c652053454300436c6f6376
:102068006b204661696c75726500000c576174637a
:1020780068646f672054696d65722054696d656f77
:1020880075740000446561646d616e2054696d6506
:10209800722054696d656f757400000c4d435520ae
:1020a8005644442042726f776e6f75740000000cbe
:1020b8004d43552056444420484c56442042726fa4
:1020c800776e6f757400000c4d43552056444420bc
:1020d800436f726520484c56442042726f776e6f8a
:1020e80075740000414443205265666572656e63ed
:1020f80065204661756c740041444320436f6e66e9
:10210800696775726174696f6e204572726f7200cb
:1021180044445232204d504c4c20566f6c746167c9
:102128006520526567756c61746f722054696d65be
:102138006f75740044445232204d504c4c204c6f03
:10214800636b2054696d656f7574000044445232a6
:1021580020496e697420436f6d6d616e642053650c
:102168007175656e63652054696d656f75740000df
:10217800444452322053656c662d43616c69627227
:102188006174696f6e2054696d656f757400000c19
:102198004444523220426f6f742053656c662d544c
:1021a800657374204661696c6564000053797374c3
:1021b800656d20436c6f636b20496e697400000c79
:1021c8004865617274626561742054696d65722036
:1021d800496e69740000000c555342205541525411
:1021e80020496e697400000c5072656665746368f6
:1021f80020496e697400000c5065726970686572d8
:10220800616c204d6f64756c652044697361626c04
:102218006520496e697400005761746368646f676c
:102228002054696d657220496e69740052544343a5
:1022380020496e697400000c41444320496e69745a
:102248000000000c493243204d61737465722049c7
:102258006e697400484c564420496e697400000c3d
:102268004444523220496e69740000003100000075
:1022780030000000320000005072656665746368c3
:10228800204d6f64756c65205374617475733a0ad8
:102298000d00000020202020507265666574636878
:1022a800204d6f64756c6520656e61626c652053a6
:1022b80074617475733a2000507265646963746957
:1022c80076652070726566657463682064697361f9
:1022d800626c65640a0d0000456e61626c65207071
:1022e8007265646963746976652070726566657481
:1022f800636820666f722043505520696e7374724c
:10230800756374696f6e73206f6e6c790a0d0000c7
:10231800456e61626c652070726564696374697684
:102328006520707265666574636820666f72204305
:10233800505520696e737472756374696f6e73207b
:10234800616e642043505520646174610a0d000079
:10235800456e61626c652070726564696374697644
:102368006520707265666574636820666f722061a7
:102378006e7920616464726573730a0d0000000051
:10238800456e61626c65640044697361626c656482
:102398000000000020202020507265666574636884
:1023a8002053454320496e746572727570742025f8
:1023b800730a0d002020202050464d20616363657c
:1023c80073732074696d65732073657420746f204e
:1023d80025642077616974207374617465730a0dcc
:1023e80000000000446574656374656400000000c3
:1023f8004e6f742044657465637465640000000062
:1024080020202020507265666574636820446f75cb
:10241800626c652d626974204572726f7220257333
:102428000a0d0000436f72726563746564000000f2
:102438002020202050726566657463682053696e99
:10244800676c652d626974204572726f72202573fe
:042458000a0d000069
:020000040000fa
:020000041d04d9
:10245c000700a10425500000231004002b180200d3
:10246c0023280500252040002328a300ffff0a2471
:10247c000800e1042540c000231006002b180200c0
:10248c002338070027500a00253040002338e3008a
:10249c002540c0002518e00025488000ab00e01462
:1024ac002510a0002b30a6003c00c010000000003e
:1024bc00202805710600a0100420a200231005009e
:1024cc00061049000440a800251044000448a90047
:1024dc00023408001b004600f401c000ffff0b3162
:1024ec00021409001238000010200000002404001f
:1024fc0025108200026067712b204c000a008010ae
:10250c002528e000211048002b20480006008014ec
:10251c00ffffe5242b204c000400805023104c00be
:10252c00feffe5242110480023104c001b00460040
:10253c00f401c000ffff2931121000001030000020
:10254c00003406002548c900025862712b302b015b
:10255c000800c01025204000214809012b4028010b
:10256c0004000015ffff44242b482b0101002055cb
:10257c00feff442400140500251044000500401102
:10258c0000000000231002002b200200231803007f
:10259c00231864000800e00300000000060000158a
:1025ac0020580b71010008241b000701f401e00006
:1025bc001240000020580b712d00601501000324ff
:1025cc002328a800023c08001b00a700f401e0002f
:1025dc00ffff0b310214090012280000102000002c
:1025ec000024040025108200026065712b204c0031
:1025fc000a0080102530a000211048002b20480034
:10260c0006008014ffffa6242b204c0004008050f1
:10261c0023104c00feffa6242110480023104c0070
:10262c001b004700f401e000ffff293112100000ed
:10263c0010380000003c07002538e90002286271c0
:10264c002b48e50008002011252040002138070107
:10265c002b40e80004000015ffff44242b38e50054
:10266c000100e054feff4424c3ff001000140600d8
:10267c00200007242338eb00044068010410650196
:10268c00021c08000628e5001b00a300f4016000f2
:10269c00ffff06310648e400254822010214090018
:1026ac001228000010380000003c07002538e2001a
:1026bc000260c5702b68ec000a00a0112510a00068
:1026cc002138e8002b68e8000600a015ffffa224c3
:1026dc002b68ec000400a0512338ec00feffa22470
:1026ec002138e8002338ec001b00e300f401600003
:1026fc00ffff25311218000010380000003c0700c5
:10270c002528e5000230c3702b48a6000a002011d2
:10271c00253860002128a8002b48a80006002015a9
:10272c00ffff67242b48a60004002051001c020068
:10273c00feff67242128a800001c02000448640145
:10274c002328a6009fff0010251867002b40a70028
:10275c002518000089ff0015251000002058eb708b
:10276c0007006015200009242b28e50083ffa01426
:10277c00010002242b10860080ff0010010042385b
:10278c0023482b0106102601043867012538470021
:10279c000244070004106501062825011b00a8004f
:1027ac00f4010001ffffec30061824012510620033
:1027bc00021c02001228000010480000004c090006
:1027cc0025482301026885712b702d010a00c01168
:1027dc002518a000214827012b7027010600c015e1
:1027ec00ffffa3242b702d010400c05123482d01a1
:1027fc00feffa3242148270123482d011b0028019b
:10280c00f4010001ffff45301240000010480000a9
:10281c00004c090025282501026088712b10ac00a2
:10282c000a004010254800012128a7002b10a70002
:10283c0006004014ffff09252b10ac0004004010cb
:10284c0000140300feff09252128a7000014030033
:10285c0004306601251049001900c2002328ac0081
:10286c00103800002b18a70007006014123000006d
:10287c0042ffa71425180000042064012b208600b9
:10288c003eff801000000000ffff42243bff0010c1
:10289c0025180000e8ffbd271400bfaf1000beaf25
:1028ac0025f0a003049d023c14794624049d023caf
:1028bc0018794524049d023c1c794424acf4400f47
:1028cc0000000000049d023c20794424bf27410fe6
:1028dc000000000086bf023c2000428c8000427c3d
:1028ec00ff0042300b00401000000000049d023c31
:1028fc0018794624049d023c18794524049d023c19
:10290c001c794424acf4400f0000000009000010b6
:10291c0000000000049d023c18794624049d023cf2
:10292c0018794524049d023c14794424acf4400fde
:10293c000000000086bf023c2000428c8000427cdc
:10294c00ff0042300500401000000000049d023cd6
:10295c00487942240300001000000000049d023c52
:10296c005c79422425284000049d023c7079442463
:10297c007d28410f0000000086bf023c2001428ce4
:10298c000002427cff0042300b00401000000000af
:10299c00049d023c18794624049d023c1879452478
:1029ac00049d023c1c794424acf4400f0000000050
:1029bc000900001000000000049d023c1879462418
:1029cc00049d023c18794524049d023c147944244e
:1029dc00acf4400f0000000086bf023c2001428c8a
:1029ec000002427cff004230050040100000000055
:1029fc00049d023c487942240300001000000000b2
:102a0c00049d023c5c79422425284000049d023c34
:102a1c00907944247d28410f0000000086bf023cc1
:102a2c002002428c4000427cff0042300b004010e0
:102a3c0000000000049d023c18794624049d023cd1
:102a4c0018794524049d023c1c794424acf4400fb5
:102a5c00000000000900001000000000049d023c72
:102a6c0018794624049d023c18794524049d023ca7
:102a7c0014794424acf4400f0000000086bf023ce3
:102a8c002002428c4000427cff0042300500401086
:102a9c0000000000049d023c487942240300001011
:102aac0000000000049d023c5c7942242528400073
:102abc00049d023cac7944247d28410f00000000a9
:102acc0086bf023c2007428cc000427cff00423093
:102adc000b00401000000000049d023c18794624b5
:102aec00049d023c18794524049d023c1c79442425
:102afc00acf4400f000000000900001000000000c2
:102b0c00049d023c18794624049d023c1879452406
:102b1c00049d023c14794424acf4400f00000000e6
:102b2c0086bf023c2007428cc000427cff00423032
:102b3c000500401000000000049d023c487942242e
:102b4c000300001000000000049d023c5c7942244c
:102b5c0025284000049d023cc87944247d28410f5f
:102b6c000000000086bf023c2007428c0001427c22
:102b7c00ff0042300b00401000000000049d023c9e
:102b8c0018794624049d023c18794524049d023c86
:102b9c001c794424acf4400f000000000900001024
:102bac0000000000049d023c18794624049d023c60
:102bbc0018794524049d023c14794424acf4400f4c
:102bcc000000000086bf023c2007428c0001427cc2
:102bdc00ff0042300500401000000000049d023c44
:102bec00487942240300001000000000049d023cc0
:102bfc005c79422425284000049d023ce47944245d
:102c0c007d28410f0000000086bf023c2007428c4b
:102c1c00c001427cff0042300b004010000000005d
:102c2c00049d023c18794624049d023c18794524e5
:102c3c00049d023c1c794424acf4400f00000000bd
:102c4c000900001000000000049d023c1879462485
:102c5c00049d023c18794524049d023c14794424bb
:102c6c00acf4400f0000000086bf023c2007428cf1
:102c7c00c001427cff004230050040100000000003
:102c8c00049d023c4879422403000010000000001f
:102c9c00049d023c5c79422425284000049d023ca2
:102cac00007a44247d28410f0000000001f5400ffc
:102cbc00000000000000000025e8c0031400bf8fd6
:102ccc001000be8f1800bd270800e00300000000b4
:020000040000fa
:020000041d04d9
:102cdc00b0ffbd274c00bfaf4800beaf4400b5af3e
:102cec004000b4af3c00b3af3800b2af3400b1af6a
:102cfc003000b0af25f0a003049d023cb86446241c
:102d0c00049d023cbc644524049d023cc0644424e4
:102d1c00acf4400f00000000049d023cc464442449
:102d2c00bf27410f00000000049d023cbc644624f8
:102d3c00049d023cbc644524049d023cc0644424b4
:102d4c00acf4400f0000000000a0023cc040422444
:102d5c000800488c0c00498c00a0023cc040422466
:102d6c001400438c1000428c00a0043cc04084240e
:102d7c001c00858c1800848c00a0063cc440c78cb9
:102d8c00c040c68c2000a6af2400a7af1800a4af8b
:102d9c001c00a5af1000a2af1400a3af253000019a
:102dac0025382001049d023cdc6444247d28410f1d
:102dbc0000000000049d023cb8644624049d023cc3
:102dcc00bc644524049d023cc0644424acf4400f14
:102ddc0000000000049d023c20654424bf27410fe5
:102dec0000000000049d023cbc644624049d023c8f
:102dfc00bc644524049d023cc0644424acf4400fe4
:102e0c000000000000a0023cc04042242800488c76
:102e1c002c00498c00a0023cc04042243400438c5e
:102e2c003000428c00a0043cc04084243c00858cc3
:102e3c003800848c00a0063cc040c6242400c78cfb
:102e4c002000c68c2000a6af2400a7af1800a4afaa
:102e5c001c00a5af1000a2af1400a3af25300001d9
:102e6c0025382001049d023cdc6444247d28410f5c
:102e7c0000000000049d023cb8644624049d023c02
:102e8c00bc644524049d023cc0644424acf4400f53
:102e9c0000000000049d023c3c654424bf27410f08
:102eac0000000000049d023cbc644624049d023cce
:102ebc00bc644524049d023cc0644424acf4400f23
:102ecc000000000000a0023cc04042244800528c8c
:102edc004c00538c00a0023cc04042248800508c13
:102eec008c00518c00a0023cc04042245400438c06
:102efc005000428c049d043ca866868cac66878c82
:102f0c002520400025286000de13410f0000000042
:102f1c0025a0400025a8600000a0023cc04042242f
:102f2c004c00438c4800428c00a0043cc0408424dc
:102f3c005400858c5000848c253080002538a000ee
:102f4c002520400025286000de13410f0000000002
:102f5c00252040002528600000a0023cc0404224ef
:102f6c004400438c4000428c2800a2af2c00a3af3d
:102f7c002000a4af2400a5af1800b4af1c00b5af5f
:102f8c001000b0af1400b1af2530400225386002fc
:102f9c00049d023c586544247d28410f000000002c
:102fac00049d023cb8644624049d023cbc64452448
:102fbc00049d023cc0644424acf4400f00000000ab
:102fcc00049d023cbc654424bf27410f0000000057
:102fdc00049d023cbc644624049d023cbc64452414
:102fec00049d023cc0644424acf4400f000000007b
:102ffc0000a0023cc04042246c00438c6800428c10
:10300c002530400025386000049d023cdc654424da
:10301c007d28410f0000000000a0023cc04042246b
:10302c007400438c7000428c2530400025386000c1
:10303c00049d023c006644247d28410f00000000e2
:10304c0000a0023cc04042246400438c6000428ccf
:10305c002530400025386000049d023c2c66442439
:10306c007d28410f0000000000a0023cc04042241b
:10307c007c00438c7800428c253040002538600061
:10308c00049d023c506644247d28410f0000000042
:10309c0000a0023cc04042248400438c8000428c3f
:1030ac002530400025386000049d023c7c66442499
:1030bc007d28410f00000000280a410f000000008d
:1030cc00049d023ca4664424bf27410f000000006d
:1030dc0001f5400f000000000000000025e8c003cf
:1030ec004c00bf8f4800be8f4400b58f4000b48f9a
:1030fc003c00b38f3800b28f3400b18f3000b08fea
:10310c005000bd270800e003000000000700a104e8
:10311c0025600000231004002b4802002328050022
:10312c00252040002328a900ffff0c240600e10401
:10313c002548c000233006002b100600233807005a
:10314c002338e2002548c000251080009c00e014c4
:10315c002518a0002b30a6003900c01020502a7171
:10316c0008004051022409000418450123280a00d4
:10317c000628a400044849012518a30004104401a2
:10318c00022409001b006400f4018000ffff2731ba
:10319c00121800001028000002306770001c050097
:1031ac00022c0200251865002b2866000800a05090
:1031bc0023186600211869002b2869000300a0144d
:1031cc002b2866000100a054211869002318660002
:1031dc001b006400f4018000ffff42301218000055
:1031ec001030000002206770001c060025106200e1
:1031fc002b18440008006050231044002110490093
:10320c002b184900030060142b1844000100605473
:10321c00211049002310440006104201251800001b
:10322c000500801100000000231002002b2002007a
:10323c0023180300231864000800e00300000000ba
:10324c000600201500000000010009241b002701c6
:10325c00f401e0001248000020502a7129004015aa
:10326c00200007242328a900022409001b00a40025
:10327c00f4018000ffff2731122800001018000015
:10328c000230a770002c0300021c02002528a300aa
:10329c002b18a600080060502330a6002128a90096
:1032ac002b18a900030060142b18a6000100605411
:1032bc002128a9002330a6001b00c400f4018000c3
:1032cc00ffff423012300000102800000218c770b7
:1032dc00003405002510c2002b204300ceff805087
:1032ec0023104300211049002b20490003008014b7
:1032fc002b2043000100805421104900c6ff001010
:10330c00231043002338ea00044849010618e4005e
:10331c00023409000638e5001b00e600f401c00089
:10332c0004104501ffff283125186200022c030010
:10333c0012380000105800000210e870003c0b001e
:10334c002538e5002b28e2000800a0502338e200c5
:10335c002138e9002b28e9000300a0142b28e200f7
:10336c000100a0542138e9002338e2001b00e600dc
:10337c00f401c000ffff653012300000103800006f
:10338c00003c07002528e5000230c8702b10a60071
:10339c0009004010041044012128a9002b10a90099
:1033ac0005004014041044012b10a60001004054e9
:1033bc002128a90004104401abff00102328a6000b
:1033cc002b40a70096ff00152068ed700a00a01591
:1033dc002b40e500030000152b40860090ff0015e4
:1033ec0000000000231086002328a7002b18820061
:1033fc008bff00102318a30020000b2423586d0111
:10340c00064066010438a701253807010410a50100
:10341c00024c0700062865011b00a900f4012001dd
:10342c00ffffe8300618640125186200021403003f
:10343c00122800001050000000540a0025504201d0
:10344c00027005712b784e010a00e0112510a000c6
:10345c00215047012b7847010600e015ffffa224fd
:10346c002b784e010400e05123504e01feffa224a4
:10347c002150470123504e011b004901f40120014a
:10348c00124800001050000000540a000228097174
:10349c00ffff6830254048012b1805010a00601019
:1034ac0025502001214007012b180701060060144c
:1034bc00ffff2a252b180501040060100074020080
:1034cc00feff2a2521400701007402002570ca0165
:1034dc000430a6011900c601234005010418a401fb
:1034ec00107800002b100f012528e001127000004d
:1034fc00060040141220000009000f152320640060
:10350c002b106e00070040502b1864002320c601be
:10351c002338e7012b70c4012328ee00232064001c
:10352c002b186400234005012318030104106301c8
:10353c000620a4012510440039ff00100618a30131
:020000040000fa
:020000041d04d9
:10354c000080013c2638e10040580500425d0b002c
:10355c00c0520500427d040025504f01c04a0400b2
:10356c000080083c255048014070070042750e0051
:10357c00c06a0700427d06002568af01c0620600e4
:10358c002568a801ffff6f25fe07e12d8d00201097
:10359c0000000000ffffcf25fe07e12dbb0020102f
:1035ac00000000000080013c2428a10023406e0193
:1035bc002c00001100000000150000190000000094
:1035cc002000012d0700201400000000e0ff08215e
:1035dc002b300c0023000d102560a601f8ff001005
:1035ec0000000d341f000011000000002220080014
:1035fc0004308c0004208d0006600c0106680d015f
:10360c001800c01025608c001600001002008c35cc
:10361c0025580e00234008002000012d070020141f
:10362c0000000000e0ff08212b3009000d000a10fb
:10363c0025484601f8ff001000000a34090000116b
:10364c0000000000222008000430890004208a00b9
:10365c000648090106500a010200c01025488900dd
:10366c00020029352678a7001c00e00500000000a8
:10367c0021482c012b782c0121504d0121504f0158
:10368c0002004d11000000002b784d013700e011b5
:10369c000000000001002f310200e01100000000ca
:1036ac000200293542480900c07f0a0025482f0135
:1036bc0042500a000080013c2550410101006b255d
:1036cc00ff0701242900611500000000f07f013c78
:1036dc002528a10037000010000004242b782c01b1
:1036ec0023482c012b104f0123504f012b784d01f7
:1036fc002578e2010700e01123504d010080013cc8
:10370c002628a1002b7809002348090023500a0021
:10371c0023504f0108004015000000000300201545
:10372c00000000000d00001000000b2425502001ab
:10373c0000000924e0ff6b252040487107000011b0
:10374c000000000023586801222008000620890090
:10375c000448090104500a01255044012578490107
:10376c000200e0150000000000000524680060194c
:10377c00000000000004292500042f2d21504f01ca
:10378c002b784f0121586f01c27a09000100ef31eb
:10379c0023482f01c2220900407d0a0025208f00fa
:1037ac0040780a00027b0f002528af00007d0b003b
:1037bc002528af0025100400251805000800e0039b
:1037cc00000000002a7820012148290121504a01db
:1037dc002300601521504f01257849011400e01198
:1037ec000000000008004015000000000300201538
:1037fc000000000067ff001000000b242550200182
:10380c0000000924e0ff6b252040487161ff001186
:10381c0000000000235868012220080006208900bf
:10382c000448090104500a015aff001025504401b4
:10383c00ff0701241500c111000000002140e70022
:10384c00257806010300e01500000000d9ffe00414
:10385c000000000025100600d8ff001025180700f6
:10386c00257849012700e01500000000ff0701241e
:10387c00d0ffc115000000002678a7002100e0054c
:10388c0000000000f3ff0010000000002a78800107
:10389c0021608c012168ad011700c0152168af01b2
:1038ac002578ac01c3ffe011000000000800a01552
:1038bc0000000000030080150000000039ff00101c
:1038cc0000000e242568800100000c24e0ffce25aa
:1038dc002040a87133ff0011000000002370c801c4
:1038ec002220080006208c0004600c0104680d01e5
:1038fc002cff00102568a4012578ac01d5ffe01140
:10390c0000000000f8ff053caaff00100000042492
:10391c000100082423400b012000012d0700201476
:10392c0000000000e0ff08212b3009000d000a10f8
:10393c0025484601f8ff001000000a340900001168
:10394c0000000000222008000430890004208a00b6
:10395c000648090106500a010200c01025488900da
:10396c000200293583ff001000000b24000000002a
:020000040000fa
:020000041d04d9
:10397c00e8ffbd271400bfaf1000beaf25f0a003b9
:10398c0084bf033c00006294c47b027c000062a4f0
:10399c0084bf033c00006294030004240429827c4d
:1039ac00000062a484bf033c000062940100042464
:1039bc00446b827c000062a484bf033c00006294d0
:1039cc00c439027c000062a484bf033c00006294f2
:1039dc004408027c000062a484bf023c100040ac8e
:1039ec0084bf023ce8010324200043ac04000424ff
:1039fc002e3a400f000000000600052404000424a9
:103a0c009c1d400f0000000003000524040004244a
:103a1c00f725400f00000000040004240e3a400f6c
:103a2c000000000084bf033c0000629401000424e9
:103a3c00c47b827c000062a484bf033c00026294bd
:103a4c00c47b027c000262a484bf033c000262942b
:103a5c0001000424446b827c000262a484bf033cfa
:103a6c0000026294c439027c000262a484bf033c4d
:103a7c00000262940431027c000262a484bf033c05
:103a8c00000262944408027c000262a484bf023cdf
:103a9c00100240ac84bf023cc8000324200243ac9b
:103aac0084bf033c00466294446b027c004662a4d3
:103abc0084bf033c00466294c418027c004662a496
:103acc0084bf033c004662944429027c004662a4f5
:103adc0080bf033c0000628c0484027c000062ac5a
:103aec0084bf033c00466294060004240410827ccc
:103afc00004662a484bf033c004662940100042487
:103b0c00c47b827c004662a484bf023c204640ac4d
:103b1c0084bf033c0002629401000424c47b827cb9
:103b2c00000262a484bf023c0000428cc003427cb1
:103b3c00ff004230100040100000000084bf023c27
:103b4c000002428cc003427cff0042300a0040104d
:103b5c000000000084bf023c0046428cc003427c43
:103b6c00ff0042300400401000000000010002245d
:103b7c00020000100000000025100000010042307f
:103b8c00ff00423025e8c0031400bf8f1000be8f29
:103b9c001800bd270800e00300000000f8ffbd2757
:103bac000400beaf25f0a00384bf033c0000629468
:103bbc0001000424c47b827c000062a4000000008d
:103bcc0025e8c0030400be8f0800bd270800e003f1
:103bdc0000000000f8ffbd270400beaf25f0a003d5
:103bec0084bf033c00006294c47b027c000062a48e
:103bfc000000000025e8c0030400be8f0800bd27ac
:103c0c000800e0030000000000e85d4100701a406d
:103c1c0000601b40c0ffbd273c00baaf02601a40d9
:103c2c003800bbaf3400baaf44781b7c00187b372c
:103c3c0000609b40121000002c00a2af1018000076
:103c4c002800a3af121020002400a2af10182000ef
:103c5c002000a3af121040001c00a2af10184000af
:103c6c001800a3af121060001400a2af101860006f
:103c7c001000a3afb81c3f7c3000a3af25f0a0030d
:103c8c0001a0023c01000324b64343a06080828f54
:103c9c000a004014000000006480828f010042245e
:103cac00648082af6480838fc80002240300621496
:103cbc000000000001000224608082af6080838fce
:103ccc000100022408006214000000006480828f4e
:103cdc00ffff4224648082af6480828f0200401414
:103cec0000000000608080af6480838f84bf023c42
:103cfc00204643ac6880828f01004224688082afea
:103d0c00b91d410f00000000040004242e3a400f9e
:103d1c00000000000000000025e8c0033000a38f65
:103d2c00f8fc617c2c00a28f130040002800a38fac
:103d3c00110060002400a58f1308a0002000a58f9f
:103d4c001108a0001c00a58f1310a0001800a58f4f
:103d5c001110a0001400a58f1318a0001000a58f3f
:103d6c001118a00000606041c00000003400bb8f3f
:103d7c003c00ba8f02609b403800bb8f00709a40a9
:103d8c004000bd2700e8dd4100609b401800004268
:103d9c002540c0002518e000255080009800e01454
:103dac002510a0002b30a6003500c010000000002c
:103dbc00202805710600a0102320050006208a008b
:103dcc000410a2000440a800251082000450aa0090
:103ddc00023408001b004600f401c000ffff05314f
:103dec0002240a0012380000101000000014020017
:103dfc00252044000248a7702b5889000a00601146
:103e0c002510e000212088002b5888000600601542
:103e1c00ffffe2242b588900040060512320890005
:103e2c00feffe22421208800232089001b0086004d
:103e3c00f401c00010300000003406001220000015
:103e4c000238a470ffff45312528c5002b48a70078
:103e5c000800201125308000212805012b40a800e6
:103e6c0004000015ffff86242b28a7000100a05496
:103e7c00feff8624001402000800e0032510460013
:103e8c0004000015010002241b004800f40100018d
:103e9c001240000020580b712300601520000724ed
:103eac002328a80001000324023408001b00a600ec
:103ebc00f401c000ffff073102240a0012280000a1
:103ecc001010000000140200252044000248e57088
:103edc002b5889000a0060112510a00021208800b1
:103eec002b58880006006015ffffa2242b58890070
:103efc000400605123208900feffa22421208800a9
:103f0c00232089001b008600f401c000ffff4a310a
:103f1c0010280000002c05002528aa001220000003
:103f2c00caff00100238e4702338eb00044068012b
:103f3c000648e400023408000638e5001b00e600e1
:103f4c00f401c0000410650125482201ffff023175
:103f5c00021c09001228000010380000003c070069
:103f6c002538e300025045702b60ea000a008011ee
:103f7c002518a0002138e8002b60e8000600801509
:103f8c00ffffa3242b60ea00040080512338ea00d1
:103f9c00feffa3242138e8002338ea001b00e600ca
:103fac00f401c000ffff2531123000001038000072
:103fbc00003c07002528e500021046702b48a200a3
:103fcc000a0020112538c0002128a8002b48a80081
:103fdc0006002015ffffc7242b48a2000400205127
:103fec00001c0300feffc7242128a800001c0300ae
:103ffc00045064012328a200abff001025186700b1
:10400c002b40a700251800004e00001525100000bd
:10401c002050ea7007004015200009242b28e500e9
:10402c004800a014010002242b1086000800e003b5
:10403c000100423823482a010610260104384701a2
:10404c0025384700041845010244070006282501bd
:10405c001b00a800f4010001ffffeb300610240147
:10406c0025104300021c020012280000104800001a
:10407c00004c090025482301026065712b682c0156
:10408c000a00a0112518a000214827012b68270140
:10409c000600a015ffffa3242b682c010400a051df
:1040ac0023482c01feffa3242148270123482c017f
:1040bc001b002801f4010001ffff453012400000f5
:1040cc0010480000004c0900252825010258687191
:1040dc002b10ab000a004010254800012128a70036
:1040ec002b10a70006004014ffff09252b10ab0076
:1040fc000400401000140300feff09252128a7002e
:10410c000014030004304601251049001900c200b8
:10411c002328ab00103800002b18a70007006014f0
:10412c00123000000700a7142518000004204401d9
:10413c002b2086000300801000000000ffff4224ab
:0c414c00251800000800e003000000003f
:020000040000fa
:020000041d04d9
:104158002548c000251080008b00e0142518a00019
:104168002b30a6003300c01020502a7108004011df
:10417800025c09000418450123280a000628a40047
:10418800044849012518a30004104401025c0900f1
:104198001b006b00f4016001ffff243112180000be
:1041a8001028000002306470001c0500022c020078
:1041b800251865002b2866000800a0502318660003
:1041c800211869002b2869000300a0142b28660019
:1041d8000100a05421186900231866001b006b0019
:1041e800f4016001ffff4230103000001218000097
:1041f80002586470001c0600251062002b184b0042
:104208000900605023104b00211049002b18490069
:104218000500605423104b002b184b00010060541c
:104228002110490023104b00061042010800e0034a
:104238002518000004002015010003241b00690054
:10424800f40120011248000020502a711f00401577
:10425800200007242328a900025c09001b00ab00ea
:10426800f4016001ffff243112280000101800003b
:104278000230a470002c0300021c02002528a300b1
:104288002b18a600080060502330a6002128a9009a
:104298002b18a900030060142b18a6000100605415
:1042a8002128a9002330a6001b00cb00f4016001df
:1042b800ffff423010280000123000000258c4707e
:1042c80000340500cdff00102510c2002338ea0095
:1042d800044849010618e400023409000638e500dc
:1042e8001b00e600f401c00004104501ffff28315f
:1042f80025186200022c030012380000106000002c
:104308000210e870003c0c002538e5002b28e2007c
:104318000800a0502338e2002138e9002b28e900e2
:104328000300a0142b28e2000100a0542138e90062
:104338002338e2001b00e600f401c000ffff6530ef
:104348001230000010380000003c07002528e50066
:104358000230c8702b10a600090040100410440158
:104368002128a9002b10a9000500401404104401bd
:104378002b10a600010040542128a9000410440174
:10438800b5ff00102328a6002b40a7005c000015ed
:104398002070ee700a00c0152b40e50003000015e0
:1043a8002b408600560000150000000023108600f0
:1043b8002328a7002b1882000800e0032318a30075
:1043c80020000b2423586e01066066010438c701db
:1043d800253887010440c501024c070006286501fd
:1043e8001b00a900f40120010610640125104800f3
:1043f800ffffe8300264020012280000105000009d
:1044080000540a0025504c01021805712b60430125
:104418000a0080112568a000215047012b60470140
:1044280006008015ffffad242b6043010400805176
:1044380023504301feffad2421504701235043017f
:104448001b004901f401200112480000105000002f
:1044580000540a0002280971ffff4830254048012e
:104468002b1005010a0040102550200121400701aa
:104478002b10070106004014ffff2a252b10050109
:104488000400401000640d00feff2a2521400701aa
:1044980000640d000410c60125608a01190082011c
:1044a800234005010418c401106800002b200d01e9
:1044b8002528a001126000000500801412300000b9
:1044c80007000d152b206c000600801023306600b5
:1044d800233082012338a7012b6086012328ec00b2
:1044e800233066002b1866002340050123180301ba
:1044f800041063010630c601251046000618c301e2
:084508000800e00300000000c0
:020000040000fa
:020000041d04d9
:10451000436f6e66696775726174696f6e00000c37
:104520005553422047656e6572616c0055534220b9
:104530004672616d696e6700555342205061726921
:1045400074790000555342204f76657272756e0083
:1045500055534220545820444d41000055534220a9
:10456000525820444d410000446561646d616e20e5
:1045700054696d657200000c53797374656d204247
:1045800075732050726f74656374696f6e2056691d
:104590006f6c6174696f6e005072656665746368f4
:1045a000204d6f64756c652053454300436c6f6309
:1045b0006b204661696c75726500000c576174630d
:1045c00068646f672054696d65722054696d656f0a
:1045d00075740000446561646d616e2054696d6599
:1045e000722054696d656f757400000c4d43552041
:1045f0005644442042726f776e6f75740000000c51
:104600004d43552056444420484c56442042726f36
:10461000776e6f757400000c4d435520564444204e
:10462000436f726520484c56442042726f776e6f1c
:1046300075740000414443205265666572656e637f
:1046400065204661756c740041444320436f6e667b
:10465000696775726174696f6e204572726f72005e
:1046600044445232204d504c4c20566f6c7461675c
:104670006520526567756c61746f722054696d6551
:104680006f75740044445232204d504c4c204c6f96
:10469000636b2054696d656f757400004444523239
:1046a00020496e697420436f6d6d616e642053659f
:1046b0007175656e63652054696d656f7574000072
:1046c000444452322053656c662d43616c696272ba
:1046d0006174696f6e2054696d656f757400000cac
:1046e0004444523220426f6f742053656c662d54df
:1046f000657374204661696c656400005379737456
:10470000656d20436c6f636b20496e697400000c0b
:104710004865617274626561742054696d657220c8
:10472000496e69740000000c5553422055415254a3
:1047300020496e697400000c507265666574636888
:1047400020496e697400000c50657269706865726a
:10475000616c204d6f64756c652044697361626c97
:104760006520496e697400005761746368646f67ff
:104770002054696d657220496e6974005254434338
:1047800020496e697400000c41444320496e6974ed
:104790000000000c493243204d617374657220495a
:1047a0006e697400484c564420496e697400000cd0
:1047b0004444523220496e6974000000201b5b3073
:1047c0003b33313b34306d4350552047656e657245
:1047d000616c20457863657074696f6e212045585f
:1047e00043434f44453a20000a0d00001b5b303b19
:1047f00033313b34306d43505520544c4220526588
:1048000066696c6c20457863657074696f6e210a07
:104810000d0000001b5b303b33313b34306d4350a7
:104820005520436163686520457863657074696fde
:104830006e210a0d000000001b5b303b33313b341e
:10484000306d43505520426f6f74737472617020e5
:10485000457863657074696f6e210a0d0000000071
:104860003100000030000000320000004572726f1d
:10487000722048616e646c65722053746174757344
:104880003a0a0d00686173206f6363757272656424
:1048900000000000686173206e6f74206f636375a1
:1048a00072726564000000002020202025732045de
:0c48b00072726f722025730a0d00000068
:020000040000fa
:020000041d04d9
:1048bc00f0ffbd270c00beaf25f0a00380bf023c6b
:1048cc004012428c8002427cff0042300d004010ae
:1048dc00000000000c0002240000c2af80bf033cab
:1048ec004012628c8452027c401262ac80bf033c4a
:1048fc004012628c0400027c401262aca1000010d9
:10490c000000000080bf023c4012428c4004427cfc
:10491c00ff0042300d004010000000000d0002248a
:10492c000000c2af80bf033c4012628c448c027cfe
:10493c00401262ac80bf033c4012628c0400027ccb
:10494c00401262ac8f0000100000000080bf023cdf
:10495c004012428c0004427cff0042300d0040109b
:10496c00000000000e0002240000c2af80bf033c18
:10497c004012628c0484027c401262ac80bf033c07
:10498c004012628c0400027c401262ac7d0000106c
:10499c000000000080bf023c4012428c0000427cb0
:1049ac00ff00423009004010000000000b00022400
:1049bc000000c2af80bf033c4012628c0400027c3a
:1049cc00401262ac6f0000100000000080bf023c7f
:1049dc004012428cc001427cff0042300900401062
:1049ec0000000000040002240000c2af80bf033ca2
:1049fc004012628cc439027c401262ac610000101f
:104a0c000000000080bf023c4012428c4000427cff
:104a1c00ff00423009004010000000000a00022490
:104a2c000000c2af80bf033c4012628c4408027c81
:104a3c00401262ac530000100000000080bf023c2a
:104a4c004012428c8001427cff0042300900401031
:104a5c0000000000050002240000c2af80bf033c30
:104a6c004012628c8431027c401262ac4500001012
:104a7c000000000080bf023c4012428c4002427c8d
:104a8c00ff00423009004010000000000300022427
:104a9c000000c2af80bf033c4012628c444a027ccf
:104aac00401262ac370000100000000080bf023cd6
:104abc004012428c4001427cff0042300900401001
:104acc0000000000060002240000c2af80bf033cbf
:104adc004012628c4429027c401262ac2900001006
:104aec000000000080bf023c4012428c0001427c5e
:104afc00ff004230090040100000000007000224b3
:104b0c000000c2af80bf033c4012628c0421027cc7
:104b1c00401262ac1b0000100000000080bf023c81
:104b2c004012428cc000427cff0042300900401011
:104b3c0000000000080002240000c2af80bf033c4c
:104b4c004012628cc418027c401262ac0d00001042
:104b5c000000000080bf023c4012428c8000427c6e
:104b6c00ff00423007004010000000000900022442
:104b7c000000c2af80bf033c4012628c8410027ce8
:104b8c00401262ac80bf023c4012428cc006427c98
:104b9c00ff004230050040100000000080bf033cc5
:104bac004012628cc4de027c401262ac80bf023cbc
:104bbc004012428c8006427cff00423005004010bf
:104bcc000000000080bf033c4012628c84d6027c43
:104bdc00401262ac0000c28f25e8c0030c00be8fef
:104bec001000bd270800e00300000000f8ffbd27ff
:104bfc000400beaf25f0a0030800c4af0180023c46
:104c0c000800c38f80180300b84b422421106200a7
:104c1c000000428c25e8c0030400be8f0800bd27ad
:084c2c000800e0030000000095
:020000040000fa
:020000041d04d9
:104c3400436f6e66696775726174696f6e00000c0c
:104c44005553422047656e6572616c00555342208e
:104c54004672616d696e67005553422050617269f6
:104c640074790000555342204f76657272756e0058
:104c740055534220545820444d410000555342207e
:104c8400525820444d410000446561646d616e20ba
:104c940054696d657200000c53797374656d20421c
:104ca40075732050726f74656374696f6e205669f2
:104cb4006f6c6174696f6e005072656665746368c9
:104cc400204d6f64756c652053454300436c6f63de
:104cd4006b204661696c75726500000c57617463e2
:104ce40068646f672054696d65722054696d656fdf
:104cf40075740000446561646d616e2054696d656e
:104d0400722054696d656f757400000c4d43552015
:104d14005644442042726f776e6f75740000000c25
:104d24004d43552056444420484c56442042726f0b
:104d3400776e6f757400000c4d4355205644442023
:104d4400436f726520484c56442042726f776e6ff1
:104d540075740000414443205265666572656e6354
:104d640065204661756c740041444320436f6e6650
:104d7400696775726174696f6e204572726f720033
:104d840044445232204d504c4c20566f6c74616731
:104d94006520526567756c61746f722054696d6526
:104da4006f75740044445232204d504c4c204c6f6b
:104db400636b2054696d656f75740000444452320e
:104dc40020496e697420436f6d6d616e6420536574
:104dd4007175656e63652054696d656f7574000047
:104de400444452322053656c662d43616c6962728f
:104df4006174696f6e2054696d656f757400000c81
:104e04004444523220426f6f742053656c662d54b3
:104e1400657374204661696c65640000537973742a
:104e2400656d20436c6f636b20496e697400000ce0
:104e34004865617274626561742054696d6572209d
:104e4400496e69740000000c555342205541525478
:104e540020496e697400000c50726566657463685d
:104e640020496e697400000c50657269706865723f
:104e7400616c204d6f64756c652044697361626c6c
:104e84006520496e697400005761746368646f67d4
:104e94002054696d657220496e697400525443430d
:104ea40020496e697400000c41444320496e6974c2
:104eb4000000000c493243204d617374657220492f
:104ec4006e697400484c564420496e697400000ca5
:104ed4004444523220496e69740000000a00000004
:104ee4000d000000300000003300000025733a205c
:104ef40025730d0a00000000256420796561722c79
:104f04002000000025642079656172732c20000064
:104f14002564206461792c2000000000256420644d
:104f24006179732c20000000256420686f75722c51
:104f340020000000256420686f7572732c20000027
:104f44002564206d696e7574652c20002564206dc0
:104f5400696e757465732c2000000000256420734d
:104f640065636f6e640000002564207365636f6e73
:044f74006473000062
:020000040000fa
:020000041d04d9
:104f78004050050042550a00c04a0500427d040021
:104f880025482f01c042040000800e3c25482e0110
:104f980040680700426d0d00c0620700427d0600b0
:104fa80025608f01c05a060025608e012628a700bb
:104fb8002428ae00ffff4f25fe07e12d47002010f3
:104fc80000000000ffffaf25fe07e12d6f00201055
:104fd8000000000002fcaf2521504f0119002c01f0
:104fe800123800001070000019000b011220000098
:104ff8001030000019002b01125800001068000042
:105008002130cb002b78cb002138ed002138ef0080
:105018000200ed10000000002b78ed002170cf0198
:1050280019000c0112400000104800002130c8008f
:105038002b78c8002138e9002138ef000200e91078
:10504800000000002b78e9002170cf012578860048
:105058000200e011000000000100e73425480e00be
:1050680006002005254007002a7800012140080194
:105078002148290121482f01ffff4a25ffff4f251d
:10508800fe07e12d6800201000000000000408253c
:1050980000040f2d21482f012b782f0121504f019b
:1050a800c27a08000100ef3123400f01c222080034
:1050b800407d090025208f0040780900027b0f0001
:1050c8002528af00007d0a002528af002510040020
:1050d800251805000800e003000000002a780001f8
:1050e80021400801214829011c00401521482f01b1
:1050f800257828011400e0110000000008002015a0
:10510800000000000300001500000000adff0010c3
:1051180000000a242548000100000824e0ff4a2571
:1051280020702e71a7ffc0110000000023504e010f
:1051380022380e000638e8000440c8010448c901b6
:10514800a0ff001025482701ff0701243300a11103
:1051580000000000ddff0010000000002578280195
:105168002e00e015000000000500a015000000005a
:1051780040780c002578eb012800e01100000000c1
:10518800ff0701242100a115000000002a78600112
:1051980021586b0121608c011900a01521608f0135
:1051a80025788b011400e01100000000080080152c
:1051b80000000000030060150000000085ff0010db
:1051c80000000d242560600100000b24e0ffad25e0
:1051d800203086717fffc010000000002368a60100
:1051e800227006000670cb010458cb000460cc0086
:1051f80078ff001025608e01b4ff00100000042421
:1052080025788b010500e01500000000f07f013cc7
:105218002528a100adff001000000424f8ff053c7c
:10522800aaff001000000424f8ff401d0000000041
:1052380001000e242370ca012000c12d070020148c
:1052480000000000e0ffce212b3008000d000910ff
:1052580025402601f8ff0010000009340900c0119c
:105268000000000022380e000430e8000438e9008d
:105278000640c8010648c9010200c0102540e800e0
:10528800020008350004082500040f2d21482f01cd
:0c52980083ff0010c25709000000000056
:020000040000fa
:020000041d04d9
:1052a400f100033c80426324e201023c2118a30084
:1052b400008542342b386200bf00e010000000007b
:1052c400ffff4224050062141dfe023c017b4224c0
:1052d4002b108200b800401000000000d0ffbd2752
:1052e4001800b2af43c7123c80a2523621909200fc
:1052f4002b204402ffffa5241400b1af1000b0af6f
:105304002588c000218085000100063c2528000274
:105314008051c63425380000252040022c00bfaf40
:105324002800b6af2400b5af2000b4af1709410f71
:105334001c00b3af0100063c252800028051c6348e
:10534400253800002520400225a0400025b060003b
:1053540025984000460c410f25a860000800410430
:10536400258040000100023cffff93268051422427
:105374002ba07402ffffd5262180020221a89502ea
:10538400030064262b289300070006242538000018
:10539400460c410f2128b50002004104259040002d
:1053a400070052240200063cb13ac63425380000f6
:1053b400252060021709410f2528a0020200063c9f
:1053c400b13ac63425380000252060022528a00201
:1053d400460c410f25a04000040041040200033c98
:1053e400b13a632421104300ffff9426ac8e0734a6
:1053f4001a004700f401e0000400032412380000fe
:105404000100e35003000724ffff033c54716324ad
:105414000220e3701900032421108200b50504243e
:105424001a004400f401800012200000010083509f
:10543400180004244bfa0324022883700400032474
:105444002110a2006d0105241a004500f401a000fa
:10545400122800005400a350030005240500a014e2
:105464002530000003008014010006240100e62c0e
:105474002528800093fe03240240a3702118020112
:105484003201622803004010cefe68243b006824e9
:1054940021400601059d023c2530000044ab422416
:1054a40021484600000029812a50690040004051eb
:1054b4002318690064000224802004002120850050
:1054c4000228e270900102242138a400c32f0700af
:1054d4001300e0001100a000000082720a00c2283c
:1054e4001220000007004014102800000100872447
:1054f4002b10e40021104500f4ffc6242520e00011
:10550400252840000080073c6400e72421388700f8
:105514002b38e4002138e5001900e014ffff0224d1
:10552400100e02241a000202f40140000100632458
:105534000c0023ae640084240200c624140024aeac
:10554400100026ae180032ae1c0028ae1210000067
:10555400080022ae3c0002241a000202f4014000ba
:105564001280000010180000000023ae1a0002028e
:10557400f40140002510000010800000040030ae4b
:105584002c00bf8f2800b68f2400b58f2000b48f65
:105594001c00b38f1800b28f1400b18f1000b08fad
:1055a4000800e0033000bd27b2ff001025300000e2
:1055b400bbff00100100c6240800e003ffff022423
:020000040000fa
:020000041d04d9
:1055c4001b5b324a000000001b5b48001b5b4b0066
:1055d4001b5b73001b5b75001b5b00001b5b303b9c
:1055e40033373b34306d00005553422055415254fb
:1055f40020546573740a0d0a0d0000005465737419
:10560400696e672074657874206174747269627558
:105614007465733a0a0d0000300000003700000082
:1056240054686973207465787420697320626c61ae
:10563400636b0a0d000000003100000054686973b8
:105644002074657874206973207265640a0d000003
:10565400320000005468697320746578742069739b
:1056640020677265656e0a0d0000000033000000bb
:105674005468697320746578742069732079656c43
:105684006c6f770a0d0000003400000054686973e1
:10569400207465787420697320626c75650a0d0046
:1056a4003500000054686973207465787420697348
:1056b400206d6167656e74610a0d0000360000009c
:1056c4005468697320746578742069732063796100
:1056d4006e0a0d00546869732074657874206861db
:1056e40073206120626c61636b206261636b67721b
:1056f4006f756e640a0d00005468697320746578d0
:105704007420686173206120726564206261636b38
:1057140067726f756e640a0d000000005468697347
:1057240020746578742068617320612067726565f0
:105734006e206261636b67726f756e640a0d0000a0
:1057440054686973207465787420686173206120db
:1057540079656c6c6f77206261636b67726f756ecd
:10576400640a0d0054686973207465787420686154
:1057740073206120626c7565206261636b67726f70
:10578400756e640a0d0000005468697320746578ae
:1057940074206861732061206d6167656e74612097
:1057a4006261636b67726f756e640a0d00000000be
:1057b400546869732074657874206861732061206b
:1057c4006379616e206261636b67726f756e640ae0
:1057d4000d00000054686973207465787420686152
:1057e400732061207768697465206261636b6772f6
:1057f4006f756e640a0d00005468697320746578cf
:105804007420697320626f6c640a0d0054686973b4
:10581400207465787420697320756e64657273638f
:105824006f7265640a0d00005468697320746578aa
:105834007420697320626c696e6b696e670a0d006f
:10584400546869732074657874206973207265766e
:1058540065727365640a0d00546869732074657811
:1058640074206973206e6f726d616c0a0d0a0d00ed
:1058740046696e69736865642074657374206d6528
:1058840073736167652c2074797065202748656c93
:10589400702720666f72206c697374206f662063b2
:1058a4006f6d6d616e64730a0d0a0d001b5d303bf4
:0458b4002573070051
:020000040000fa
:020000041d04d9
:1058b800436f6e66696775726174696f6e00000c7c
:1058c8005553422047656e6572616c0055534220fe
:1058d8004672616d696e6700555342205061726966
:1058e80074790000555342204f76657272756e00c8
:1058f80055534220545820444d41000055534220ee
:10590800525820444d410000446561646d616e2029
:1059180054696d657200000c53797374656d20428b
:1059280075732050726f74656374696f6e20566961
:105938006f6c6174696f6e00507265666574636838
:10594800204d6f64756c652053454300436c6f634d
:105958006b204661696c75726500000c5761746351
:1059680068646f672054696d65722054696d656f4e
:1059780075740000446561646d616e2054696d65dd
:10598800722054696d656f757400000c4d43552085
:105998005644442042726f776e6f75740000000c95
:1059a8004d43552056444420484c56442042726f7b
:1059b800776e6f757400000c4d4355205644442093
:1059c800436f726520484c56442042726f776e6f61
:1059d80075740000414443205265666572656e63c4
:1059e80065204661756c740041444320436f6e66c0
:1059f800696775726174696f6e204572726f7200a3
:105a080044445232204d504c4c20566f6c746167a0
:105a18006520526567756c61746f722054696d6595
:105a28006f75740044445232204d504c4c204c6fda
:105a3800636b2054696d656f75740000444452327d
:105a480020496e697420436f6d6d616e64205365e3
:105a58007175656e63652054696d656f75740000b6
:105a6800444452322053656c662d43616c696272fe
:105a78006174696f6e2054696d656f757400000cf0
:105a88004444523220426f6f742053656c662d5423
:105a9800657374204661696c65640000537973749a
:105aa800656d20436c6f636b20496e697400000c50
:105ab8004865617274626561742054696d6572200d
:105ac800496e69740000000c5553422055415254e8
:105ad80020496e697400000c5072656665746368cd
:105ae80020496e697400000c5065726970686572af
:105af800616c204d6f64756c652044697361626cdc
:105b08006520496e697400005761746368646f6743
:105b18002054696d657220496e697400525443437c
:105b280020496e697400000c41444320496e697431
:105b38000000000c493243204d617374657220499e
:105b48006e697400484c564420496e697400000c14
:0c5b58004444523220496e697400000c75
:020000040000fa
:020000041d04d9
:105b6400b8ffbd272800b2af1000c28c0800d28c49
:105b74003400b5af3000b4af2400b1af4400bfafc0
:105b84004000beaf3c00b7af3800b6af2c00b3af97
:105b94002000b0af25a880004c00a5af25a0e000f0
:105ba4001800a2afd623410f0c00d18c020040167e
:105bb4001800a38fffff72240000838e0a001e24a6
:105bc4002598000021186200000083ae25b800006b
:105bd4002a10f202460040101800a28fffff422450
:105be4002a10e20243004010211037023c00a28e2a
:105bf4004c00a48e2b2044000f008010010044248c
:105c04003c00a4ae00005090d5ff02264408027c5c
:105c1400251057001d00401400000000000030a2b1
:105c24000000828e01001324010017240100422485
:105c3400e7ff0010000082ae8022410f2520a00261
:105c440025804000ffff0224f0ff0216d5ff022644
:105c54002800e016211037024400bf8f25100002ef
:105c64004000be8f3c00b78f3800b68f3400b58f2c
:105c74003000b48f2c00b38f2800b28f2400b18f72
:105c84002000b08f0800e0034800bd270800f31689
:105c940021b037020a0002242600c2170100f326ad
:105ca4003000023a080004240af082000b98020033
:105cb400d0ff02260a00422c4300401410000224a4
:105cc4000600c2574c00a28e032a410f2520000271
:105cd400430040540000d0a24c00a28e05004010a6
:105ce400211037023c00a28effff42243c00a2aeea
:105cf40021103702000040a00a0002243d00c21710
:105d04000a0006241000a5275329410f252020024c
:105d14004c00a48f1000b08f000082ac26881102c2
:105d2400feff022401001024040083accaff00100b
:105d34000a805100080002242100c2172000023604
:105d440078000424daff4454259800003c00a28e15
:105d54004c00a48e2b20440015008010000000008d
:105d6400010044243c00a4ae000042904c00a48ee8
:105d740004008010000000003c00a58effffa52455
:105d84003c00a5ae032a410f25204000d3ff40501c
:105d94004c00a28e0000d0a20000828e25b86002c2
:105da40010001e240100422489ff0010000082ae6e
:105db4008022410f2520a002edff00104c00a48e8c
:105dc400bbff001025980000080002240300c2173e
:105dd4003800022a0a0004240af082000000d0a23b
:105de4000000828e0100f7260100422478ff001093
:105df400000082ae2530c0031000a5274829410fba
:0c5e040025202002c3ff00104c00a48fda
:020000040000fa
:020000041d04d9
:105e10000080013c2628a100c24d0400ff0029316a
:105e2000c25d0500ff006b310080073c00420400aa
:105e3000254007010052050025504701ffff2d2591
:105e4000fe00a12d6100201000000000ffff6d2565
:105e5000fe00a12d770020100000000023602b0120
:105e60000d0080050000000020008129030020149f
:105e7000000000001500001002000a2425300a006e
:105e800006508a0104688a011000a6110000000073
:105e90000e00001002004a3525480b0023600c005c
:105ea00020008129030020140000000007000010da
:105eb0000200082425300800064088010468880193
:105ec0000200a611000000000200083524608700cf
:105ed000266885011000a0050000000021400a018d
:105ee0002b680a011700a0110000000001000d310d
:105ef0000200a01100000000020008354240080026
:105f000001002925ff0001240e00211500000000da
:105f10000c000010000008242b680a010400a011e6
:105f200023400a0123400800030000102660870177
:105f300050000011000000002030067123482601a7
:105f40000440c8000e002019000000008000082551
:105f500080000d2d21482d01026a08000100ad319d
:105f600023400d014040080042420800c06d090076
:105f700025400d0125100c010800e0030000000081
:105f8000010006242330c9002000c12c3900201054
:105f9000000000000080013c2540010120000d248c
:105fa0002368a6010448a801020020110640c80089
:105fb000010008350000092480000d25e3ffa1053c
:105fc00000000000e1ff0010010009240e00201570
:105fd0000000000021400801050000110000000041
:105fe00020600c7123482c0198ff001004408801a8
:105ff000ff0001240f006111000000000080013c3f
:106000001800a11400000000216808011b00a01561
:1060100000000000ff0001241400611500000000d2
:10602000266885001500a005000000000d00001086
:1060300000000000080060150000000021504a0127
:106040000a0040110000000020604c7123586c01d0
:1060500082ff001004508a0121684a010700a01540
:1060600000000000c4ff001025100500c2ff001052
:1060700025100400c0ff001000000224beff001025
:08608000c0ff023c000000001b
:020000040000fa
:020000041d04d9
:1060880000800b3cc2450400ff000831c2550500e2
:10609800ff004a31003a04002538eb00004a0500a9
:1060a80025482b012670850024586e01ffff0e2518
:1060b800fe00c12d3f00201000000000ffff4e250c
:1060c800fe00c12d53002010000000002b08e9003d
:1060d80003002014000000004238070001000825d2
:1060e80082630900f40180011b00ec00122000000b
:1060f80010300000ff3f2d311900a40112280000c4
:10610800803306002b70c5000400c0112330c50081
:10611800ffff84242130c9002b70c900f4018001dd
:106128001b00cc0012380000103000001900a70135
:1061380012280000803306002b70c5000400c0112f
:106148002330c500ffffe7242130c9002b70c900a8
:10615800807304002138ee000200c01000390700e7
:106168000100e7347e000e242370ca0121400e018d
:10617800ffff0e25fe00c12d340020100000000096
:106188008000e7248000ee2c21400e0102720700f7
:106198000100ce312338ee0040380700423a0700ac
:1061a800c07508002538ee002510eb000800e00354
:1061b8000000000008000015000000002138e7007a
:1061c8000500e010000000002060ec7023400c0186
:1061d800baff0010043887010400481500000000c9
:1061e800217029012f00c01100000000ff000124c8
:1061f800080041110000000012000011000000001a
:106208002170e7002700c0150000000022000010e0
:106218000000000008004015000000002148290186
:106228001d0020110000000020602c7123504c013b
:10623800a6ff001004488901217029011900c01522
:1062480000000000d9ff001025100b001200001def
:106258000000000001000c24236088012000812d2b
:10626800f8ff20100000000020000e242370cc014d
:106278000440c70102000011063887010200e73414
:10628800000008248000ee24bdffc10500000000c6
:10629800bbff001001000824807f013cc3ff0010f1
:1062a80025106101c1ff0010c0ff023c0000000082
:020000040000fa
:020000041d04d9
:1062b8000400a88cb0ffbd274400b7af3800b4afc6
:1062c8002c00b1af4c00bfaf4800beaf4000b6af26
:1062d8003c00b5af3400b3af3000b2af2800b0af68
:1062e80025b880002588a0004c0000050000b48c6b
:1062f8004408147c08003e8e10008a320000d28cbc
:106308000400d68c0400401125a8c00325105602ad
:1063180001004054feffd5270800893201002055ae
:10632800ffffb5261000308e0c00338e2528a00202
:10633800ffff102621107002000040a00200022a70
:106348000b00401425105602360040140f0043324b
:1063580023101501211045003300401c0a00642851
:106368000300a018020082322f0040140000000031
:106378000b004011000000000000c28c0400c38c18
:10638800251043000600401021107002feff102661
:10639800ffff47a03000032421107002000043a033
:1063a8000400201120000324ffff10262110700292
:1063b800000043a01000268e1000b4af2538c0039b
:1063c800ffffc6242330d00021287002c91e410fc8
:1063d8002520e0020400e38e000163300400601011
:1063e8004c00bf8f0400238e2a2043000b1064004a
:1063f8004800be8f4400b78f4000b68f3c00b58f71
:106408003800b48f3400b38f3000b28f2c00b18fb6
:106418002800b08f0800e0035000bd27b5ff00102a
:10642800010008240a006428020080105700622432
:1064380030006224bfffe3241a00632c13006010ad
:10644800200043349fff63241a00632c100060501f
:10645800ffff1026252040005c00a7af5800a6af1c
:106468002400a8af2000a5af1c00a9af922a410fb5
:106478001800aaaf5c00a78f5800a68f2400a88f29
:106488002000a58f1c00a98f1800aa8fffff1026d7
:1064980021187002000062a0029112000017160075
:1064a800ffffa52425905200a4ff001002b116009a
:020000040000fa
:020000041d04d9
:1064b8003100000c3000000c3600000c092b32347f
:1064c8005620506f77657220496e7075743a1b5b61
:1064d8004b0d00000909566f75743a20252e336656
:1064e8005609496f75743a20252e33664109506f55
:1064f80075743a20252e3366571b5b4b0d0a090924
:1065080054656d703a20252e3366431b5b4b0d0a8c
:106518001b5b4b0d0a00000c092b332e3356205001
:106528006f77657220537570706c793a1b5b4b0df1
:106538000000000c092b3138305620506f776572f7
:1065480020537570706c793a1b5b4b0d0000000c82
:106558000909566f75743a20252e336656092b396a
:106568003056205465726d696e6174696f6e20567d
:106578006f6c746167653a20252e33665609496f3a
:1065880075743a20252e33666d4109506f75743a3b
:1065980020252e3366571b5b4b0d0a090954656d80
:1065a800703a20252e3366431b5b4b0d0a1b5b4b51
:1065b8000d0a0000094d697363656c6c616e656f47
:1065c80075732054656c656d657472793a1b5b4b05
:1065d8000d00000c0909486f737420446965205444
:1065e800656d70657261747572653a20252e336623
:1065f800431b5b4b0d0a00000909486f7374204167
:106608004443205265666572656e636520566f6cfb
:10661800746167653a20252e3366561b5b4b0d0a5d
:106628000000000c0909416d6269656e74205465ab
:106638006d70657261747572653a20252e336643f4
:106648001b5b4b0d0a00000c09094261636b7570f6
:1066580020525443204469652054656d7065726109
:10666800747572653a20252e3366431b5b4b0d0a01
:106678000000000c09094261636b75702042617467
:106688007465727920566f6c746167653a20252e9f
:106698003366561b5b4b0d0a0d0a00000d00000007
:1066a8000000000000408f40556e646566696e65a5
:1066b800640000005072696d61727920436f6e66e4
:1066c800696775726174696f6e2052656769737462
:1066d800657273204572726f720000005072696da6
:1066e8006172792f5365636f6e6461727920436fad
:1066f8006e66696775726174696f6e205265676945
:106708007374657273204572726f7200436f6e66a0
:10671800696775726174696f6e204d69736d617414
:106728006368000045787465726e616c2052657309
:10673800657420284d617374657220636c6561729d
:1067480029000000536f6674776172652052657383
:1067580065740000446561646d616e2054696d65ff
:1067680072205265736574005761746368646f675b
:106778002054696d657220526573657400000000cd
:1067880057616b652066726f6d20536c656570008c
:1067980057616b652066726f6d2049646c650000f7
:1067a80042726f776e204f7574205265736574005e
:1067b800506f776572204f6e2052657365740000c4
:1067c8004465657020536c65657020457869740070
:1067d8005642415420506f7765722d6f6e20526576
:1067e800736574202856424154206d697373696e2d
:1067f800672f6465706c657465642c206f72206601
:106808006972737420706f7765722d757029000036
:1068180056424154204d6f64652057616b652028ae
:1068280056444420726573746f726564206166749f
:1068380065722072756e6e696e67206f6e205642a3
:1068480041542062617474657279206261636b756a
:0468580070290000a3
:020000040000fa
:020000041d04d9
:10685c003100000030000000320000004869676819
:10686c002f4c6f772d566f6c74616765204465747f
:10687c00656374205374617475733a0a0d000000db
:10688c00202020204d6f64756c6520456e61626c14
:10689c0065643a2025630a0d0000000020202020aa
:1068ac005472697020506f696e742053656c656307
:1068bc00742028484c56444c293a2025640a0d0073
:1068cc00486967682d766f6c7461676520646574c0
:1068dc0065637420286576656e74207768656e2014
:1068ec00564444203e3d207472697020706f696e6e
:1068fc00742900004c6f772d766f6c74616765207e
:10690c0064657465637420286576656e7420776899
:10691c00656e20564444203c3d2074726970207092
:10692c006f696e7429000000202020204469726574
:10693c006374696f6e3a2025730a0d0020202020a5
:10694c0042616e6420476170205265666572656ea7
:10695c00636520537461626c653a2025630a0d00ef
:10696c0020202020484c5644204576656e742041ea
:10697c0063746976652028484c455654293a20257d
:10698c00630a0d00202020204c617463686564202c
:10699c00484c5644204576656e742028524e4d491d
:1069ac00434f4e2e4c5644293a2025630a0d0000c5
:1069bc002020202056444431382f436f72652048e4
:1069cc005644204576656e74202852434f4e2e480f
:1069dc005644434f52452c20424f5220636f6d70ea
:1069ec00616e696f6e20626974293a2025630a0d05
:0469fc000000000097
:020000040000fa
:020000041d04d9
:106a0000880002243f00a2108900a2281a0040102a
:106a1000810002245400a2108200a2280500401028
:106a2000800002245100a2500000e28c0800e00324
:106a300025100000820002243b00a2500000e28cde
:106a400084000224f9ffa214000000000000e28c80
:106a5000040043240000428c2700c0100000e3ac77
:106a60002016027c000082acc3170200040082ac36
:106a70000800e00301000224a00002243600a25016
:106a80000000e28ca100a228100040109000022417
:106a9000e6ffa214000000000000e28c0700422480
:106aa0000410027c0000488c0400498c0800422439
:106ab0000000e2ac000088ac040089ac0100c0100a
:106ac000010002240800e00300000000c0000224ce
:106ad0000500a2500000e28cf0000224d3ffa214b3
:106ae000000000000000e28c040043240000e3ac3e
:106af000020000100000428cffff42302000001016
:106b0000000082ac0000e28c040043240000428cb0
:106b10000300c0100000e3acd2ff00102014027c80
:106b2000f6ff0010ff004230070042240410027cf0
:106b30000000488c0400498c080042240000e2acac
:106b4000000088ac040089acdeffc0100100022404
:106b50000800e00300000000040043240000e3ac50
:106b6000c0ff00100000428c0000e28c04004324af
:106b70000000e3ac0000428cbbffc014000082acfc
:086b8000bbff0010040080ac13
:020000040000fa
:020000041d04d9
:106b8800880002243c00a2500000e28c8900a22860
:106b980019004010810002244000a2500000e28c3d
:106ba8008200a22805004010800002244800a2505c
:106bb8000000e28c0800e003251000008200022497
:106bc8001500a21084000224faffa214000000009d
:106bd8000000e28c0000838c040044240000e4ac34
:106be8000000428c000043a40100c01001000224f0
:106bf8000800e00300000000a00002241800a250d2
:106c08000000e28ca100a2280e004010900002248f
:106c1800e8ffa214000000000000e28c2800c01069
:106c2800040043240000e3ac0400858c0000848c3d
:106c38000000428c000044ac040045ac0800e003ae
:106c480001000224c00002240500a2500000e28cca
:106c5800f0000224d7ffa214000000000000e28c1c
:106c68000000838c040044240000e4ac0000428c43
:106c7800f2ff0010000043ac0000838c04004424a1
:106c88000000e4ac0000428c000043a0d8ffc01014
:106c9800010002240800e003000000000000838ccb
:106ca800040044240000e4ac0000428c000043ac23
:106cb800cfffc010010002240800e003000000001c
:106cc8000400858c0000848cd9ff00100000e3ac20
:106cd8000000838c040044240000e4ac0000428cd3
:106ce800000043ac010002240800e003000000009b
:020000040000fa
:020000041d04d9
:106cf800d8ffbd272000b4af0180143c4c4d828ed4
:106d08002400bfaf1c00b3af1800b2af1400b1af7e
:106d18003a0040141000b0af0180123c544d518e1f
:106d2800030020160180133c0180113c704d312670
:106d3800504d708e050000160200023c0180103c88
:106d4800704d102600c2422421800202821f1100c9
:106d5800020002240100625000e0317e821f100010
:106d6800020002240100625000e0107e9529410fc4
:106d7800000000000000438c0400428c2b202302fa
:106d880004008014211062002b2022022900805464
:106d98002b1811020080043cb800842400e0847c95
:106da8002b206400150080142b200302040080149b
:106db8002b2062002b200202180080142b20620076
:106dc8000f0080102400bf8f0080043cb80084248a
:106dd8004227040005000524120085140400052438
:106de80000a0043c2518640025104400544d43ae0f
:106df800504d62ae544d428e4c4d82ae2400bf8f32
:106e08002000b48f1c00b38f1800b28f1400b18f0c
:106e18001000b08f0800e0032800bd27eaff00102b
:106e280025100002efff85100080043cf1ff0010e0
:106e3800544d42aee4ff601425182002deff001016
:046e48002b200202f7
:020000040000fa
:020000041d04d9
:106e4c00c0ffbd272c00b1af258880002520c000d5
:106e5c000400878c0000a28c3800b4afc2a70700d6
:106e6c003400b3af3000b2af2800b0af3c00bfafbe
:106e7c002580a0000400a38c0800b28c2000a2afd7
:106e8c000c00b38c3e0080120000c68c2330060030
:106e9c002b20060023380700080060042338e40088
:106eac004408027c050080162000a2af2000a28faf
:106ebc00040043302a006010c000427cffff4226d1
:106ecc002000a3271800a3af0a0003241400a3afcb
:106edc001000a2af871c410f25200002060080166f
:106eec002d0003242000a38f040064301e008010aa
:106efc00080063302b000324ffff42242120620290
:106f0c00000083a01000068e2000a38f25384002bd
:106f1c00ffffc6241000a3af2330c2002128620259
:106f2c00c91e410f252020020400238e000163306e
:106f3c00040060103c00bf8f0400038e2a20430025
:106f4c000b1064003800b48f3400b38f3000b28f54
:106f5c002c00b18f2800b08f0800e0034000bd2743
:106f6c00d7ff001023104202e6ff6010200004241b
:106f7c00ffff422421186202e2ff0010000064a00f
:106f8c00c8ff63044408027cc9ff00102000a28fd4
:020000040000fa
:020000041d04d9
:106f9c00d0ffbd272800b5af2000b3af1c00b2afa7
:106fac001800b1af1400b0af2c00bfaf2400b4afc9
:106fbc0025a880002580a0002598c0002590e00021
:106fcc000600c0104000b18fd623410f0000000016
:106fdc000000438e21106200000042ae0800148ea7
:106fec0025800000030080122a101402200040109b
:106ffc00000000003c00a28e4c00a38e2b18430016
:10700c0014006010010043243c00a3ae0000429029
:10701c00230060122000032404004310f7ff4324d4
:10702c000500632c1e006010000000004c00a28eb6
:10703c0004004010000000003c00a28effff422420
:10704c003c00a2ae200020162b1010000c000010eb
:10705c002c00bf8f8022410f2520a002ffff0324ac
:10706c00ebff431400000000050000122c00bf8f42
:10707c0013002016000000002b1010002c00bf8ff6
:10708c002800b58f2400b48f2000b38f1c00b28f62
:10709c001800b18f1400b08f0800e0033000bd273a
:1070ac000200201221183002000062a00000428e63
:1070bc000100102601004224caff0010000042ae5d
:1070cc00eeff60122b10100021883002eaff001036
:0470dc00000020a2ee
:020000040000fa
:020000041d04d9
:1070e000d0ffbd272800b5af0800b58c2400b4af91
:1070f0002000b3af1c00b2af1800b1af2c00bfaf7f
:107100001400b0af258880002590c0001000b48c1a
:10711000d623410f0c00b38c0100a052ffff95262f
:107120000000438e2580000021186200000043ae5d
:107130002a1015021d004010ffff82262a100202ad
:107140001b004050218070023c00228e4c00238e98
:107150002b1843000e006010010043243c0023aeb6
:1071600000004290d5ff43244408037c251870009a
:107170001a006014d0ff4324000062a20000428e77
:107180000100102401004224e9ff0010000042ae7b
:107190008022410f25202002ffff0324f2ff4354e9
:1071a000d5ff4324050000122c00bf8f2180700200
:1071b000000000a2251000002c00bf8f2800b58f12
:1071c0002400b48f2000b38f1c00b28f1800b18f41
:1071d0001400b08f0800e0033000bd270a00632cc4
:1071e00008006054211870024c00228ef0ff4050bd
:1071f000218070023c00228effff4224ebff001032
:107200003c0022ae000062a00000428e0100102669
:0c72100001004224c6ff0010000042ae46
:020000040000fa
:020000041d04d9
:10721c000400828cc0ffbd273800beaf2800b4af7d
:10722c002000b2af1c00b1af3c00bfaf3400b7af11
:10723c003000b6af2c00b5af2400b3af1800b0af20
:10724c002588c0002590e0005400b48f0200410452
:10725c005800be8f010002241000908c0c00958cfd
:10726c000000d78f5000b38fffff10262118b002fb
:10727c00000060a001000924234053000200f732f3
:10728c00c3b714001000001e251032022c00205130
:10729c000000c28f3c00bf8f251000023800be8f4b
:1072ac003400b78f3000b68f2c00b58f2800b48f08
:1072bc002400b38f2000b28f1c00b18f1800b08f48
:1072cc000800e0034000bd27070040142110130103
:1072dc000600401c25202002ecff601a0000000074
:1072ec00eaffe012000000002520200225284002c1
:1072fc00253080022538c0021400a8af5610410f6b
:10730c00ffff10261000a2af2118b002300042245b
:10731c002520200225284002000062a02530800292
:10732c00670f410f2538c002ffff732625884000e8
:10733c00259060001400a88fd2ff00101000a98fb8
:0c734c000421027cd3ff00100000c2af3f
:020000040000fa
:020000041d04d9
:107358004a00a050252000004800c0502520000009
:10736800e0ffbd271400b1af1c00bfaf1800b2afdb
:107378001000b0af0b0080142588c0000000023c4c
:10738800000042240f0040102580a0002190a60094
:107398000000000c0100042401001026fcff501618
:1073a800ffff02a2252020021c00bf8f25108000ad
:1073b8001800b28f1400b18f1000b08f0800e003de
:1073c8002000bd2782bf033c10206224f6ff401036
:1073d8000080033c4400648c020003241d008310d9
:1073e80082bf033c82bf033c0020648c82bf033c05
:1073f80030206324008084300300801482bf043c62
:1074080000800534082085ac25202002a100052431
:107418000000468c0100c6300300c014ffffa524fd
:10742800fbffa014000000000000458c0100a530ff
:10743800dcffa054238824020000658c010010267c
:10744800ffff8424f1ff8014ffff05a2d5ff001081
:107458002388240240226324e3ff605082bf033c58
:1074680082bf023c0022448c82bf033c82bf023ca4
:1074780030226324dfff0010102242240800e003ba
:04748800251080004b
:020000040000fa
:020000041d04d9
:10748c00feff0924405005004058070025586401b0
:10749c002558660125504b010300401500000000e3
:1074ac003c00001000000224020080104040050047
:1074bc0001000825e0ff013c010021342b080101eb
:1074cc0037002010000000000200c01040400700f0
:1074dc0001000825e0ff013c010021342b080101cb
:1074ec002f002010000000001600a1040000000076
:1074fc000300e0040000000026000010ffff02243f
:10750c002b508600232086002b58aa002328aa0083
:10751c002b50a70025504b01030040112328a70036
:10752c001c000010010002242550a400030040118f
:10753c000000000017000010ffff022415000010cf
:10754c00000002240300e104000000001100001000
:10755c00010002242b508600232086002b58aa0001
:10756c002328aa002b50a70025504b0103004011e3
:10757c002328a70007000010ffff02242550a400b9
:10758c000300401100000000020000100100022462
:10759c00000002240800e0030000000000000000ce
:0c75ac00fcff001025100900000000008a
:020000040000fa
:020000041d04d9
:1075b800feff092440500500405807002558640183
:1075c8002558660125504b010300401500000000b6
:1075d8003c0000100000022402008010404005001a
:1075e80001000825e0ff013c010021342b080101be
:1075f80037002010000000000200c01040400700c3
:1076080001000825e0ff013c010021342b0801019d
:107618002f002010000000001600a1040000000048
:107628000300e0040000000026000010ffff022411
:107638002b508600232086002b58aa002328aa0056
:107648002b50a70025504b01030040112328a70009
:107658001c000010010002242550a4000300401162
:107668000000000017000010ffff022415000010a2
:10767800000002240300e1040000000011000010d3
:10768800010002242b508600232086002b58aa00d4
:107698002328aa002b50a70025504b0103004011b6
:1076a8002328a70007000010ffff02242550a4008c
:1076b8000300401100000000020000100100022435
:1076c800000002240800e0030000000000000000a1
:0c76d800fcff0010010002340000000064
:020000040000fa
:020000041d04d9
:1076e400f8ffbd270400beaf25f0a00301a0023cb3
:1076f400f2434290ff004230260040100000000098
:107704006880828f0f004424cccc023ccdcc423420
:1077140019008200101000000219020025106000f8
:107724008010020021104300801002002318820000
:10773400060060140000000085bf033c08b0628ca2
:10774400010004248431827c08b062ac6880848f98
:10775400eb51023c1f8542341900820010100000d6
:10776400421902002510600040100200211043005d
:10777400c010020021104300801002002318820070
:10778400040060140000000001a0023c0100032476
:10779400b84343a001a0023c01000324b44343a026
:1077a4006880848feb51023c1f85423419008200ab
:1077b4001010000042190200251060004010020061
:1077c40021104300c0100200211043008010020069
:1077d4002318820004006014000000006c80828f73
:1077e400010042246c8082af0000000025e8c00341
:1077f4000400be8f0800bd270800e003000000005d
:020000040000fa
:020000041d04d9
:10780400000102040703060500000000ffffffff5c
:10781400ffffffffffffffffffffffffffffffff74
:10782400ffffffffffffffffffffffffffffffff64
:10783400ffffffffffffffffffffffffff0001024e
:1078440003040506070809ffffffffffffff0a0bfc
:107854000c0d0e0f101112131415161718191a1bec
:107864001c1d1e1f20212223ffffffffffff0a0b09
:107874000c0d0e0f101112131415161718191a1bcc
:107884001c1d1e1f20212223ffffffffffffffff00
:10789400fffffffffffffffffffffffffffffffff4
:1078a400ffffffffffffffffffffffffffffffffe4
:1078b400ffffffffffffffffffffffffffffffffd4
:1078c400ffffffffffffffffffffffffffffffffc4
:1078d400ffffffffffffffffffffffffffffffffb4
:1078e400ffffffffffffffffffffffffffffffffa4
:1078f400ffffffffffffffffffffffffffffffff94
:10790400ffffffffffffffffffffffffff00000080
:107914003100000c3000000c3200000c4375727210
:10792400656e7420506f77657220537570706c7932
:1079340020436f6e74726f6c205374617475733a64
:107944000d00000c77697468696e20746f6c657241
:10795400616e63650000000c6f7574206f6620749f
:107964006f6c6572616e63650000000c202020203e
:107974002b332e33562055534220566f6c74616757
:10798400652069732025730a0d00000c2020202037
:107994002b322e385620566f6c74616765206973dc
:1079a4002025730a0d00000c202020202b31325694
:1079b40020566f6c746167652069732025730a0d06
:1079c4000000000c202020202b332e305620566f30
:1079d4006c746167652069732025730a0d00000cbf
:1079e400202020202b312e325620566f6c74616774
:1079f400652069732025730a0d00000c20202020c7
:107a04002b312e385620566f6c746167652069736c
:087a14002025730a0d00000c8f
:020000040000fa
:020000041d04d9
:107a1c000080013c2430a10040380500423d0700a5
:107a2c00ff0701242b00e11000000000330409249f
:107a3c00233827013500e12c0b0020140000000036
:107a4c002000e004000000002d00c0100000000029
:107a5c0040480500254824012600201500000000a0
:107a6c0027000010000000000500c01000000000fe
:107a7c002b48040023200400232805002328a900f8
:107a8c001f00e930010008240440280123400800ad
:107a9c002000e12c0400201400000000000004244d
:107aac00020000102428a800242088000500c01023
:107abc00000000002b4804002320040023280500ac
:107acc002328a90025100400251805000800e00350
:107adc00000000000f00013cffff21342448a100ee
:107aec00254824010900201500000000f5ff0010b6
:107afc0000000000f0bf053cf2ff00100000042461
:107b0c0025280600efff001000000424f8ff053cb8
:087b1c00ecff0010000004243e
:020000040000fa
:020000041d04d9
:107b2400c0ffbd272c00b3af5000b38f3800b6aff1
:107b34003000b4af010073322800b2af2400b1affb
:107b44002000b0af3c00bfaf3400b5af259080003b
:107b540025b0a0002580c0002588e0000300601641
:107b64002ba0c7001300805623a03002253000024a
:107b74002528c002bd24410f252040020d00801697
:107b840023a03002258800023c00bf8f251020026c
:107b94003800b68f3400b58f3000b48f2c00b38f0b
:107ba4002800b28f2400b18f2000b08f0800e003ba
:107bb4004000bd271100862e100002240b108602ff
:107bc40025304000200005241000a427a029410fdf
:107bd40025a880021000a22e0b0040100f00863250
:107be4001000a527bd24410f25204002e6ff6016a2
:107bf400253000022528c002bd24410f2520400263
:107c0400e2ff00103c00bf8f100006241000a527df
:107c1400bd24410f25204002eeff0010f0ffb526e1
:020000040000fa
:020000041d04d9
:107c2400c03a0500425d04002538eb00c032040070
:107c34000080013c2538e1000080013c2448a1007b
:107c4400404005004245080080fc0825ffff0b2545
:107c5400fe00612d12002010000000000200c01080
:107c6400000000000100e7348000e7248000eb2cd2
:107c740021400b01025a070001006b312338eb004d
:107c840040380700423a0700c05d08002538eb0081
:107c94002510e9000800e0030000000000000000d7
:107ca4007f0401240700011500000000405807006c
:107cb400255866010300601100000000f5ff001064
:107cc400c0ff023cff000129040020140000000052
:107cd400807f013cefff00102510210101000a24e0
:107ce400235048012000412d03002014000000000f
:107cf400e8ff00102510090020000c2423608a01ed
:107d0400045887012530cb000638470100000824b9
:107d14000080013cd1ff00102538e1000000000084
:020000040000fa
:020000041d04d9
:107d24000000a28c0400a38cc0ffbd273800b3afb1
:107d34003400b2af3000b1af2c00b0af3c00bfafe5
:107d4400259080002580a0000800b38c2000a2affd
:107d5400030060040c00b18c4408027c2000a2af34
:107d64002000a2271800a2af080002241400a2af2a
:107d74001000b3af0400c78c0000c68c871c410ff1
:107d8400252000022000a38f10006330040060103f
:107d940030000424ffff422421182202000064a0c2
:107da4002000a38f08006330040060102000042426
:107db400ffff422421182202000064a01000068e56
:107dc4002000a38f25386002ffffc6241000a3af54
:107dd4002330c20021282202c91e410f252040025f
:107de4000400438e00016330040060103c00bf8f28
:107df4000400038e2a2043000b1064003800b38f64
:107e04003400b28f3000b18f2c00b08f0800e00333
:047e14004000bd2746
:020000040000fa
:020000041d00dd
:10001000e0ffbd271400b1af2588c0000004c6284a
:100020001c00bfaf1800b2af1f00c0141000b0af6b
:10003000059d123c28ab468e2cab478ede13410f3c
:1000400001fc30260004042a0900801428ab468ee7
:100050002cab478e2520400025286000de13410f81
:1000600002f830260004052aff0304240a808500d4
:10007000ff03102600251000252800002530a000d1
:100080002538800025286000de13410f2520400020
:100090001c00bf8f1800b28f1400b18f1000b08ffa
:1000a0000800e0032000bd2702fc262a251080005e
:1000b0002518a000eeffc01025802002059d123cef
:1000c00030ab468e34ab478ede13410fc90330266a
:1000d00002fc042ae6ff801030ab468e34ab478e1c
:1000e0002520400025286000de13410f92073026ae
:1000f00002fc052a02fc0424ddff00100b808500b1
:020000040000fa
:020000041d04d9
:107e1800840002242200a2500000e28c8500a228df
:107e280010004010810002240800a2500000e28cdb
:107e3800820002242700a2500000e28c8000022465
:107e48001000a214000000000000e28c040043248b
:107e58000000e3ac0000428c000082ac150000106a
:107e6800000046ac900002241a00a2500000e28ce8
:107e78009100a22805004010880002240f00a2509b
:107e88000000e28c0800e00325100000a000022496
:107e9800eeffa2500000e28ce9ff0010c0000224af
:107ea800040043240000e3ac0000428c000082acd4
:107eb800000046a40800e003010002240400432453
:107ec8000000e3ac0000428c000082acf9ff001017
:107ed800000046a0040043240000e3ac0000428cec
:107ee800000082ac000046acc3370600f1ff00106a
:047ef800040046ac90
:020000040000fa
:020000041d04d9
:107efc00a8ffbd270400a1af0800a2af0c00a3afe0
:107f0c001000a4af1400a5af1800a6af1c00a7afbb
:107f1c002000a8af2400a9af2800aaaf2c00abaf5b
:107f2c003000acaf3400adaf3800aeaf3c00afaffb
:107f3c004000b8af4400b9af4800bfaf12400000da
:107f4c004c00a8af104000005000a8af039d1a3c95
:107f5c00d8b95a27000000000068044000600540b2
:107f6c0009f84003000000005000a88f1100000128
:107f7c004c00a88f130000010400a18f0800a28ff1
:107f8c000c00a38f1000a48f1400a58f1800a68fcf
:107f9c001c00a78f2000a88f2400a98f2800aa8f6f
:107fac002c00ab8f3000ac8f3400ad8f3800ae8f0f
:107fbc003c00af8f4000b88f4400b98f4800bf8f92
:0c7fcc005800bd27c00000001800004253
:020000040000fa
:020000041d04d9
:107fd800a8ffbd270400a1af0800a2af0c00a3af03
:107fe8001000a4af1400a5af1800a6af1c00a7afdf
:107ff8002000a8af2400a9af2800aaaf2c00abaf7f
:108008003000acaf3400adaf3800aeaf3c00afaf1e
:108018004000b8af4400b9af4800bfaf12400000fd
:108028004c00a8af104000005000a8af0068044002
:1080380000600540039d023cbcba422409f8400098
:10804800000000005000a88f110000014c00a88f0c
:10805800130000010400a18f0800a28f0c00a38f59
:108068001000a48f1400a58f1800a68f1c00a78fde
:108078002000a88f2400a98f2800aa8f2c00ab8f7e
:108088003000ac8f3400ad8f3800ae8f3c00af8f1e
:108098004000b88f4400b98f4800bf8f5800bd27f3
:0880a800c000000018000042b6
:020000040000fa
:020000041d04d9
:1080b000a8ffbd270400a1af0800a2af0c00a3af2a
:1080c0001000a4af1400a5af1800a6af1c00a7af06
:1080d0002000a8af2400a9af2800aaaf2c00abafa6
:1080e0003000acaf3400adaf3800aeaf3c00afaf46
:1080f0004000b8af4400b9af4800bfaf1240000025
:108100004c00a8af104000005000a8af0068044029
:1081100000600540039d023c70ba422409f840000b
:10812000000000005000a88f110000014c00a88f33
:10813000130000010400a18f0800a28f0c00a38f80
:108140001000a48f1400a58f1800a68f1c00a78f05
:108150002000a88f2400a98f2800aa8f2c00ab8fa5
:108160003000ac8f3400ad8f3800ae8f3c00af8f45
:108170004000b88f4400b98f4800bf8f5800bd271a
:08818000c000000018000042dd
:020000040000fa
:020000041d04d9
:10818800c0ffbd273800b1af3400b0af3c00bfaf6f
:108198002588a0000000a5800400a010258080008c
:1081a8000100228209004054252800006421410f63
:1081b800252000023c00bf8f231050003800b18feb
:1081c8003400b08f0800e0034000bd2720000624db
:1081d800a029410f1000a4270100052400002282d5
:1081e8001a0040101000a427000023920100312635
:1081f8004211030080100200211082000000448c0c
:108208000418650025186400f4ff0010000043ac52
:108218000100422400004380e6ff6010ff00633045
:1082280042210300802004001000a6272120c4005a
:108238000000848c0418650024186400f4ff6010a2
:108248003c00bf8fddff00102310500025100002f6
:08825800f0ff001001000524f5
:020000040000fa
:020000041d04d9
:10826000c0ffbd273800b1af3400b0af2588800013
:108270002580a00020000624252800003c00bfaf78
:10828000a029410f1000a4270000038209006010fc
:1082900025100000010002820b004014010005249b
:1082a0002510200200004480feff8350010042247c
:1082b000231051003c00bf8f3800b18f3400b08fc5
:1082c0000800e0034000bd27000003921000a4272f
:1082d00001001026421103008010020021108200cc
:1082e0000000448c0418650025186400000043acad
:1082f00000000282f4ff4014251020020100052432
:1083000000004380eaff60101000a627ff006330e2
:1083100042210300802004002120c4000000848c3e
:108320000418650024186400e2ff60502310510017
:08833000f3ff001001004224dc
:020000040000fa
:020000041d04d9
:108338000c00838cd0ffbd272000b0af2b100300aa
:108348002310c200258080001400a2af0800828c90
:108358000000848c2800b2af2400b1af2590a000a3
:108368002588c0001000a5af020006241000a5272c
:108378002c00bfaf1800a2afc925410f1c00a3af46
:108388000700401c18004330080064380400038ebe
:1083980025186400040003ae110000102588400071
:1083a8001400a48f2b1882000d006050258840000f
:1083b8000800038e2310440021106200400002ae22
:1083c8000c00028e060040103c0003ae010062243f
:1083d8003c0002ae0000629021905102ffff42a2d1
:1083e8002c00bf8f251020022800b28f2400b18fe7
:0c83f8002000b08f0800e0033000bd271b
:020000040000fa
:020000041d04d9
:108404000180063c5c4dca8c2b00401125100000f5
:108414002518400125380000254000000000658c27
:108424000800a4141000698c0200e0505c4dc9ac33
:108434001000e9ac0800e00310006224f7ff00100c
:10844400251820012b58850007006011000000004a
:108454001b0040502540e00000004b8c2b28ab0053
:108464000b40e5000b106500f4ff20152538600073
:1084740011004010000000000000438c1000458ce7
:10848400231864001100692c0700201510004724ec
:10849400000044acf0ff63242120e400100085ac0c
:1084a400000083ac2528800002004255100005ad71
:1084b4005c4dc5ac2510e0000800e003000000009e
:0884c400e9ff00102510600023
:020000040000fa
:020000041d04d9
:1084cc00e0ffbd27010002241800b2af1400b1afc9
:1084dc001000b0af1c00bfaf258080002590c000fd
:1084ec000500c2142588a0004000828c3c00838cbf
:1084fc00231043002388a2000400028e2000423087
:10850c000a004010253040021400028e1800038e21
:10851c002b1062000d0040542c00028e280000ae7f
:10852c00180000ae140000ae2530400225282002b1
:10853c000928410f252000020b00400425100000e3
:10854c00400000ae090000103c0000ae25300000d9
:10855c002528000009f84000252000021400028e96
:10856c00efff4054280000aeffff02241c00bf8f19
:10857c001800b28f1400b18f1000b08f0800e00308
:04858c002000bd27e7
:020000040000fa
:020000041d04d9
:10859000e8ffbd27ff00a5301000b0af1400bfaf4b
:1085a0000f00a014258080001b29410f000000004f
:1085b000218002021400bf8f251000021000b08f2e
:1085c0000800e0031800bd2700000282f9ff4010f8
:1085d000ff004230f8ff45101400bf8f0100102645
:1085e00003000232f8ff40140101043c010184241d
:1085f0000220a470fefe073c8080083cfffee734aa
:10860000808008350000038e26306400211067004a
:1086100027180300241043002118c7002730060044
:10862000243066002510460024104800f5ff405015
:108630000400102600000282deff4010ff004230de
:10864000ddff45101400bf8ffaff00100100102657
:020000040000fa
:020000041d04d9
:1086500070ffbd278400b2af8000b1af7c00b0af27
:108660002588a000258080002590c00025280000d6
:108670004c0006242400a4278800b3af8c00bfafb1
:10868000a029410f2598e000ffff02241000a2afaf
:1086900002010224020000161400a2af7000b027ed
:1086a0001800b0af1c00b1af02002012251000006e
:1086b000ffff22260c0021062000a2af0180023c11
:1086c0004f000324644d43acffff02248c00bf8f96
:1086d0008800b38f8400b28f8000b18f7c00b08f90
:1086e0000800e0039000bd2701002056000000a212
:1086f00025306002252840021000a4272800b0afd2
:108700009b28410f2400b0aff1ff00108c00bf8ff9
:020000040000fa
:020000041d04d9
:1087100003008014251000000800e00300000000a2
:108720000400828ce0ffbd271800b1af200042306a
:108730001400b0af1c00bfaf2580800009004010be
:108740002588a0001400828c1800838c2b106200f6
:10875000140040542c00828c280000ae180000ae9b
:10876000140000ae3c00058e4000028e2b18a200c3
:1087700004006010010006240000048e022b410f4b
:108780002328a200400000ae3c0000ae0b002012e7
:1087900025100000042b410f0000048e080000107b
:1087a0001c00bf8f2530000009f84000252800007c
:1087b0001400038ee8ff6014ffff02241c00bf8f2b
:1087c0001800b18f1400b08f0800e0032000bd270f
:020000040000fa
:020000041d04d9
:1087d00000800340c011637c010007242900671456
:1087e00001800240402e437c0010804000188040f1
:1087f0000028804000308040252000000080043c9c
:108800000000834000508440c0000000020000428d
:1088100000408420ffff6320f9ff60140000000087
:10882000c0bf043cd006843400308440c0bf053c47
:10883000c806a524c0bf063c2807c624253800006a
:108840001000a610ff01093c00e0293500288940ee
:10885000000087400000a88c0400a98c0800aa8ca6
:108860000010894000188a4000508840c000000075
:10887000020000420c00a5200100e720f0ff0010dc
:0c888000000000000800e0030000000001
:020000040000fa
:020000041d04d9
:10888c000000a28c0400a38cc0ffbd273800b3af3e
:10889c003400b2af3000b1af2c00b0af3c00bfaf72
:1088ac00258880002580a0000800b28c2000a2af93
:1088bc00030060040c00b38c4408027c2000a2afbf
:1088cc002000a2271800a2af0a0002241400a2afb5
:1088dc001000b2af0400c78c0000c68c871c410f7f
:1088ec00252000021000068e2000a38f25384002a0
:1088fc00ffffc6241000a3af2330c2002128620260
:10890c00c91e410f252020020400238e0001633074
:10891c00040060103c00bf8f0400038e2a2043002b
:10892c000b1064003800b38f3400b28f3000b18f5d
:0c893c002c00b08f0800e0034000bd27b5
:020000040000fa
:020000041d04d9
:1089480078ffbd278000b2af7c00b1af7800b0af30
:108958008400bfaf258080002588a0002590c00036
:108968001c00a0af5400a4af2000a4af04008004f2
:10897800ffff0224ff7f023cffff423421108200e8
:10898800252800001800a4277429410f5800a2af19
:108998009800a28f9c00a38f252840021800a427c6
:1089a8001000a2af1400a3afccfd400f01000624b5
:1089b8002520400008002012252860005800a28fba
:1089c8005400a38f231862006c00a28f2118620044
:1089d80021800302000030ae8400bf8f2510800084
:1089e8002518a0008000b28f7c00b18f7800b08f6e
:0889f8000800e0038800bd2720
:020000040000fa
:020000041d04d9
:108a00005000828ce8ffbd271000b0af1400bfaf4c
:108a10000b004010258080005400838c2a106200d7
:108a200007004014000000004c0000aeffff0224cd
:108a30001400bf8f1000b08f0800e0031800bd279e
:108a40009627410f25200002f8ff42044c0000ae9b
:108a50004000038e5000048e3c00058e09008010fb
:108a6000253060005400068e2338650023208600e0
:108a70002a38e4000300e01425306000ffff84245e
:108a80002130a400060060104c0006ae5400048e95
:108a9000231865000100632421188300540003aeed
:108aa000ffffa390e2ff6254ffffa2a0e1ff0010ce
:048ab0001400bf8f60
:020000040000fa
:020000041d04d9
:108ab400d8ffbd272000b1af0080113cb800228e42
:108ac4001c00b0af2400bfaf0e0040102580800012
:108ad4003d28410f000000001000a4276e28410f1c
:108ae4001000a2af0f0042241000a58f0418027cce
:108af400c829410f252040000c0040102400bf8fde
:108b0400b80020ae01000052010010240f0010260e
:108b14000418107c090000160180023c0c00032498
:108b2400644d43ac251000002400bf8f2000b18f9a
:108b34001c00b08f0800e0032800bd270400022eab
:108b4400040003240b8062000121410f2520000250
:108b5400f5ff4054fcff50acf4ff00102400bf8f1d
:020000040000fa
:020000041d04d9
:108b6400e0ffbd271400b0af0180103c4c4d028ed5
:108b74001800b1af1c00bfaf0f004014258880005f
:108b84003e1b410f000000004c4d028e0b004014b0
:108b9400000000000180023c0c000324644d43ac3f
:108ba400ffff02241c00bf8f1800b18f1400b08f88
:108bb4000800e0032000bd274c4d028e0a00201a55
:108bc400211851002b206200f2ff80140180043c24
:108bd400504d848c2b208300efff80540180023c95
:108be400f0ff00104c4d03ae2b2043000500801411
:108bf4000180043c544d848c2b206400e9ff805098
:108c04004c4d03ae0180023ce4ff00101600032427
:020000040000fa
:020000041d04d9
:108c1400c23d0400ff00e7300080013c24308100a5
:108c2400ffffe924fe00212d0d00201000000000ac
:108c34008003e724404a0400024b09002530c900a0
:108c4400402f0400004d07002530c9002510050001
:108c5400251806000800e0030000000000000000e2
:108c64000000052421208400f6ff8010000000008d
:108c74000900e01400000000ffffe7242120840025
:108c84008000013c2b088100fbff20140000000041
:108c9400e7ff001000000000ff07072400ff013c6d
:108ca400010021342b088100e6ff2014000000009d
:0c8cb400e4ff0010f8ff063c0000000088
:020000040000fa
:020000041d04d9
:108cc000810002241200a2500000c28c8300022402
:108cd0000600a2500000c28c800002241200a210e4
:108ce000251000000800e0030000000004004324f9
:108cf0000000c3ac0400858c0000428c0000848c12
:108d0000000044ac040045ac0800e003010002246c
:108d1000040043240000c3ac0400858c0000428c96
:108d2000f7ff00100000848c0000c28c0400858cca
:108d30000000848c04004324e8ffbd270000c3ac7e
:108d40001000b0af1400bfaf091f410f0000508cde
:108d50001400bf8f000002ae010002241000b08f8b
:088d60000800e0031800bd2724
:020000040000fa
:020000041d04d9
:108d6800e0ffbd271800b1af028d0700ff072532cd
:108d78001400b0af1c00bfaf258080002510c000d4
:108d88000e00a0142520e000059d023c2540c000ef
:108d98002518e000f0a8468cf4a8478c252000018f
:108da800de13410f25286000252060000055637cf4
:108db8000200601000080524c1ff6524c2370200c4
:108dc80040180400401002002518c3001c00bf8f83
:108dd800000002ae00a0637c2000023c251843007e
:108de80000083132ccfba5240c0011ae251000027e
:108df800040003ae080005ae1800b18f1400b08f50
:088e08000800e0032000bd2773
:020000040000fa
:020000041d04d9
:108e1000e0ffbd271800b2af1400b1af1c00bfaf18
:108e20001000b0af2590a000140080140180113c08
:108e3000584d308e0b0000121c00bf8f2520000201
:108e40009820410f25284002218002020000028262
:108e50000c00405425284002584d20ae25800000cb
:108e60001c00bf8f251000021800b28f1400b18fb4
:108e70001000b08f0800e0032000bd27efff0010b6
:108e8000258080006220410f25200002211002026f
:108e90000000438005006010584d22ae01004324bd
:108ea000584d23aeeeff0010000040a0ecff001074
:048eb000584d20ae4b
:020000040000fa
:020000041d04d9
:108eb400756c033cc8ffbd27286e63241800a3af5c
:108ec4006c2903242800b2af2000b0af3400bfaf38
:108ed4003000b4af2c00b3af2400b1af25908000b4
:108ee4002510e0001c00a3a71e00a0a30200c010d0
:108ef4001800b0272580c0000400b18c0800b38c92
:108f0400030040140000b48c1b29410f25200002eb
:108f1400020020062b1822020b1023021000b4af0b
:108f2400253860022528000225204002c91e410f71
:108f3400253040003400bf8f3000b48f2c00b38f35
:108f44002800b28f2400b18f2000b08f0800e00306
:048f54003800bd27fd
:020000040000fa
:020000041d04d9
:108f5800e0ffbd271800b1af1400b0af1c00bfafd1
:108f680025808000258800003c00028e4c00038e7e
:108f78002b18430017006010010043243c0003ae87
:108f8800000042902000032410004310f7ff422401
:108f98000500422cf4ff4054010031264c00028e9b
:108fa800050040101c00bf8f3c00028effff4224ca
:108fb8003c0002ae1c00bf8f251020021400b08fa9
:108fc8001800b18f0800e0032000bd27e6ff00105d
:108fd800010031268022410f25200002ffff0324d3
:108fe800e8ff43141c00bf8ff4ff00102510200277
:020000040000fa
:020000041d04d9
:108ff800d0ffbd271400b0af3800908c1c00b2af72
:109008000001d2242800b5af2400b4af2000b3afcc
:1090180025a8a0002598800025a0c00025280000cc
:1090280025304002252000022c00bfaf5e28410fea
:109038001800b1af01004054239050002b889202d1
:109048000aa0510225308002252800022729410f55
:109058002520a0022c00bf8f2110140221801202ab
:109068003c0062ae400070ae380070ae2510800241
:109078002800b58f2400b48f2000b38f1c00b28f56
:109088001800b18f1400b08f0800e0033000bd272e
:020000040000fa
:020000041d04d9
:1090980003008014251000000800e0030000000011
:1090a8000400828ce0ffbd271800b1af20004230d9
:1090b8001400b0af1c00bfaf258080000b00401427
:1090c8002588a000280000ae180000ae1400201665
:1090d800140000ae251000001c00bf8f1800b18fcf
:1090e8001400b08f0800e0032000bd271400828c14
:1090f8001800838c2b106200f2ff4010253000000e
:109108002c00828c09f84000252800001400038eea
:10911800f1ff6010ffff0224ebff0010280000aef3
:10912800042b410f0000048eecff00101c00bf8fc1
:020000040000fa
:020000041d04d9
:10913800e8ffbd271000b0af1400bfaf4800828021
:10914800ffff432425104300480082a01800838ca9
:109158001400828c2b1062000500401025808000ce
:109168002c00828c2530000009f8400025280000da
:109178000400028e280000ae180000ae0200433042
:1091880008006010140000ae10004234040002ae63
:10919800ffff02241400bf8f1000b08f0800e00307
:1091a8001800bd270800038e0c00048ec000427c06
:1091b8002310020021186400400003aef5ff0010e0
:0491c8003c0003aeb6
:020000040000fa
:020000041d04d9
:1091cc000400828ce0ffbd271800b2af20004230b3
:1091dc001400b1af1000b0af1c00bfaf25808000f1
:1091ec002588a000090040102590c0001400828c36
:1091fc001800838c2b1062000a0040542c00828cc7
:10920c00280000ae180000ae140000ae253040025d
:10921c00252820020928410f2520000208000010f3
:10922c001c00bf8f2530000009f8400025280000e5
:10923c001400038ef2ff6014ffff02241c00bf8f8a
:10924c001800b28f1400b18f1000b08f0800e0032b
:04925c002000bd270a
:020000040000fa
:020000041d04d9
:109260002800828ce0ffbd271800b0af1c00bfaf04
:1092700025808000100040101000a5a31400038e6c
:109280002800028e2b106200140040141000a293dc
:109290002c00028e010006241000a52709f84000ca
:1092a0002520000201000324070043141000a293ac
:1092b000070000101c00bf8f2c28410f0000000089
:1092c000efff40501400038effff02241c00bf8fed
:1092d0001800b08f0800e0032000bd27340004828e
:1092e000ebff441001006424140004aef7ff0010eb
:0492f000000062a078
:020000040000fa
:020000041d04d9
:1092f4000400828ce0ffbd271c00bfaf0001473093
:109304001800b1af1700e0101400b0af1000828c49
:109314002518c0002b88c2000a1851000c006010e8
:1093240025886000258080001400848c2729410f43
:10933400253060001400028e1000038e21105100ad
:1093440023887100140002ae100011ae000040a08a
:109354001c00bf8f1800b18f1400b08f0800e00309
:109364002000bd2710004230faff40541c00bf8f7c
:109374000e29410f00000000f6ff00101c00bf8ff3
:020000040000fa
:020000041d04d9
:10938400c03a0500425504002538ea000080013c3b
:109394002538e1004050050042550a001e04062409
:1093a4002330ca000c00c018000000002000c12cab
:1093b4000200201400000000000007340200a10491
:1093c4000638c70023380700251007000800e0030b
:1093d40000000000000000000200801000000000f7
:1093e4000100a534f07f013c010021342b08a100c9
:1093f4000300201400000000f4ff00100080023c71
:10940400ff7f023cf1ff0010ffff42340000000028
:020000040000fa
:020000041d04d9
:10941400c03a0500425504002538ea000080013caa
:109424002538e1004050050042550a001e04062478
:109434002330ca000c00c004000000002000c12c2e
:109444000200201400000000000007340200a10400
:109454000638c70023380700251007000800e0037a
:109464000000000000000000020080100000000066
:109474000100a534f07f013c010021342b08a10038
:109484000300201400000000f4ff00100080023ce0
:0c949400f2ff0010ffff022400000000a7
:020000040000fa
:020000041d04d9
:1094a000e8ffbd271000b0af1400bfafad22410fe1
:1094b0006804042417004010258040006000062442
:1094c00025280000a029410f25204000059d023cd1
:1094d00090a842242c0002ae059d023ccc8442247c
:1094e000300002ae059d023c108742241c0002aef3
:1094f000059d023c38834224440002aeffff022453
:10950000340002a268000226080002ae0004022411
:109510000c0002ae1400bf8f251000021000b08fa7
:089520000800e0031800bd275c
:020000040000fa
:020000041d04d9
:10952800e0ffbd271400b1af1c00bfaf1800b2aff9
:109538001000b0af0d00a010258800000c00c0502e
:109548001c00bf8f0300842c080080102588c000f1
:109558000000023c000042240b0040102580a000bf
:109568002528c0000000000c252000021c00bf8f29
:10957800251020021800b28f1400b18f1000b08f90
:109588000800e0032000bd272190a6000000048207
:109598008d71400f01001026fcff50161c00bf8f74
:0895a800f4ff00102510200261
:020000040000fa
:020000041d04d9
:1095b0000800e003000000002518e003049d043cbf
:1095c0008087842416008010000000000000858c35
:1095d0001300a010040084240000868c040084245e
:1095e00000008b8404008424059d0c3ce0aa8c259b
:1095f00080580b0021606c0100008c8d09f88001ff
:10960000000000002520400003008424fcff062405
:109610002420c4000000858cecffa0140000000092
:0c96200025f860000800e00300000000d6
:020000040000fa
:020000041d04d9
:10962c001c00c010ffffc8240000a3800100a72469
:10963c00010082240e006010000083a02130a600df
:10964c00060000102128a8000100e724ffffe48099
:10965c0009008010ffff64a0251060002340a700c4
:10966c00f9ffc714010043240800e00300000000c8
:10967c002518400025108000fbff001121206800f8
:10968c0001006324feff8314ffff60a00800e003c9
:0c969c000a1082000800e0032510800086
:020000040000fa
:020000041d04d9
:1096a80020000524000082800d004510f7ff4324a8
:1096b8000500632c0a0060142b0003240a004310e1
:1096c8002d0003240300431425280000010005246d
:1096d8000100842425100000070000100a00072458
:1096e800f0ff001001008424f9ff00102528000075
:1096f800010084242310430000008380d0ff6324ea
:109708000a00662cfaffc054021047700100a050ee
:0c971800231002000800e0030000000025
:020000040000fa
:020000041d04d9
:10972400d8ffbd272000b4af1c00b3af1800b2af00
:109734001400b1af1000b0af2400bfaf25a080006b
:109744002598c0002580a0002588000025900000f1
:109754002a105302090040142400bf8f2510200250
:109764002000b48f1c00b38f1800b28f1400b18f87
:109774001000b08f0800e0032800bd270400068e07
:109784000000058e25208002d61c410f01005226c0
:0c97940021882202eeff001008001026c1
:020000040000fa
:020000041d04d9
:1097a0000000052425480500253805002530040063
:1097b0000c00c010000000000600c1040000000002
:1097c0000080093c2b5005002328050023300600ab
:1097d0002330ca001e0407242040c8702338e80044
:1097e00004300601c24205004055060025400a012a
:1097f0004050060002530a0025482a010055070080
:1098000025482a0125100800251809000800e00352
:08981000000000000000000050
:020000040000fa
:020000041d04d9
:10981800e0ffbd271800b2af259080002520a000ea
:109828001c00bfaf1400b1afe825410f1000b0af66
:10983800059d043cf0ab868cf4ab878c2528600032
:10984800de13410f252040002520400225804000de
:109858004e28410f25886000252040002530000251
:1098680025382002550d410f252860001c00bf8fa8
:109878001800b28f1400b18f1000b08f0800e003f9
:049888002000bd27d8
:020000040000fa
:020000041d00dd
:10011000170080100180073c5c4de28cf0ff8624c4
:10012000150040102540e000f0ff838c0000458c56
:1001300021488300070049141000a5241000428cb8
:1001400021186500f0ff83ac000082ac0800e003da
:100150005c4de6ac213845000300c714211865004a
:100160000800e003000043ac000082ac5c4d06ad2b
:100170000800e00300000000fcff0010000080ac5d
:020000040000fa
:020000041d00dd
:10019000d8ffbd272000b1af1c00b0af2588a0005c
:1001a0000c00d08c2528c0002400bfaf381c410fa4
:1001b0002530e000ffff03240c004310252000023f
:1001c0000a0006245329410f1000a527000022ae83
:1001d0001000a28f040023aefeff0424261050005e
:1001e000010003240a188200251060002400bf8f3c
:1001f0002000b18f1c00b08f0800e0032800bd274d
:020000040000fa
:020000041d04d9
:10988c00d8ffbd272000b1af1c00b0af2588a000c9
:10989c000c00d08c2528c0002400bfaf381c410f11
:1098ac002530e000ffff03240c00431025200002ac
:1098bc000a0006244829410f1000a527000022aefb
:1098cc001000a28f040023aefeff042426105000cb
:1098dc00010003240a188200251060002400bf8fa9
:1098ec002000b18f1c00b08f0800e0032800bd27ba
:020000040000fa
:020000041d04d9
:1098fc000000a28c200003240000428004004310ce
:10990c00f7ff42240500432c1300601025100000c3
:10991c00e8ffbd271000b0af1400bfafd623410f36
:10992c002580a000200004240000038e0100652483
:10993c00000005ae01006380fbff6410f7ff632499
:10994c000500632cf8ff60141400bf8f1000b08f5b
:10995c000800e0031800bd270800e0030000000029
:020000040000fa
:020000041d04d9
:10996c000400a28ce8ffbd27200042300600401402
:10997c001400bfaff526410f000000001400bf8f8c
:10998c000800e0031800bd2725308000ff0082305e
:10999c003400a480090082102518a0001400a48ca7
:1099ac002800a58c2b2885000400a010010085241c
:1099bc00140065acf1ff0010000086a02528c00043
:1099cc009824410f25206000edff00101400bf8f7c
:020000040000fa
:020000041d04d9
:1099dc0080ffbd277800b2af7400b1af7000b0af9c
:1099ec002588a000258080002590c0001000a427a9
:1099fc00600006247c00bfafa029410f2528000081
:109a0c00059d023cbca94224253040022528200299
:109a1c001000a4271800b0af4800b0afaa28410f1f
:109a2c005400a2af7c00bf8f7800b28f7400b18f4e
:0c9a3c007000b08f0800e0038000bd2720
:020000040000fa
:020000041d04d9
:109a4800200003240b20a5000b180500022c04009d
:109a58000400a014021205001000633425288000b9
:109a680002120500040040140221020008006334b9
:109a78002510a00002210200040080548210040076
:109a88000400633425204000821004000400405480
:109a980042100200020063342510800042100200c8
:0c9aa800010042380800e00325104300d4
:020000040000fa
:020000041d04d9
:109ab4000000848ce8ffbd271000b0af2530a00063
:109ac4002580a0001400bfafa914410f2528000071
:109ad400090041040180023c4f000324644d43ac5f
:109ae400258000001400bf8f251000021000b08fe5
:109af4000800e0031800bd27049d023cece042246a
:109b0400200000ae240000aef6ff0010280002aed4
:020000040000fa
:020000041d04d9
:109b14001000828ce0ffbd271800b1af2b88c20073
:109b24000a3051001c00bfaf0c00c0101400b0afcd
:109b3400258080001400848c2729410f2588c000cb
:109b44001400028e1000068e211051002388d100cb
:109b5400140002ae100011ae000040a01c00bf8f24
:109b64001800b18f1400b08f0800e0032000bd2757
:020000040000fa
:020000041d04d9
:109b7400e0ffbd271000b0af0280a6701800b2af9e
:109b84002590c0001400b1af0a9005002588a000fc
:109b9400252880002520e0001c00bfaf0e29410fbe
:109ba40025300002040002121c00bf8f1b0051006c
:109bb400f401200212900000251040021400b18f1d
:109bc4001800b28f1000b08f0800e0032000bd27fa
:020000040000fa
:020000041d04d9
:109bd4000400a28ce0ffbd27ff0083300001423067
:109be4001c00bfaf0a0040101000a3a31400a28cf5
:109bf400ff008430010046241400a6ac000043a0fa
:109c04001c00bf8f251080000800e0032000bd2742
:109c14002520a000010006240e29410f1000a527cd
:109c2400f7ff4010ffff0424f5ff00101000a49379
:020000040000fa
:020000041d04d9
:109c3400e8ffbd271000b0af1400bfafad22410f45
:109c4400380004240d00401025804000380006240c
:109c540025280000a029410f25204000059d023c35
:109c640090a842242c0002ae059d023ccc914224d3
:109c7400300002aeffff0224340002a21400bf8fa2
:109c8400251000021000b08f0800e0031800bd2763
:020000040000fa
:020000041d04d9
:109c94000080013c12008010243081000200810405
:109ca40000000000232004009e0005242038877053
:109cb4002328a7000420e400800084248000882c4a
:109cc4002128a80003420400010008312320880051
:109cd4004020040042220400c045050025208800dd
:109ce400251086000800e0030000000000000000ca
:020000040000fa
:020000041d04d9
:109cf400e0ffbd271800b1af1400b0af009d113cc8
:109d0400009d103c1c00bfafb8031026b8033126d9
:109d14002b10300208004014fcff1026e02a410feb
:109d2400000000001c00bf8f1800b18f1400b08f1a
:109d34000800e0032000bd270000028e09f840005f
:0c9d440000000000f3ff00102b103002a4
:020000040000fa
:020000041d04d9
:109d5000e0ffbd271c00bfaf1800b2af1400b1afc9
:109d60001000b0af2590a0001b29410f258880006e
:109d7000253040002538400225202002010005241e
:109d8000dd26410f258040001c00bf8f26105000ab
:109d90002b100200231002001800b28f1400b18fa4
:0c9da0001000b08f0800e0032000bd2779
:020000040000fa
:020000041d04d9
:109dac00059d063c25100000b0aac62440180200f0
:109dbc0021186600000067800300e0540000858cc9
:109dcc000800e00301006290010042240000a8801a
:109ddc0004000715ff004230010062900100a52429
:109dec00000085ac0b00432cf1ff601440180200fe
:089dfc000800e0030000000074
:020000040000fa
:020000041d04d9
:109e04000000043ce8ffbd27000084240300801008
:109e14001400bfaf09f88000000000000000843087
:109e24000000a530049d083c0caf082509f800018a
:109e3400000000000000023c000042240300401027
:109e44000000000009f8400000000000f9ff0010c5
:049e5400000000000a
:020000040000fa
:020000041d04d9
:109e5800e0ffbd271800b0af1c00bfaf4e24410f74
:109e680025808000060040504400028effff022437
:109e78001c00bf8f1800b08f0800e0032000bd272a
:109e8800010006241000a52709f84000252000023b
:109e980001000324f5ff43141000a293f5ff0010fe
:049ea8001c00bf8f4c
:020000040000fa
:020000041d04d9
:109eac008000a32810006014251000008200a32855
:109ebc0003006014830003240b00a31400000000b3
:109ecc000000c28c070042240410027c08004324ca
:109edc000000c3ac0400438c0000428c040083ac33
:109eec00000082ac010002240800e0030000000026
:020000040000fa
:020000041d04d9
:109efc00e8ffbd271000b0af0080103cbc00028e04
:109f0c001400bfaf5427410f0000458c06004004dd
:109f1c0001000324bc00028e0a000424762a410f9f
:109f2c000000458cc21f02001400bf8f23100300d9
:0c9f3c001000b08f0800e0031800bd27e3
:020000040000fa
:020000041d04d9
:109f4800e8ffbd271400bfaff02a410f0000000052
:109f58000180023c604d448cf328410f2528000005
:109f68000180023c904a448cf328410f25280000c8
:109f78000180023c604d448cf328410f25280000e5
:0c9f88001400bf8f0800e0031800bd2784
:020000040000fa
:020000041d04d9
:109f9400e8ffbd270c0081041400bfaf251080002a
:109fa40042100200010084302527410f2520820041
:109fb400252840008617410f252040001400bf8f3c
:109fc4000800e0031800bd272527410f000000000a
:089fd400fbff00101400bf8f19
:020000040000fa
:020000041d04d9
:109fdc000400828c020046300400c01425180000d6
:109fec004000838c3c00868c231866001400878c00
:109ffc001800868c2320e600211883000000a3acf7
:10a00c004000433002006010251000002b10c700e8
:08a01c000800e0030000000051
:020000040000fa
:020000041d04d9
:10a02400e8ffbd271000b0af258080000000848cbd
:10a034001400bfaf022b410f0000000005004004d4
:10a04400ffff03240400028e25180000c418027cbc
:10a05400040002ae1400bf8f251060001000b08f02
:08a064000800e0031800bd270d
:020000040000fa
:020000041d04d9
:10a06c0000606041c000000099aa033c80bf023c24
:10a07c0055666324300040ac300043ac6655033c5d
:10a08c00aa996334300043ac80bf023c0100032426
:10a09c00581243ac80bf023c5012428c1d28410b1d
:04a0ac0000000000b0
:020000040000fa
:020000041d04d9
:10a0b000e8ffbd271000b0af1400bfaf8c28410fe0
:10a0c00025808000080040141400bf8f0800038e14
:10a0d0000c00048e180003ae140003ae21186400b7
:10a0e000280003ae1400bf8f1000b08f0800e003fb
:04a0f0001800bd2770
:020000040000fa
:020000041d04d9
:10a0f4000180023c4c4d438ce8ffbd271000b0affb
:10a104001400bfaf03006014258040003e1b410fc4
:10a11400000000000180023c504d438c1400bf8fae
:10a124004c4d028e1000b08f1800bd270800e003cc
:04a134002310620092
:020000040000fa
:020000041d04d9
:10a13800e8ffbd271000b0af1400bfafe825410ffe
:10a14800258080000600010625286000059d043c46
:10a1580068ab868c6cab878c550d410f2520400071
:10a168001400bf8f1000b08f0800e0031800bd274f
:020000040000fa
:020000041d04d9
:10a178000b00c010ff00a530000082900a004510b7
:10a1880021308600040000100100842406004510d8
:10a198000000000001008424fcffc45400008290e9
:10a1a8000800e003251000000800e00325108000e7
:020000040000fa
:020000041d04d9
:10a1b8000000848c03008104251000000800e003df
:10a1c80000000000e8ffbd271400bfafd922410fef
:10a1d80000000000ffff0324010043502510000089
:0ca1e8001400bf8f0800e0031800bd2722
:020000040000fa
:020000041d04d9
:10a1f4000080023cbc00428ce0ffbd272400a5afd8
:10a204002800a6af2c00a7af252880000000448cae
:10a214002400a6271c00bfaf9b28410f1000a6af47
:0ca224001c00bf8f0800e0032000bd27d5
:020000040000fa
:020000041d04d9
:10a2300048008280ffff432425104300480082a08d
:10a240000400828c0400433005006050400080ac64
:10a2500010004234040082ac0800e003ffff022437
:0ca260003c0080ac0800e003251000006a
:020000040000fa
:020000041d04d9
:10a26c00e0ffbd271800b0af1000a6af258080001e
:10a27c001c00bfafb502410f1000a6270400038ecf
:10a28c001c00bf8fffff0424100063300b108300f1
:0ca29c001800b08f0800e0032000bd2770
:020000040000fa
:020000041d04d9
:10a2a800e0ffbd271800b0af1000a6af25808000e2
:10a2b8001c00bfaff6fb400f1000a6270400038e5a
:10a2c8001c00bf8fffff0424100063300b108300b5
:0ca2d8001800b08f0800e0032000bd2734
:020000040000fa
:020000041d04d9
:10a2e4000800c010251080002000032423186600f5
:10a2f4000600601c0620c500252000000610c500cd
:10a30400252880000800e0032518a0000610c200dc
:10a3140004286500faff0010251045000800c0104d
:10a324002510800020000424232086000600805c81
:10a334000418c200251800000428c200251060007b
:10a344000800e0032518a0000428c50006108200b8
:08a35400faff00102528a20009
:020000040000fa
:020000041d04d9
:10a35c00251800000a00c310000000002110830023
:10a36c00010063242138a30000004290ffffe79016
:10a37c00f8ff4710231047000800e003000000001e
:08a38c000800e00325100000a9
:020000040000fa
:020000041d04d9
:10a39400e8ffbd271400bfaf1000b0af1c00a5af8d
:10a3a4001b29410f258080001c00a58faa29410f7d
:10a3b400212002021400bf8f251000021000b08f6c
:08a3c4000800e0031800bd27aa
:020000040000fa
:020000041d04d9
:10a3cc000b008010251000001c00838c080060100e
:10a3dc0000000000e8ffbd271400bfaf09f86000c3
:10a3ec00000000001400bf8f0800e0031800bd2718
:08a3fc000800e003000000006e
:020000040000fa
:020000041d04d9
:10a40400e8ffbd271400bfaf6400400f0000000048
:10a41400d916410f00000000e71b410f00000000a7
:10a424002326410f000000001400bf8f0800e00342
:04a434001800bd2728
:020000040000fa
:020000041d04d9
:10a438002c00838ce8ffbd27060060101400bfaf16
:10a4480009f86000000000001400bf8f0800e00356
:10a458001800bd274a25410f0000848cfbff00101f
:04a468001400bf8f8e
:020000040000fa
:020000041d04d9
:10a46c0000008280080040100000000025108000d1
:10a47c000100422400004380feff6054010042248e
:10a48c000800e003231044000800e003251000003e
:020000040000fa
:020000041d04d9
:10a49c000800c0102510800021308600251880008f
:10a4ac000100a524ffffa79001006324fcff6614a4
:0ca4bc00ffff67a00800e00300000000a4
:020000040000fa
:020000041d04d9
:10a4c800000082800000a38003004314ff00633073
:10a4d8000400405401008424ff0042300800e003d7
:0ca4e80023104300f6ff00100100a52423
:020000040000fa
:020000041d04d9
:10a4f400e8ffbd271800a4af1400bfafe02a410f46
:10a50400000000003d27410f00000000d227410f4a
:0ca5140000000000bd2a410f1800a48fb9
:020000040000fa
:020000041d04d9
:10a52000e0ffbd27ffff0224ffff03241000a2afbe
:10a530001400a3af1c00bfaf5222410f0000000067
:0ca540001c00bf8f0800e0032000bd27b6
:020000040000fa
:020000041d04d9
:10a54c00e0ffbd27251000000080033c1000a2afe7
:10a55c001400a3af1c00bfaf5222410f000000003b
:0ca56c001c00bf8f0800e0032000bd278a
:020000040000fa
:020000041d04d9
:10a57800e0ffbd27ffff0224251800001000a2af4e
:10a588001400a3af1c00bfaf5222410f000000000f
:0ca598001c00bf8f0800e0032000bd275e
:020000040000fa
:020000041d04d9
:10a5a400e0ffbd270080023c251800001000a2af88
:10a5b4001400a3af1c00bfaf5222410f00000000e3
:0ca5c4001c00bf8f0800e0032000bd2732
:020000040000fa
:020000041d04d9
:10a5d0004000838c3c00868c500085ac23106600c4
:10a5e0000400a010540082ac2a10a20001004054c4
:0ca5f0002118c5000800e0034c0083acfb
:020000040000fa
:020000041d04d9
:10a5fc001400878c1800868c0400838c2310e600d2
:10a60c00400063300000a2ac020060102510000076
:0ca61c002b10c7000800e0030000000045
:020000040000fa
:020000041d04d9
:10a62800e8ffbd271400bfaf1c2a410f000000003f
:10a63800f82a410f00000000f82a410f000000002e
:0ca648001400bf8f0800e0031800bd27bd
:020000040000fa
:020000041d04d9
:10a654000180043c344d822401000324080043acef
:10a664000180033c704d6324344d83ac0200033cf1
:0ca6740000c263240800e003040043acb3
:020000040000fa
:020000041d04d9
:10a680000700c01025108000202c057c213086009a
:10a690002518800001006324feff6614ffff65a0fb
:08a6a0000800e00300000000c7
:020000040000fa
:020000041d04d9
:10a6a800e8ffbd271000b0af1400bfafbe29410faf
:10a6b800258080001400bf8f251000021000b08f85
:08a6c8000800e0031800bd27a3
:020000040000fa
:020000041d04d9
:10a6d000e8ffbd271000b0af1400bfaf8b25410fbe
:10a6e000258080001400bf8f251000021000b08f5d
:08a6f0000800e0031800bd277b
:020000040000fa
:020000041d04d9
:10a6f80002000010251080002510c0000100a524cc
:10a70800ffffa38001004624fbff6014ffffc3a0e6
:08a718000800e003000000004e
:020000040000fa
:020000041d04d9
:10a720000180033c5c4d668c0500c01425100000c0
:10a730005c4d64ac100080ac000085ac01000224cc
:08a740000800e0030000000026
:020000040000fa
:020000041d04d9
:10a74800e0ffbd272800a6af2800a6271c00bfaf42
:10a758002c00a7af7726410f1000a6af1c00bf8fb3
:08a768000800e0032000bd27fa
:020000040000fa
:020000041d04d9
:10a77000e0ffbd272800a6af2800a6271c00bfaf1a
:10a780002c00a7afe629410f1000a6af1c00bf8f19
:08a790000800e0032000bd27d2
:020000040000fa
:020000041d04d9
:10a798002538c0002530a000ff7f053ce8ffbd2715
:10a7a8001400bfaf9421410fffffa5341400bf8fe1
:08a7b8000800e0031800bd27b2
:020000040000fa
:020000041d04d9
:10a7c000000000000000f03f000000000000e03f3b
:10a7d0000000000000005043000000000000b03ff7
:08a7e000000000000000204011
:020000040000fa
:020000041d04d9
:10a7e8000080023cbc00428ce8ffbd271400bfafcc
:10a7f800762a410f0000458c1400bf8f0800e00343
:04a808001800bd2750
:020000040000fa
:020000041d04d9
:10a80c00d0ff83240a00632c04006014010002248e
:10a81c00200084349fff82240600422c0800e003b1
:04a82c000000000028
:020000040000fa
:020000041d04d9
:10a830000180053ce8ffbd271400bfafad26410fe6
:10a84000e04ca5241400bf8f0800e0031800bd27ca
:020000040000fa
:020000041d04d9
:10a850000000848ce8ffbd271400bfaf4a25410fdc
:10a86000000000001400bf8f0800e0031800bd279f
:020000040000fa
:020000041d04d9
:10a870000180023c984a42240180033c944a62ac25
:10a880000180033c904a62ac0800e0030000000035
:020000040000fa
:020000041d04d9
:10a890000000848ce8ffbd271400bfaf4a25410f9c
:10a8a000000000001400bf8f0800e0031800bd275f
:020000040000fa
:020000041d04d9
:10a8b000000000000000f03f000000000000244005
:10a8c00000000000000050430000000000001440a1
:020000040000fa
:020000041d04d9
:10a8d0003000828ce8ffbd271400bfaf09f84000ac
:10a8e000000000001400bf8f0800e0031800bd271f
:020000040000fa
:020000041d04d9
:10a8f000000000000000e043000000000000e0c392
:10a90000000000f0ffff1f34000000000000f0070f
:020000040000fa
:020000041d04d9
:10a9100000008c90ffffc624010084240000aca03e
:10a92000fbffc0140100a5240800e00325108000ef
:020000040000fa
:020000041d04d9
:10a93000e8ffbd271400bfaf5329410f00000000fe
:0ca940001400bf8f0800e0031800bd27c2
:020000040000fa
:020000041d04d9
:10a94c00e8ffbd271400bfaf4829410f00000000ed
:0ca95c001400bf8f0800e0031800bd27a6
:020000040000fa
:020000041d04d9
:10a96800e8ffbd271400bfaf032a410f0000000015
:0ca978001400bf8f0800e0031800bd278a
:020000040000fa
:020000041d04d9
:10a98400bfff83241a00632c02006010251080008e
:0ca99400200082340800e00300000000f6
:020000040000fa
:020000041d04d9
:10a9a000e8ffbd271400bfaf612a410f000000007f
:0ca9b0001400bf8f0800e0031800bd2752
:020000040000fa
:020000041d04d9
:10a9bc00e8ffbd271400bfaffe23410f00000000cd
:0ca9cc001400bf8f0800e0031800bd2736
:020000040000fa
:020000041d04d9
:10a9d800e8ffbd271400bfaf5b26410f0000000051
:0ca9e8001400bf8f0800e0031800bd271a
:020000040000fa
:020000041d04d9
:10a9f400e8ffbd271400bfafd227410f00000000bd
:0caa04001400bf8f0800e0031800bd27fd
:020000040000fa
:020000041d04d9
:10aa1000e8ffbd271400bfaf2825410f000000004c
:0caa20001400bf8f0800e0031800bd27e1
:020000040000fa
:020000041d04d9
:10aa2c00e8ffbd271400bfaff727410f000000005f
:0caa3c001400bf8f0800e0031800bd27c5
:020000040000fa
:020000041d04d9
:10aa48009fff83241a00632c0200601025108000e9
:0caa58005f0082300800e00300000000f6
:020000040000fa
:020000041d04d9
:10aa6400e8ffbd271400bfaf922a410f0000000089
:0caa74001400bf8f0800e0031800bd278d
:020000040000fa
:020000041d04d9
:10aa80000000200201000003000000000b0800008d
:08aa90000100000000000000bd
:020000040000fa
:020000041d04d9
:10aa980000601a40bfff1b3cffff7b3724d05b03dd
:08aaa80000609a401800004212
:020000040000fa
:020000041d04d9
:10aab00068076c094c836a9074a07ac0008068882b
:08aac00000846c82008100009b
:020000040000fa
:020000041d04d9
:10aac800ffffc6240000a0a0fdffc0140100a524bc
:08aad8000800e00325108000d6
:020000040000fa
:020000041d04d9
:10aae000c8aa049d10a9049db095049db095049d2d
:04aaf000b095049d7c
:020000040000fa
:020000041d04d9
:10aaf400e8ffbd271400bfaf002b410f000000008a
:020000040000fa
:020000041d04d9
:10ab0400494e4600696e66004e414e006e616e000d
:10ab1400494e4600696e66004e414e006e616e00fd
:020000040000fa
:020000041d04d9
:10ab2800000000000000e07f00000000000060035b
:020000040000fa
:020000041d04d9
:0cab3800286e696c290000002500000058
:020000040000fa
:020000041d04d9
:0cab44001f1e1f1e1f1f1e1f1e1f1f1d97
:020000040000fa
:020000041d04d9
:0cab50000180023c0800e003f84a4224a7
:020000040000fa
:020000041d04d9
:0cab5c000180023c0800e003584b42243a
:020000040000fa
:020000041d04d9
:08ab6800000000000000f041b4
:020000040000fa
:020000041d04d9
:08ab70000800e00300000000f2
:020000040000fa
:020000041d04d9
:08ab78000800e00300000000ea
:020000040000fa
:020000041d04d9
:08ab80000800e00300000000e2
:020000040000fa
:020000041d04d9
:08ab88000800e00325100000a5
:020000040000fa
:020000041d04d9
:08ab90000800e003251000009d
:020000040000fa
:020000041d04d9
:08ab98000800e0032510000095
:020000040000fa
:020000041d04d9
:08aba0000800e003251000008d
:020000040000fa
:020000041d04d9
:08aba8000800e0032510000085
:020000040000fa
:020000041d04d9
:10abb0000800e003251000000800e003000000008a
:020000040000fa
:020000041d04d9
:08abc0000800e00300000000a2
:020000040000fa
:020000041d04d9
:08abc8000800e0032510000065
:020000040000fa
:020000041d04d9
:10abd0000800e003000000000800e003251000006a
:020000040000fa
:020000041d04d9
:10abe0000800e003000000000800e003251000005a
:020000040000fa
:020000041d04d9
:08abf000000000000000f0412c
:020000040000fa
:020000041d04d9
:08abf8000800e00380000224c4
:020000040000fa
:020000041d04d9
:08ac0000ffff0010000000003e
:020000040000fa
:020000041d04d9
:08ac08000800e0032510000024
:020000040000fa
:020000041d04d9
:08ac10000800e003251000001c
:020000040000fa
:020000041d03da
:04e0ec00474d540048
:00000001FF
